"id","locationId","locationName","type","description","messageDate","date","amount","balance","totalBalance","creditsUsed","originalAmount","discountAmount"
"689559492c0b0b7167a234af","rsdW1sEFWbzzULIapmdQ","Platinum Victory","Workflow - Premium Features","Workflow - Premium Features (inbound_webhook)","-","Aug 8th 2025, 09:56:25 AM",0.01,"263.861020","263.861020","0.000000",0.01,0
"689557105a5bbc556ad6b01a","tCDIsdPF3Em8dZW3fc0B","MKH Berhad","Workflow - Premium Features","Workflow - Premium Features (inbound_webhook)","-","Aug 8th 2025, 09:46:57 AM",0.01,"263.871020","263.871020","0.000000",0.01,0
"68955710d7a37b5536365bd5","tCDIsdPF3Em8dZW3fc0B","MKH Berhad","Workflow - Premium Features","Workflow - Premium Features (inbound_webhook)","-","Aug 8th 2025, 09:46:56 AM",0.01,"263.881020","263.881020","0.000000",0.01,0
"68955707e6c112437fc5d286","tCDIsdPF3Em8dZW3fc0B","MKH Berhad","Workflow - Premium Features","Workflow - Premium Features (inbound_webhook)","-","Aug 8th 2025, 09:46:48 AM",0.01,"263.891020","263.891020","0.000000",0.01,0
"68955707073c32215aaa3b44","tCDIsdPF3Em8dZW3fc0B","MKH Berhad","Workflow - Premium Features","Workflow - Premium Features (inbound_webhook)","-","Aug 8th 2025, 09:46:47 AM",0.01,"263.901020","263.901020","0.000000",0.01,0
"689556a197a4b256d8471b9c","tCDIsdPF3Em8dZW3fc0B","MKH Berhad","Workflow - Premium Features","Workflow - Premium Features (inbound_webhook)","-","Aug 8th 2025, 09:45:05 AM",0.01,"263.911020","263.911020","0.000000",0.01,0
"689556a05a5bbc10f8d6763b","tCDIsdPF3Em8dZW3fc0B","MKH Berhad","Workflow - Premium Features","Workflow - Premium Features (inbound_webhook)","-","Aug 8th 2025, 09:45:05 AM",0.01,"263.921020","263.921020","0.000000",0.01,0
"68955636b356b877351ceb7a","tCDIsdPF3Em8dZW3fc0B","MKH Berhad","Workflow - Premium Features","Workflow - Premium Features (inbound_webhook)","-","Aug 8th 2025, 09:43:30 AM",0.01,"263.931020","263.931020","0.000000",0.01,0
"68955636b356b837071ceb60","tCDIsdPF3Em8dZW3fc0B","MKH Berhad","Workflow - Premium Features","Workflow - Premium Features (inbound_webhook)","-","Aug 8th 2025, 09:43:30 AM",0.01,"263.941020","263.941020","0.000000",0.01,0
"689555e140bb32e8e2de5c1f","tCDIsdPF3Em8dZW3fc0B","MKH Berhad","Workflow - Premium Features","Workflow - Premium Features (inbound_webhook)","-","Aug 8th 2025, 09:41:53 AM",0.01,"263.951020","263.951020","0.000000",0.01,0
"689555e197a4b246bb46ce75","tCDIsdPF3Em8dZW3fc0B","MKH Berhad","Workflow - Premium Features","Workflow - Premium Features (inbound_webhook)","-","Aug 8th 2025, 09:41:53 AM",0.01,"263.961020","263.961020","0.000000",0.01,0
"68955563d95b0b2229f93324","tCDIsdPF3Em8dZW3fc0B","MKH Berhad","Workflow - Premium Features","Workflow - Premium Features (inbound_webhook)","-","Aug 8th 2025, 09:39:47 AM",0.01,"263.971020","263.971020","0.000000",0.01,0
"68955563193b39b034b66992","tCDIsdPF3Em8dZW3fc0B","MKH Berhad","Workflow - Premium Features","Workflow - Premium Features (inbound_webhook)","-","Aug 8th 2025, 09:39:47 AM",0.01,"263.981020","263.981020","0.000000",0.01,0
"68955508d95b0b15f3f90820","tCDIsdPF3Em8dZW3fc0B","MKH Berhad","Workflow - Premium Features","Workflow - Premium Features (inbound_webhook)","-","Aug 8th 2025, 09:38:17 AM",0.01,"263.991020","263.991020","0.000000",0.01,0
"6895550897a4b268e1466fa8","tCDIsdPF3Em8dZW3fc0B","MKH Berhad","Workflow - Premium Features","Workflow - Premium Features (inbound_webhook)","-","Aug 8th 2025, 09:38:16 AM",0.01,"264.001020","264.001020","0.000000",0.01,0
"68955502193b390127b63f1a","tCDIsdPF3Em8dZW3fc0B","MKH Berhad","Workflow - Premium Features","Workflow - Premium Features (inbound_webhook)","-","Aug 8th 2025, 09:38:10 AM",0.01,"264.011020","264.011020","0.000000",0.01,0
"6895550297a4b252e1466cb4","tCDIsdPF3Em8dZW3fc0B","MKH Berhad","Workflow - Premium Features","Workflow - Premium Features (inbound_webhook)","-","Aug 8th 2025, 09:38:10 AM",0.01,"264.021020","264.021020","0.000000",0.01,0
"6895543bcdecb86a04a6eacb","tCDIsdPF3Em8dZW3fc0B","MKH Berhad","Workflow - Premium Features","Workflow - Premium Features (inbound_webhook)","-","Aug 8th 2025, 09:34:52 AM",0.01,"264.031020","264.031020","0.000000",0.01,0
"6895543bcdecb80305a6eab7","tCDIsdPF3Em8dZW3fc0B","MKH Berhad","Workflow - Premium Features","Workflow - Premium Features (inbound_webhook)","-","Aug 8th 2025, 09:34:52 AM",0.01,"264.041020","264.041020","0.000000",0.01,0
"68955432d95b0b9e9df89ab4","tCDIsdPF3Em8dZW3fc0B","MKH Berhad","Workflow - Premium Features","Workflow - Premium Features (inbound_webhook)","-","Aug 8th 2025, 09:34:43 AM",0.01,"264.051020","264.051020","0.000000",0.01,0
"6895543297a4b2d378460635","tCDIsdPF3Em8dZW3fc0B","MKH Berhad","Workflow - Premium Features","Workflow - Premium Features (inbound_webhook)","-","Aug 8th 2025, 09:34:42 AM",0.01,"264.061020","264.061020","0.000000",0.01,0
"68955378b925cb032647fd9e","tCDIsdPF3Em8dZW3fc0B","MKH Berhad","Workflow - Premium Features","Workflow - Premium Features (inbound_webhook)","-","Aug 8th 2025, 09:31:36 AM",0.01,"264.071020","264.071020","0.000000",0.01,0
"6895537746d1f239124c8727","tCDIsdPF3Em8dZW3fc0B","MKH Berhad","Workflow - Premium Features","Workflow - Premium Features (inbound_webhook)","-","Aug 8th 2025, 09:31:35 AM",0.01,"264.081020","264.081020","0.000000",0.01,0
"68954f64b356b811da199ece","tCDIsdPF3Em8dZW3fc0B","MKH Berhad","Workflow - Premium Features","Workflow - Premium Features (inbound_webhook)","-","Aug 8th 2025, 09:14:12 AM",0.01,"264.091020","264.091020","0.000000",0.01,0
"68954f6497a4b225f7439dfc","tCDIsdPF3Em8dZW3fc0B","MKH Berhad","Workflow - Premium Features","Workflow - Premium Features (inbound_webhook)","-","Aug 8th 2025, 09:14:12 AM",0.01,"264.101020","264.101020","0.000000",0.01,0
"689549eb5a5bbc1bd5cfedd7","05h0PSv7qslciXXdmieo","Sunsuria Berhad (HQ)","Workflow - Premium Features","Workflow - Premium Features (inbound_webhook)","-","Aug 8th 2025, 08:50:51 AM",0.01,"264.111020","264.111020","0.000000",0.01,0
"689549bd46d1f204fb476c48","tCDIsdPF3Em8dZW3fc0B","MKH Berhad","Workflow - Premium Features","Workflow - Premium Features (inbound_webhook)","-","Aug 8th 2025, 08:50:06 AM",0.01,"264.121020","264.121020","0.000000",0.01,0
"689549bd46d1f20617476c2d","tCDIsdPF3Em8dZW3fc0B","MKH Berhad","Workflow - Premium Features","Workflow - Premium Features (inbound_webhook)","-","Aug 8th 2025, 08:50:06 AM",0.01,"264.131020","264.131020","0.000000",0.01,0
"689549312c0b0b0e7a99d7ec","05h0PSv7qslciXXdmieo","Sunsuria Berhad (HQ)","Workflow - Premium Features","Workflow - Premium Features (inbound_webhook)","-","Aug 8th 2025, 08:47:46 AM",0.01,"264.141020","264.141020","0.000000",0.01,0
"6895481c5a5bbc6a4cceeee9",,,"Email Notifications","EmailNotification ref: 6895481ba66fad0572420749","-","Aug 8th 2025, 08:43:08 AM",0.015525,"264.151020","264.151020","0.000000",0.015525,0
"68953eb95a5bbc552fc77a2e","yislM4BFwd5JtlwXtKZM","JM Motor Venture (authorized Honda 3S dealer)","WhatsApp Marketing Messages","whatsapp_marketing_message ref: wamid.HBgLNjAxNzQwMTE2NzgVAgARGBJBMzU5RTczMTMzNTYwNzEzOTYA","-","Aug 8th 2025, 08:03:06 AM",0.0903,"264.166545","264.166545","0.000000",0.0903,0
"68953ea7cdecb8462a98d9a5","UH6LDXjqUpp906LIRgXJ","Honda Butterworth - Formula Venture Sdn Bhd","WhatsApp Marketing Messages","whatsapp_marketing_message ref: wamid.HBgLNjAxNjQxMjk1MDYVAgARGBJCNTdFNkYyQzYyMEIyNzVFRTkA","-","Aug 8th 2025, 08:02:47 AM",0.0903,"264.256845","264.256845","0.000000",0.0903,0
"68953ea7193b396518a7c14f","UH6LDXjqUpp906LIRgXJ","Honda Butterworth - Formula Venture Sdn Bhd","WhatsApp Marketing Messages","whatsapp_marketing_message ref: wamid.HBgLNjAxMjQzNjgzODYVAgARGBI2NEQ5QzgzMjZERkE3NUQ2RUEA","-","Aug 8th 2025, 08:02:47 AM",0.0903,"264.347145","264.347145","0.000000",0.0903,0
"68953ea6e6c11259a6b68c77","UH6LDXjqUpp906LIRgXJ","Honda Butterworth - Formula Venture Sdn Bhd","WhatsApp Marketing Messages","whatsapp_marketing_message ref: wamid.HBgLNjAxMjY1ODk2NzgVAgARGBI4RjJFMUU4ODFGMjUwMTBGNjIA","-","Aug 8th 2025, 08:02:47 AM",0.0903,"264.437445","264.437445","0.000000",0.0903,0
"68953ea5b356b85f1a0dfa3e","UH6LDXjqUpp906LIRgXJ","Honda Butterworth - Formula Venture Sdn Bhd","WhatsApp Marketing Messages","whatsapp_marketing_message ref: wamid.HBgLNjAxNzQzNzA3MjYVAgARGBJGNEI2QjZCQTdCOTQwQjUxN0EA","-","Aug 8th 2025, 08:02:46 AM",0.0903,"264.527745","264.527745","0.000000",0.0903,0
"68953ea5b925cb1e2c3a6859","UH6LDXjqUpp906LIRgXJ","Honda Butterworth - Formula Venture Sdn Bhd","WhatsApp Marketing Messages","whatsapp_marketing_message ref: wamid.HBgLNjAxMjQwNjc0NzUVAgARGBJDQjNEOTQwRUNDRjI1NDA1QjYA","-","Aug 8th 2025, 08:02:46 AM",0.0903,"264.618045","264.618045","0.000000",0.0903,0
"68953ea5e6c1121e92b68a1f","UH6LDXjqUpp906LIRgXJ","Honda Butterworth - Formula Venture Sdn Bhd","WhatsApp Marketing Messages","whatsapp_marketing_message ref: wamid.HBgLNjAxMDQ0MDc3MzIVAgARGBI3NkNEMEE1NkI3OEQzRjU5MEYA","-","Aug 8th 2025, 08:02:46 AM",0.0903,"264.708345","264.708345","0.000000",0.0903,0
"68953ea5d95b0bba63ea840d","UH6LDXjqUpp906LIRgXJ","Honda Butterworth - Formula Venture Sdn Bhd","WhatsApp Marketing Messages","whatsapp_marketing_message ref: wamid.HBgMNjAxMTMyMTc2MDQwFQIAERgSQkM1OEY2NzlCOEUwNkVBMTc0AA==","-","Aug 8th 2025, 08:02:45 AM",0.0903,"264.798645","264.798645","0.000000",0.0903,0
"68953bc2073c32f0c59844b1","tCDIsdPF3Em8dZW3fc0B","MKH Berhad","Workflow - Premium Features","Workflow - Premium Features (inbound_webhook)","-","Aug 8th 2025, 07:50:26 AM",0.01,"264.888945","264.888945","0.000000",0.01,0
"68953bc2cdecb8a8c0963245","tCDIsdPF3Em8dZW3fc0B","MKH Berhad","Workflow - Premium Features","Workflow - Premium Features (inbound_webhook)","-","Aug 8th 2025, 07:50:26 AM",0.01,"264.898945","264.898945","0.000000",0.01,0
"689538da5a5bbc1245c29b85","tCDIsdPF3Em8dZW3fc0B","MKH Berhad","Workflow - Premium Features","Workflow - Premium Features (inbound_webhook)","-","Aug 8th 2025, 07:38:03 AM",0.01,"264.908945","264.908945","0.000000",0.01,0
"689538d946d1f275a83a3576","tCDIsdPF3Em8dZW3fc0B","MKH Berhad","Workflow - Premium Features","Workflow - Premium Features (inbound_webhook)","-","Aug 8th 2025, 07:38:01 AM",0.01,"264.918945","264.918945","0.000000",0.01,0
"689522e3b356b8b6eaf04e52","tCDIsdPF3Em8dZW3fc0B","MKH Berhad","Workflow - Premium Features","Workflow - Premium Features (inbound_webhook)","-","Aug 8th 2025, 06:04:39 AM",0.01,"264.928945","264.928945","0.000000",0.01,0
"689522e35a5bbc4d0ca9a9ba","tCDIsdPF3Em8dZW3fc0B","MKH Berhad","Workflow - Premium Features","Workflow - Premium Features (inbound_webhook)","-","Aug 8th 2025, 06:04:39 AM",0.01,"264.938945","264.938945","0.000000",0.01,0
"68951602193b3920f97a9b59","tCDIsdPF3Em8dZW3fc0B","MKH Berhad","Workflow - Premium Features","Workflow - Premium Features (inbound_webhook)","-","Aug 8th 2025, 05:09:22 AM",0.01,"264.948945","264.948945","0.000000",0.01,0
"6895160297a4b229b40aa905","tCDIsdPF3Em8dZW3fc0B","MKH Berhad","Workflow - Premium Features","Workflow - Premium Features (inbound_webhook)","-","Aug 8th 2025, 05:09:22 AM",0.01,"264.958945","264.958945","0.000000",0.01,0
"68950ea240bb32da4998695b","tCDIsdPF3Em8dZW3fc0B","MKH Berhad","Workflow - Premium Features","Workflow - Premium Features (inbound_webhook)","-","Aug 8th 2025, 04:37:54 AM",0.01,"264.968945","264.968945","0.000000",0.01,0
"68950ea297a4b242ef00774d","tCDIsdPF3Em8dZW3fc0B","MKH Berhad","Workflow - Premium Features","Workflow - Premium Features (inbound_webhook)","-","Aug 8th 2025, 04:37:54 AM",0.01,"264.978945","264.978945","0.000000",0.01,0
"68950361193b3909b75fa8c6","rsdW1sEFWbzzULIapmdQ","Platinum Victory","Email Notifications","EmailNotification ref: 68950360435d1537177d9c57","-","Aug 8th 2025, 03:49:54 AM",0.000675,"264.988945","264.988945","0.000000",0.000675,0
"68950358c6642f5dbd639bec","rsdW1sEFWbzzULIapmdQ","Platinum Victory","Workflow - Premium Features","Workflow - Premium Features (inbound_webhook)","-","Aug 8th 2025, 03:49:45 AM",0.01,"264.989620","264.989620","0.000000",0.01,0
"6894fbcf40bb32990b7d5425","tCDIsdPF3Em8dZW3fc0B","MKH Berhad","Workflow - Premium Features","Workflow - Premium Features (inbound_webhook)","-","Aug 8th 2025, 03:17:35 AM",0.01,"264.999620","264.999620","0.000000",0.01,0
"6894fbcd52e52906f03a6168","tCDIsdPF3Em8dZW3fc0B","MKH Berhad","Workflow - Premium Features","Workflow - Premium Features (inbound_webhook)","-","Aug 8th 2025, 03:17:34 AM",0.01,"265.009620","265.009620","0.000000",0.01,0
"6894fbcb073c32393e48495c","tCDIsdPF3Em8dZW3fc0B","MKH Berhad","Workflow - Premium Features","Workflow - Premium Features (inbound_webhook)","-","Aug 8th 2025, 03:17:32 AM",0.01,"265.019620","265.019620","0.000000",0.01,0
"6894fbcb073c32a1e9484938","tCDIsdPF3Em8dZW3fc0B","MKH Berhad","Workflow - Premium Features","Workflow - Premium Features (inbound_webhook)","-","Aug 8th 2025, 03:17:32 AM",0.01,"265.029620","265.029620","0.000000",0.01,0
"6894f81fcdecb86c3a40ad98","tCDIsdPF3Em8dZW3fc0B","MKH Berhad","Workflow - Premium Features","Workflow - Premium Features (inbound_webhook)","-","Aug 8th 2025, 03:02:00 AM",0.01,"265.039620","265.039620","0.000000",0.01,0
"6894f81f46d1f2c579e69047","tCDIsdPF3Em8dZW3fc0B","MKH Berhad","Workflow - Premium Features","Workflow - Premium Features (inbound_webhook)","-","Aug 8th 2025, 03:01:51 AM",0.01,"265.049620","265.049620","0.000000",0.01,0
"6894eb35cdecb873172cdb8d","tCDIsdPF3Em8dZW3fc0B","MKH Berhad","Workflow - Premium Features","Workflow - Premium Features (inbound_webhook)","-","Aug 8th 2025, 02:08:03 AM",0.01,"265.059620","265.059620","0.000000",0.01,0
"6894eb3546d1f270c4d2e51c","tCDIsdPF3Em8dZW3fc0B","MKH Berhad","Workflow - Premium Features","Workflow - Premium Features (inbound_webhook)","-","Aug 8th 2025, 02:08:03 AM",0.01,"265.069620","265.069620","0.000000",0.01,0
"6894eb305a5bbcb74f5bb660","tCDIsdPF3Em8dZW3fc0B","MKH Berhad","Workflow - Premium Features","Workflow - Premium Features (inbound_webhook)","-","Aug 8th 2025, 02:06:45 AM",0.01,"265.079620","265.079620","0.000000",0.01,0
"6894eb2fb925cb0fc7ceab12","tCDIsdPF3Em8dZW3fc0B","MKH Berhad","Workflow - Premium Features","Workflow - Premium Features (inbound_webhook)","-","Aug 8th 2025, 02:06:40 AM",0.01,"265.089620","265.089620","0.000000",0.01,0
"6894e947c6642f23693ac0df","tCDIsdPF3Em8dZW3fc0B","MKH Berhad","Workflow - Premium Features","Workflow - Premium Features (inbound_webhook)","-","Aug 8th 2025, 01:58:31 AM",0.01,"265.099620","265.099620","0.000000",0.01,0
"6894e9465a5bbc2de3568bb4","tCDIsdPF3Em8dZW3fc0B","MKH Berhad","Workflow - Premium Features","Workflow - Premium Features (inbound_webhook)","-","Aug 8th 2025, 01:58:31 AM",0.01,"265.109620","265.109620","0.000000",0.01,0
"6894d82e40bb32df733daa2c","tCDIsdPF3Em8dZW3fc0B","MKH Berhad","Workflow - Premium Features","Workflow - Premium Features (inbound_webhook)","-","Aug 8th 2025, 12:45:39 AM",0.01,"265.119620","265.119620","0.000000",0.01,0
"6894d82e46d1f284a1ac8118","tCDIsdPF3Em8dZW3fc0B","MKH Berhad","Workflow - Premium Features","Workflow - Premium Features (inbound_webhook)","-","Aug 8th 2025, 12:45:39 AM",0.01,"265.129620","265.129620","0.000000",0.01,0
"6894d82d46d1f2810cac7c8a","tCDIsdPF3Em8dZW3fc0B","MKH Berhad","Workflow - Premium Features","Workflow - Premium Features (inbound_webhook)","-","Aug 8th 2025, 12:45:34 AM",0.01,"265.139620","265.139620","0.000000",0.01,0
"6894d82ac6642f7a6619f0e0","tCDIsdPF3Em8dZW3fc0B","MKH Berhad","Workflow - Premium Features","Workflow - Premium Features (inbound_webhook)","-","Aug 8th 2025, 12:45:33 AM",0.01,"265.149620","265.149620","0.000000",0.01,0
"6894cfe52c0b0bf34fedf841","tCDIsdPF3Em8dZW3fc0B","MKH Berhad","Workflow - Premium Features","Workflow - Premium Features (inbound_webhook)","-","Aug 8th 2025, 12:15:26 AM",0.01,"265.159620","265.159620","0.000000",0.01,0
"6894cfe3e6c11297d313d225","tCDIsdPF3Em8dZW3fc0B","MKH Berhad","Workflow - Premium Features","Workflow - Premium Features (inbound_webhook)","-","Aug 8th 2025, 12:10:13 AM",0.01,"265.169620","265.169620","0.000000",0.01,0
"6894c963d7a37bd4d97527e5","jH41Z47TXtote3u6rh92","OCR Group Berhad","WhatsApp Marketing Messages","whatsapp_marketing_message ref: wamid.HBgLNjAxMjI2NjIwMDcVAgARGBI4NzQwNDBDQTM4REY2RDI2RDAA","-","Aug 7th 2025, 11:45:12 PM",0.0903,"265.179620","265.179620","0.000000",0.0903,0
"6894c8d3e6c1120eb505a7d3","VfZvkCL9M13RPHNpCGPi","Alpha Galaxy Group","WhatsApp Marketing Messages","whatsapp_marketing_message ref: wamid.HBgLNjAxNjk4MDQxMjQVAgARGBIwQUYxMzE5OEIyNkVEODE0RDQA","-","Aug 7th 2025, 11:40:13 PM",0.0903,"265.269920","265.269920","0.000000",0.0903,0
"6894c8d0193b3913d6f43c49","VfZvkCL9M13RPHNpCGPi","Alpha Galaxy Group","WhatsApp Marketing Messages","whatsapp_marketing_message ref: wamid.HBgLNjAxNjk4MDQxMjQVAgARGBIwRkIyNTY0MDVGOUE4MzNGMEYA","-","Aug 7th 2025, 11:40:03 PM",0.0903,"265.360220","265.360220","0.000000",0.0903,0
"6894c8cfe6c112f32e05a407","rsdW1sEFWbzzULIapmdQ","Platinum Victory","Workflow - Premium Features","Workflow - Premium Features (inbound_webhook)","-","Aug 7th 2025, 11:40:00 PM",0.01,"265.450520","265.450520","0.000000",0.01,0
"6894c82440bb323aa51cded9","tCDIsdPF3Em8dZW3fc0B","MKH Berhad","Workflow - Premium Features","Workflow - Premium Features (inbound_webhook)","-","Aug 7th 2025, 11:39:59 PM",0.01,"265.460520","265.460520","0.000000",0.01,0
"6894c824e6c112002804afe9","tCDIsdPF3Em8dZW3fc0B","MKH Berhad","Workflow - Premium Features","Workflow - Premium Features (inbound_webhook)","-","Aug 7th 2025, 11:37:08 PM",0.01,"265.470520","265.470520","0.000000",0.01,0
"6894c7075a5bbc0656129b3e","tCDIsdPF3Em8dZW3fc0B","MKH Berhad","Workflow - Premium Features","Workflow - Premium Features (inbound_webhook)","-","Aug 7th 2025, 11:35:16 PM",0.01,"265.480520","265.480520","0.000000",0.01,0
"6894c70746d1f23e858a396b","tCDIsdPF3Em8dZW3fc0B","MKH Berhad","Workflow - Premium Features","Workflow - Premium Features (inbound_webhook)","-","Aug 7th 2025, 11:32:23 PM",0.01,"265.490520","265.490520","0.000000",0.01,0
"6894bf66e6c112c10cf0c052","tCDIsdPF3Em8dZW3fc0B","MKH Berhad","Workflow - Premium Features","Workflow - Premium Features (inbound_webhook)","-","Aug 7th 2025, 11:00:18 PM",0.01,"265.500520","265.500520","0.000000",0.01,0
"6894bf66b356b845ee47a463","tCDIsdPF3Em8dZW3fc0B","MKH Berhad","Workflow - Premium Features","Workflow - Premium Features (inbound_webhook)","-","Aug 7th 2025, 10:59:51 PM",0.01,"265.510520","265.510520","0.000000",0.01,0
"6894bf62193b396cbcde550d","tCDIsdPF3Em8dZW3fc0B","MKH Berhad","Workflow - Premium Features","Workflow - Premium Features (inbound_webhook)","-","Aug 7th 2025, 10:59:50 PM",0.01,"265.520520","265.520520","0.000000",0.01,0
"6894bf6252e529d847c6e556","tCDIsdPF3Em8dZW3fc0B","MKH Berhad","Workflow - Premium Features","Workflow - Premium Features (inbound_webhook)","-","Aug 7th 2025, 10:59:46 PM",0.01,"265.530520","265.530520","0.000000",0.01,0
"6894bf49d95b0b30c9234614","tCDIsdPF3Em8dZW3fc0B","MKH Berhad","Workflow - Premium Features","Workflow - Premium Features (inbound_webhook)","-","Aug 7th 2025, 10:59:46 PM",0.01,"265.540520","265.540520","0.000000",0.01,0
"6894bf47b925cb503772fb2e","tCDIsdPF3Em8dZW3fc0B","MKH Berhad","Workflow - Premium Features","Workflow - Premium Features (inbound_webhook)","-","Aug 7th 2025, 10:59:21 PM",0.01,"265.550520","265.550520","0.000000",0.01,0
"6894bf1197a4b20a7f718a9f","tCDIsdPF3Em8dZW3fc0B","MKH Berhad","Workflow - Premium Features","Workflow - Premium Features (inbound_webhook)","-","Aug 7th 2025, 10:59:19 PM",0.01,"265.560520","265.560520","0.000000",0.01,0
"6894bf115a5bbc5077ffa24f","tCDIsdPF3Em8dZW3fc0B","MKH Berhad","Workflow - Premium Features","Workflow - Premium Features (inbound_webhook)","-","Aug 7th 2025, 10:59:19 PM",0.01,"265.570520","265.570520","0.000000",0.01,0
"6894b51852e5297355b114d4","tCDIsdPF3Em8dZW3fc0B","MKH Berhad","Workflow - Premium Features","Workflow - Premium Features (inbound_webhook)","-","Aug 7th 2025, 10:17:16 PM",0.01,"265.580520","265.580520","0.000000",0.01,0
"6894b4ffc6642f4154cdd840","tCDIsdPF3Em8dZW3fc0B","MKH Berhad","Workflow - Premium Features","Workflow - Premium Features (inbound_webhook)","-","Aug 7th 2025, 10:15:52 PM",0.01,"265.590520","265.590520","0.000000",0.01,0
"6894b4fdc6642f0cf3cdce0c","tCDIsdPF3Em8dZW3fc0B","MKH Berhad","Workflow - Premium Features","Workflow - Premium Features (inbound_webhook)","-","Aug 7th 2025, 10:15:27 PM",0.01,"265.600520","265.600520","0.000000",0.01,0
"6894b424073c324c97b72f79","tCDIsdPF3Em8dZW3fc0B","MKH Berhad","Workflow - Premium Features","Workflow - Premium Features (inbound_webhook)","-","Aug 7th 2025, 10:13:47 PM",0.01,"265.610520","265.610520","0.000000",0.01,0
"6894b381b925cb6da4556638","tCDIsdPF3Em8dZW3fc0B","MKH Berhad","Workflow - Premium Features","Workflow - Premium Features (inbound_webhook)","-","Aug 7th 2025, 10:09:35 PM",0.01,"265.620520","265.620520","0.000000",0.01,0
"6894b37ed95b0ba537058b21","tCDIsdPF3Em8dZW3fc0B","MKH Berhad","Workflow - Premium Features","Workflow - Premium Features (inbound_webhook)","-","Aug 7th 2025, 10:09:03 PM",0.01,"265.630520","265.630520","0.000000",0.01,0
"6894b37dc6642f59c7c8318b","tCDIsdPF3Em8dZW3fc0B","MKH Berhad","Workflow - Premium Features","Workflow - Premium Features (inbound_webhook)","-","Aug 7th 2025, 10:09:02 PM",0.01,"265.640520","265.640520","0.000000",0.01,0
"6894b36ad7a37b8e7a403e65","tCDIsdPF3Em8dZW3fc0B","MKH Berhad","Workflow - Premium Features","Workflow - Premium Features (inbound_webhook)","-","Aug 7th 2025, 10:09:01 PM",0.01,"265.650520","265.650520","0.000000",0.01,0
"6894b36ad7a37b1351403d31","tCDIsdPF3Em8dZW3fc0B","MKH Berhad","Workflow - Premium Features","Workflow - Premium Features (inbound_webhook)","-","Aug 7th 2025, 10:08:42 PM",0.01,"265.660520","265.660520","0.000000",0.01,0
"6894b250d7a37b30fe3c4a76","tCDIsdPF3Em8dZW3fc0B","MKH Berhad","Workflow - Premium Features","Workflow - Premium Features (inbound_webhook)","-","Aug 7th 2025, 10:05:10 PM",0.01,"265.670520","265.670520","0.000000",0.01,0
"6894b248cdecb83068b01170","tCDIsdPF3Em8dZW3fc0B","MKH Berhad","Workflow - Premium Features","Workflow - Premium Features (inbound_webhook)","-","Aug 7th 2025, 10:04:00 PM",0.01,"265.680520","265.680520","0.000000",0.01,0
"6894b226b925cb0b9f50cc12","tCDIsdPF3Em8dZW3fc0B","MKH Berhad","Workflow - Premium Features","Workflow - Premium Features (inbound_webhook)","-","Aug 7th 2025, 10:03:52 PM",0.01,"265.690520","265.690520","0.000000",0.01,0
"6894b213073c320d19aff2e2","tCDIsdPF3Em8dZW3fc0B","MKH Berhad","Workflow - Premium Features","Workflow - Premium Features (inbound_webhook)","-","Aug 7th 2025, 10:03:18 PM",0.01,"265.700520","265.700520","0.000000",0.01,0
"6894b21197a4b20bb75301bd","tCDIsdPF3Em8dZW3fc0B","MKH Berhad","Workflow - Premium Features","Workflow - Premium Features (inbound_webhook)","-","Aug 7th 2025, 10:03:00 PM",0.01,"265.710520","265.710520","0.000000",0.01,0
"6894b21197a4b2f9845301a1","tCDIsdPF3Em8dZW3fc0B","MKH Berhad","Workflow - Premium Features","Workflow - Premium Features (inbound_webhook)","-","Aug 7th 2025, 10:03:00 PM",0.01,"265.720520","265.720520","0.000000",0.01,0
"6894b21197a4b20426530190","tCDIsdPF3Em8dZW3fc0B","MKH Berhad","Workflow - Premium Features","Workflow - Premium Features (inbound_webhook)","-","Aug 7th 2025, 10:03:00 PM",0.01,"265.730520","265.730520","0.000000",0.01,0
"6894b172b925cbbacc4e70e8","tCDIsdPF3Em8dZW3fc0B","MKH Berhad","Workflow - Premium Features","Workflow - Premium Features (inbound_webhook)","-","Aug 7th 2025, 10:00:22 PM",0.01,"265.740520","265.740520","0.000000",0.01,0
"6894b1725a5bbc3b68dce542","tCDIsdPF3Em8dZW3fc0B","MKH Berhad","Workflow - Premium Features","Workflow - Premium Features (inbound_webhook)","-","Aug 7th 2025, 10:00:22 PM",0.01,"265.750520","265.750520","0.000000",0.01,0
"6894b172b925cb04d34e6fe8","tCDIsdPF3Em8dZW3fc0B","MKH Berhad","Workflow - Premium Features","Workflow - Premium Features (inbound_webhook)","-","Aug 7th 2025, 10:00:18 PM",0.01,"265.760520","265.760520","0.000000",0.01,0
"6894b0b746d1f262cf53dba3","tCDIsdPF3Em8dZW3fc0B","MKH Berhad","Workflow - Premium Features","Workflow - Premium Features (inbound_webhook)","-","Aug 7th 2025, 10:00:18 PM",0.01,"265.770520","265.770520","0.000000",0.01,0
"6894b0a02c0b0b8d6da9073a","tCDIsdPF3Em8dZW3fc0B","MKH Berhad","Workflow - Premium Features","Workflow - Premium Features (inbound_webhook)","-","Aug 7th 2025, 09:57:11 PM",0.01,"265.780520","265.780520","0.000000",0.01,0
"6894b09fb356b83c952319cd","tCDIsdPF3Em8dZW3fc0B","MKH Berhad","Workflow - Premium Features","Workflow - Premium Features (inbound_webhook)","-","Aug 7th 2025, 09:56:48 PM",0.01,"265.790520","265.790520","0.000000",0.01,0
"6894affc193b399c1fb3e194","tCDIsdPF3Em8dZW3fc0B","MKH Berhad","Workflow - Premium Features","Workflow - Premium Features (inbound_webhook)","-","Aug 7th 2025, 09:55:15 PM",0.01,"265.800520","265.800520","0.000000",0.01,0
"6894affb40bb3209aede8bb0","tCDIsdPF3Em8dZW3fc0B","MKH Berhad","Workflow - Premium Features","Workflow - Premium Features (inbound_webhook)","-","Aug 7th 2025, 09:54:04 PM",0.01,"265.810520","265.810520","0.000000",0.01,0
"6894adefc6642fa9bcb4bdf0","tCDIsdPF3Em8dZW3fc0B","MKH Berhad","Workflow - Premium Features","Workflow - Premium Features (inbound_webhook)","-","Aug 7th 2025, 09:45:25 PM",0.01,"265.820520","265.820520","0.000000",0.01,0
"6894adeec6642f302bb4bcf0","tCDIsdPF3Em8dZW3fc0B","MKH Berhad","Workflow - Premium Features","Workflow - Premium Features (inbound_webhook)","-","Aug 7th 2025, 09:45:19 PM",0.01,"265.830520","265.830520","0.000000",0.01,0
"6894ad9d46d1f279be49f291","tCDIsdPF3Em8dZW3fc0B","MKH Berhad","Workflow - Premium Features","Workflow - Premium Features (inbound_webhook)","-","Aug 7th 2025, 09:45:18 PM",0.01,"265.840520","265.840520","0.000000",0.01,0
"6894ad0ab925cb47f83f038b","tCDIsdPF3Em8dZW3fc0B","MKH Berhad","Workflow - Premium Features","Workflow - Premium Features (inbound_webhook)","-","Aug 7th 2025, 09:43:57 PM",0.01,"265.850520","265.850520","0.000000",0.01,0
"6894ad08193b39f34da9c755","tCDIsdPF3Em8dZW3fc0B","MKH Berhad","Workflow - Premium Features","Workflow - Premium Features (inbound_webhook)","-","Aug 7th 2025, 09:41:31 PM",0.01,"265.860520","265.860520","0.000000",0.01,0
"6894ab4e46d1f2383c426dd1","tCDIsdPF3Em8dZW3fc0B","MKH Berhad","Workflow - Premium Features","Workflow - Premium Features (inbound_webhook)","-","Aug 7th 2025, 09:34:29 PM",0.01,"265.870520","265.870520","0.000000",0.01,0
"6894ab4397a4b20afc3e8636","tCDIsdPF3Em8dZW3fc0B","MKH Berhad","Workflow - Premium Features","Workflow - Premium Features (inbound_webhook)","-","Aug 7th 2025, 09:34:07 PM",0.01,"265.880520","265.880520","0.000000",0.01,0
"6894aa9952e529971b901c02","tCDIsdPF3Em8dZW3fc0B","MKH Berhad","Workflow - Premium Features","Workflow - Premium Features (inbound_webhook)","-","Aug 7th 2025, 09:33:55 PM",0.01,"265.890520","265.890520","0.000000",0.01,0
"6894a812073c325bcc8c6fdd","tCDIsdPF3Em8dZW3fc0B","MKH Berhad","Workflow - Premium Features","Workflow - Premium Features (inbound_webhook)","-","Aug 7th 2025, 09:20:34 PM",0.01,"265.900520","265.900520","0.000000",0.01,0
"6894a7cccdecb82d6a8d21aa","tCDIsdPF3Em8dZW3fc0B","MKH Berhad","Workflow - Premium Features","Workflow - Premium Features (inbound_webhook)","-","Aug 7th 2025, 09:20:18 PM",0.01,"265.910520","265.910520","0.000000",0.01,0
"6894a7cc2c0b0b975a965564","tCDIsdPF3Em8dZW3fc0B","MKH Berhad","Workflow - Premium Features","Workflow - Premium Features (inbound_webhook)","-","Aug 7th 2025, 09:19:09 PM",0.01,"265.920520","265.920520","0.000000",0.01,0
"6894a7bd46d1f239aa370934","tCDIsdPF3Em8dZW3fc0B","MKH Berhad","Workflow - Premium Features","Workflow - Premium Features (inbound_webhook)","-","Aug 7th 2025, 09:19:08 PM",0.01,"265.930520","265.930520","0.000000",0.01,0
"6894a7b4b925cbf7592bb3ed","tCDIsdPF3Em8dZW3fc0B","MKH Berhad","Workflow - Premium Features","Workflow - Premium Features (inbound_webhook)","-","Aug 7th 2025, 09:18:53 PM",0.01,"265.940520","265.940520","0.000000",0.01,0
"6894a688193b3902b593ce6e","tCDIsdPF3Em8dZW3fc0B","MKH Berhad","Workflow - Premium Features","Workflow - Premium Features (inbound_webhook)","-","Aug 7th 2025, 09:18:44 PM",0.01,"265.950520","265.950520","0.000000",0.01,0
"6894a688b925cb313a277850","tCDIsdPF3Em8dZW3fc0B","MKH Berhad","Workflow - Premium Features","Workflow - Premium Features (inbound_webhook)","-","Aug 7th 2025, 09:13:44 PM",0.01,"265.960520","265.960520","0.000000",0.01,0
"6894a67c52e5290f7b82c5d1","jH41Z47TXtote3u6rh92","OCR Group Berhad","Workflow - Premium Features","Workflow - Premium Features (inbound_webhook)","-","Aug 7th 2025, 09:13:44 PM",0.01,"265.970520","265.970520","0.000000",0.01,0
"6894a66bd95b0bba33d94aa1","tCDIsdPF3Em8dZW3fc0B","MKH Berhad","Workflow - Premium Features","Workflow - Premium Features (inbound_webhook)","-","Aug 7th 2025, 09:13:32 PM",0.01,"265.980520","265.980520","0.000000",0.01,0
"6894a66a5a5bbc7291b82740","tCDIsdPF3Em8dZW3fc0B","MKH Berhad","Workflow - Premium Features","Workflow - Premium Features (inbound_webhook)","-","Aug 7th 2025, 09:13:15 PM",0.01,"265.990520","265.990520","0.000000",0.01,0
"6894a66a073c32582886bcdd","tCDIsdPF3Em8dZW3fc0B","MKH Berhad","Workflow - Premium Features","Workflow - Premium Features (inbound_webhook)","-","Aug 7th 2025, 09:13:14 PM",0.01,"266.000520","266.000520","0.000000",0.01,0
"6894a648d95b0b321ed8e7fb","tCDIsdPF3Em8dZW3fc0B","MKH Berhad","Workflow - Premium Features","Workflow - Premium Features (inbound_webhook)","-","Aug 7th 2025, 09:12:41 PM",0.01,"266.010520","266.010520","0.000000",0.01,0
"6894a5c45a5bbc11bfb6cdf6","tCDIsdPF3Em8dZW3fc0B","MKH Berhad","Workflow - Premium Features","Workflow - Premium Features (inbound_webhook)","-","Aug 7th 2025, 09:10:42 PM",0.01,"266.020520","266.020520","0.000000",0.01,0
"6894a53ee6c1125a90aa34b0","VfZvkCL9M13RPHNpCGPi","Alpha Galaxy Group","Emails","Email ref: ti6D2carSTDwnaaRnaMJ","-","Aug 7th 2025, 09:10:42 PM",0.000675,"266.030520","266.030520","0.000000",0.000675,0
"6894a4ffb925cb09da2436a8","tCDIsdPF3Em8dZW3fc0B","MKH Berhad","Workflow - Premium Features","Workflow - Premium Features (inbound_webhook)","-","Aug 7th 2025, 09:08:14 PM",0.01,"266.031195","266.031195","0.000000",0.01,0
"6894a4ecb925cb36f0240507","tCDIsdPF3Em8dZW3fc0B","MKH Berhad","Workflow - Premium Features","Workflow - Premium Features (inbound_webhook)","-","Aug 7th 2025, 09:07:11 PM",0.01,"266.041195","266.041195","0.000000",0.01,0
"6894a4c35a5bbc029cb4affb","tCDIsdPF3Em8dZW3fc0B","MKH Berhad","Workflow - Premium Features","Workflow - Premium Features (inbound_webhook)","-","Aug 7th 2025, 09:06:53 PM",0.01,"266.051195","266.051195","0.000000",0.01,0
"6894a4c35a5bbc4ff1b4afac","tCDIsdPF3Em8dZW3fc0B","MKH Berhad","Workflow - Premium Features","Workflow - Premium Features (inbound_webhook)","-","Aug 7th 2025, 09:06:12 PM",0.01,"266.061195","266.061195","0.000000",0.01,0
"6894a4c140bb326661bb8705","VfZvkCL9M13RPHNpCGPi","Alpha Galaxy Group","WhatsApp Marketing Messages","whatsapp_marketing_message ref: wamid.HBgLNjAxOTIyNjI5MzAVAgARGBJEODg0QjkzRDEwRTZEQzhBNkYA","-","Aug 7th 2025, 09:06:12 PM",0.0903,"266.071195","266.071195","0.000000",0.0903,0
"68949fb2d7a37b4e010a16fd","VfZvkCL9M13RPHNpCGPi","Alpha Galaxy Group","WhatsApp Marketing Messages","whatsapp_marketing_message ref: wamid.HBgLNjAxOTIyNjI5MzAVAgARGBIwMjA1NEJEOEVBNjQ4MzY2OTcA","-","Aug 7th 2025, 08:50:29 PM",0.0903,"266.161495","266.161495","0.000000",0.0903,0
"68949cb846d1f2888d2a58f4","jH41Z47TXtote3u6rh92","OCR Group Berhad","Workflow - Premium Features","Workflow - Premium Features (inbound_webhook)","-","Aug 7th 2025, 08:40:06 PM",0.01,"266.251795","266.251795","0.000000",0.01,0
"68949bc4e6c112f648a3ce4c","tCDIsdPF3Em8dZW3fc0B","MKH Berhad","Workflow - Premium Features","Workflow - Premium Features (inbound_webhook)","-","Aug 7th 2025, 08:30:20 PM",0.01,"266.261795","266.261795","0.000000",0.01,0
"68949bc4d95b0b809cd07343","tCDIsdPF3Em8dZW3fc0B","MKH Berhad","Workflow - Premium Features","Workflow - Premium Features (inbound_webhook)","-","Aug 7th 2025, 08:30:20 PM",0.01,"266.271795","266.271795","0.000000",0.01,0
"68948f540778e6f9d32b4086","tCDIsdPF3Em8dZW3fc0B","MKH Berhad","Workflow - Premium Features","Workflow - Premium Features (inbound_webhook)","-","Aug 7th 2025, 07:35:11 PM",0.01,"266.281795","266.281795","0.000000",0.01,0
"68948ecbb356b8d0bff30021","tCDIsdPF3Em8dZW3fc0B","MKH Berhad","Workflow - Premium Features","Workflow - Premium Features (inbound_webhook)","-","Aug 7th 2025, 07:32:29 PM",0.01,"266.291795","266.291795","0.000000",0.01,0
"68948dff2c0b0b3215877050","UH6LDXjqUpp906LIRgXJ","Honda Butterworth - Formula Venture Sdn Bhd","WhatsApp Marketing Messages","whatsapp_marketing_message ref: wamid.HBgLNjAxMjgzMzAxMjEVAgARGBI3Mzg0NTlBNzEzQjEwMzc5NEQA","-","Aug 7th 2025, 07:30:10 PM",0.0903,"266.301795","266.301795","0.000000",0.0903,0
"68948d86d7a37b3eba02562a","yislM4BFwd5JtlwXtKZM","JM Motor Venture (authorized Honda 3S dealer)","WhatsApp Marketing Messages","whatsapp_marketing_message ref: wamid.HBgLNjAxOTQ2MDU4NDEVAgARGBIyN0RGRTYwMzI0NzFGNzYyMDEA","-","Aug 7th 2025, 07:29:08 PM",0.0903,"266.392095","266.392095","0.000000",0.0903,0
"68948c380778e66e0f291735","UH6LDXjqUpp906LIRgXJ","Honda Butterworth - Formula Venture Sdn Bhd","WhatsApp Marketing Messages","whatsapp_marketing_message ref: wamid.HBgLNjAxNzQ5NDEyNjIVAgARGBJGOTYzNTk5RTgwNDNGMkJDMjUA","-","Aug 7th 2025, 07:25:42 PM",0.0903,"266.482395","266.482395","0.000000",0.0903,0
"6894870ae6c11206a399d7a2","rsdW1sEFWbzzULIapmdQ","Platinum Victory","Workflow - Premium Features","Workflow - Premium Features (inbound_webhook)","-","Aug 7th 2025, 07:05:10 PM",0.01,"266.572695","266.572695","0.000000",0.01,0
"68948700073c322beb73b62d","rsdW1sEFWbzzULIapmdQ","Platinum Victory","Workflow - Premium Features","Workflow - Premium Features (inbound_webhook)","-","Aug 7th 2025, 06:59:23 PM",0.01,"266.582695","266.582695","0.000000",0.01,0
"689486fbe6c1128a9b99c605","rsdW1sEFWbzzULIapmdQ","Platinum Victory","Workflow - Premium Features","Workflow - Premium Features (inbound_webhook)","-","Aug 7th 2025, 06:59:13 PM",0.01,"266.592695","266.592695","0.000000",0.01,0
"689486f746d1f214b41fd014","rsdW1sEFWbzzULIapmdQ","Platinum Victory","Workflow - Premium Features","Workflow - Premium Features (inbound_webhook)","-","Aug 7th 2025, 06:59:08 PM",0.01,"266.602695","266.602695","0.000000",0.01,0
"689486f3073c328a0273a9cd","rsdW1sEFWbzzULIapmdQ","Platinum Victory","Workflow - Premium Features","Workflow - Premium Features (inbound_webhook)","-","Aug 7th 2025, 06:59:04 PM",0.01,"266.612695","266.612695","0.000000",0.01,0
"6894838b46d1f215291db954","VfZvkCL9M13RPHNpCGPi","Alpha Galaxy Group","Workflow - Premium Features","Workflow - Premium Features (inbound_webhook)","-","Aug 7th 2025, 06:45:13 PM",0.01,"266.622695","266.622695","0.000000",0.01,0
"6894820f0778e61e17239af0","tCDIsdPF3Em8dZW3fc0B","MKH Berhad","Workflow - Premium Features","Workflow - Premium Features (inbound_webhook)","-","Aug 7th 2025, 06:40:18 PM",0.01,"266.632695","266.632695","0.000000",0.01,0
"6894820f0778e60769239aea","tCDIsdPF3Em8dZW3fc0B","MKH Berhad","Workflow - Premium Features","Workflow - Premium Features (inbound_webhook)","-","Aug 7th 2025, 06:40:18 PM",0.01,"266.642695","266.642695","0.000000",0.01,0
"689481e752e52911f96d0020","tCDIsdPF3Em8dZW3fc0B","MKH Berhad","Workflow - Premium Features","Workflow - Premium Features (inbound_webhook)","-","Aug 7th 2025, 06:38:07 PM",0.01,"266.652695","266.652695","0.000000",0.01,0
"689481e72c0b0bdf2f80e273","tCDIsdPF3Em8dZW3fc0B","MKH Berhad","Workflow - Premium Features","Workflow - Premium Features (inbound_webhook)","-","Aug 7th 2025, 06:38:07 PM",0.01,"266.662695","266.662695","0.000000",0.01,0
"689481b252e529587e6ce52f","tCDIsdPF3Em8dZW3fc0B","MKH Berhad","Workflow - Premium Features","Workflow - Premium Features (inbound_webhook)","-","Aug 7th 2025, 06:37:27 PM",0.01,"266.672695","266.672695","0.000000",0.01,0
"689481b1d7a37b334efb65ee","tCDIsdPF3Em8dZW3fc0B","MKH Berhad","Workflow - Premium Features","Workflow - Premium Features (inbound_webhook)","-","Aug 7th 2025, 06:36:34 PM",0.01,"266.682695","266.682695","0.000000",0.01,0
"6894809fd7a37b2d64fa9a06","rsdW1sEFWbzzULIapmdQ","Platinum Victory","Workflow - Premium Features","Workflow - Premium Features (inbound_webhook)","-","Aug 7th 2025, 06:35:13 PM",0.01,"266.692695","266.692695","0.000000",0.01,0
"68947b42073c3227c46cc668","rsdW1sEFWbzzULIapmdQ","Platinum Victory","Email Notifications","EmailNotification ref: 68947b40fdea1b0d052d4861","-","Aug 7th 2025, 06:10:19 PM",0.000675,"266.702695","266.702695","0.000000",0.000675,0
"68947a942c0b0b648f7c34b2","tCDIsdPF3Em8dZW3fc0B","MKH Berhad","Workflow - Premium Features","Workflow - Premium Features (inbound_webhook)","-","Aug 7th 2025, 06:06:50 PM",0.01,"266.703370","266.703370","0.000000",0.01,0
"68947a94d7a37b6342f6cd2e","tCDIsdPF3Em8dZW3fc0B","MKH Berhad","Workflow - Premium Features","Workflow - Premium Features (inbound_webhook)","-","Aug 7th 2025, 06:06:12 PM",0.01,"266.713370","266.713370","0.000000",0.01,0
"68947a8f073c32c38c6c230c","tCDIsdPF3Em8dZW3fc0B","MKH Berhad","Workflow - Premium Features","Workflow - Premium Features (inbound_webhook)","-","Aug 7th 2025, 06:06:12 PM",0.01,"266.723370","266.723370","0.000000",0.01,0
"68947a8fb356b88824e6f927","tCDIsdPF3Em8dZW3fc0B","MKH Berhad","Workflow - Premium Features","Workflow - Premium Features (inbound_webhook)","-","Aug 7th 2025, 06:06:12 PM",0.01,"266.733370","266.733370","0.000000",0.01,0
"689474f12c0b0b7f11783660","tCDIsdPF3Em8dZW3fc0B","MKH Berhad","Workflow - Premium Features","Workflow - Premium Features (inbound_webhook)","-","Aug 7th 2025, 05:45:17 PM",0.01,"266.743370","266.743370","0.000000",0.01,0
"689474f197a4b23b32110ae1","tCDIsdPF3Em8dZW3fc0B","MKH Berhad","Workflow - Premium Features","Workflow - Premium Features (inbound_webhook)","-","Aug 7th 2025, 05:45:17 PM",0.01,"266.753370","266.753370","0.000000",0.01,0
"6894744a2c0b0bab4477d89f","tCDIsdPF3Em8dZW3fc0B","MKH Berhad","Workflow - Premium Features","Workflow - Premium Features (inbound_webhook)","-","Aug 7th 2025, 05:40:11 PM",0.01,"266.763370","266.763370","0.000000",0.01,0
"6894744a0778e663d41a373e","tCDIsdPF3Em8dZW3fc0B","MKH Berhad","Workflow - Premium Features","Workflow - Premium Features (inbound_webhook)","-","Aug 7th 2025, 05:39:22 PM",0.01,"266.773370","266.773370","0.000000",0.01,0
"6894744952e52903a063b920","tCDIsdPF3Em8dZW3fc0B","MKH Berhad","Workflow - Premium Features","Workflow - Premium Features (inbound_webhook)","-","Aug 7th 2025, 05:39:22 PM",0.01,"266.783370","266.783370","0.000000",0.01,0
"6894744952e529779e63b906","tCDIsdPF3Em8dZW3fc0B","MKH Berhad","Workflow - Premium Features","Workflow - Premium Features (inbound_webhook)","-","Aug 7th 2025, 05:39:22 PM",0.01,"266.793370","266.793370","0.000000",0.01,0
"689473b60778e6195919d98b","tCDIsdPF3Em8dZW3fc0B","MKH Berhad","Workflow - Premium Features","Workflow - Premium Features (inbound_webhook)","-","Aug 7th 2025, 05:37:00 PM",0.01,"266.803370","266.803370","0.000000",0.01,0
"689473b60778e6d21b19d980","tCDIsdPF3Em8dZW3fc0B","MKH Berhad","Workflow - Premium Features","Workflow - Premium Features (inbound_webhook)","-","Aug 7th 2025, 05:37:00 PM",0.01,"266.813370","266.813370","0.000000",0.01,0
"689473a2073c32f79d671709","tCDIsdPF3Em8dZW3fc0B","MKH Berhad","Workflow - Premium Features","Workflow - Premium Features (inbound_webhook)","-","Aug 7th 2025, 05:36:47 PM",0.01,"266.823370","266.823370","0.000000",0.01,0
"689473a1d7a37b31edf1bb97","tCDIsdPF3Em8dZW3fc0B","MKH Berhad","Workflow - Premium Features","Workflow - Premium Features (inbound_webhook)","-","Aug 7th 2025, 05:36:35 PM",0.01,"266.833370","266.833370","0.000000",0.01,0
"6894739cb356b85abce1f124","tCDIsdPF3Em8dZW3fc0B","MKH Berhad","Workflow - Premium Features","Workflow - Premium Features (inbound_webhook)","-","Aug 7th 2025, 05:36:33 PM",0.01,"266.843370","266.843370","0.000000",0.01,0
"6894739cb356b8297ee1f118","tCDIsdPF3Em8dZW3fc0B","MKH Berhad","Workflow - Premium Features","Workflow - Premium Features (inbound_webhook)","-","Aug 7th 2025, 05:36:28 PM",0.01,"266.853370","266.853370","0.000000",0.01,0
"689473520778e6c76b197929","BXuCudh2EKUEmv1gC4ai","SJ360","Emails","Email ref: qCrq61uJLRXP91sB7tqY","-","Aug 7th 2025, 05:35:17 PM",0.000675,"266.863370","266.863370","0.000000",0.000675,0
"68947348d7a37b0b66f1610b","BXuCudh2EKUEmv1gC4ai","SJ360","Emails","Email ref: NekCuYqbDCm7RQtkgCdG","-","Aug 7th 2025, 05:35:14 PM",0.000675,"266.864045","266.864045","0.000000",0.000675,0
"68947346b356b81e1ee195be","BXuCudh2EKUEmv1gC4ai","SJ360","Email Notifications","EmailNotification ref: 68947344c155c741397803d3","-","Aug 7th 2025, 05:35:04 PM",0.002025,"266.864720","266.864720","0.000000",0.002025,0
"689472c352e529459262910b","tCDIsdPF3Em8dZW3fc0B","MKH Berhad","Workflow - Premium Features","Workflow - Premium Features (inbound_webhook)","-","Aug 7th 2025, 05:35:02 PM",0.01,"266.866745","266.866745","0.000000",0.01,0
"689472c2b356b8beb1e131c5","tCDIsdPF3Em8dZW3fc0B","MKH Berhad","Workflow - Premium Features","Workflow - Premium Features (inbound_webhook)","-","Aug 7th 2025, 05:35:02 PM",0.01,"266.876745","266.876745","0.000000",0.01,0
"689471e252e52922b861793a","tCDIsdPF3Em8dZW3fc0B","MKH Berhad","Workflow - Premium Features","Workflow - Premium Features (inbound_webhook)","-","Aug 7th 2025, 05:30:17 PM",0.01,"266.886745","266.886745","0.000000",0.01,0
"689471e2b356b804fbe01d56","tCDIsdPF3Em8dZW3fc0B","MKH Berhad","Workflow - Premium Features","Workflow - Premium Features (inbound_webhook)","-","Aug 7th 2025, 05:30:17 PM",0.01,"266.896745","266.896745","0.000000",0.01,0
"689471df52e5290e35617760","tCDIsdPF3Em8dZW3fc0B","MKH Berhad","Workflow - Premium Features","Workflow - Premium Features (inbound_webhook)","-","Aug 7th 2025, 05:29:06 PM",0.01,"266.906745","266.906745","0.000000",0.01,0
"689471df97a4b281070e64a6","tCDIsdPF3Em8dZW3fc0B","MKH Berhad","Workflow - Premium Features","Workflow - Premium Features (inbound_webhook)","-","Aug 7th 2025, 05:29:03 PM",0.01,"266.916745","266.916745","0.000000",0.01,0
"689471d1d7a37b7d4defd99c","tCDIsdPF3Em8dZW3fc0B","MKH Berhad","Workflow - Premium Features","Workflow - Premium Features (inbound_webhook)","-","Aug 7th 2025, 05:29:03 PM",0.01,"266.926745","266.926745","0.000000",0.01,0
"689471d1073c3217ef6533ce","tCDIsdPF3Em8dZW3fc0B","MKH Berhad","Workflow - Premium Features","Workflow - Premium Features (inbound_webhook)","-","Aug 7th 2025, 05:29:03 PM",0.01,"266.936745","266.936745","0.000000",0.01,0
"689471cf97a4b2e0100e55a6","tCDIsdPF3Em8dZW3fc0B","MKH Berhad","Workflow - Premium Features","Workflow - Premium Features (inbound_webhook)","-","Aug 7th 2025, 05:28:49 PM",0.01,"266.946745","266.946745","0.000000",0.01,0
"689471cf97a4b21a700e557c","tCDIsdPF3Em8dZW3fc0B","MKH Berhad","Workflow - Premium Features","Workflow - Premium Features (inbound_webhook)","-","Aug 7th 2025, 05:28:49 PM",0.01,"266.956745","266.956745","0.000000",0.01,0
"68947197b356b83cc4dfe7db","tCDIsdPF3Em8dZW3fc0B","MKH Berhad","Workflow - Premium Features","Workflow - Premium Features (inbound_webhook)","-","Aug 7th 2025, 05:27:54 PM",0.01,"266.966745","266.966745","0.000000",0.01,0
"68947195d7a37b83bbefb143","tCDIsdPF3Em8dZW3fc0B","MKH Berhad","Workflow - Premium Features","Workflow - Premium Features (inbound_webhook)","-","Aug 7th 2025, 05:27:51 PM",0.01,"266.976745","266.976745","0.000000",0.01,0
"689470cb073c32bd92649ab8","tCDIsdPF3Em8dZW3fc0B","MKH Berhad","Workflow - Premium Features","Workflow - Premium Features (inbound_webhook)","-","Aug 7th 2025, 05:25:14 PM",0.01,"266.986745","266.986745","0.000000",0.01,0
"689470ca0778e64b5c174de9","tCDIsdPF3Em8dZW3fc0B","MKH Berhad","Workflow - Premium Features","Workflow - Premium Features (inbound_webhook)","-","Aug 7th 2025, 05:24:27 PM",0.01,"266.996745","266.996745","0.000000",0.01,0
"689470a797a4b2485e0dab8c","E0H7r1mN6ry0kv4uGZ6L","Radium Development Berhad","Workflow - Premium Features","Workflow - Premium Features (inbound_webhook)","-","Aug 7th 2025, 05:24:26 PM",0.01,"267.006745","267.006745","0.000000",0.01,0
"689470172c0b0b609074b184","tCDIsdPF3Em8dZW3fc0B","MKH Berhad","Workflow - Premium Features","Workflow - Premium Features (inbound_webhook)","-","Aug 7th 2025, 05:23:51 PM",0.01,"267.016745","267.016745","0.000000",0.01,0
"68947017e6c11294158a715d","tCDIsdPF3Em8dZW3fc0B","MKH Berhad","Workflow - Premium Features","Workflow - Premium Features (inbound_webhook)","-","Aug 7th 2025, 05:21:27 PM",0.01,"267.026745","267.026745","0.000000",0.01,0
"68947013d7a37bc8cbef045a","tCDIsdPF3Em8dZW3fc0B","MKH Berhad","Workflow - Premium Features","Workflow - Premium Features (inbound_webhook)","-","Aug 7th 2025, 05:21:27 PM",0.01,"267.036745","267.036745","0.000000",0.01,0
"689470130778e6a1a21711df","tCDIsdPF3Em8dZW3fc0B","MKH Berhad","Workflow - Premium Features","Workflow - Premium Features (inbound_webhook)","-","Aug 7th 2025, 05:21:27 PM",0.01,"267.046745","267.046745","0.000000",0.01,0
"68946fae073c327e6e642bac","tCDIsdPF3Em8dZW3fc0B","MKH Berhad","Workflow - Premium Features","Workflow - Premium Features (inbound_webhook)","-","Aug 7th 2025, 05:20:14 PM",0.01,"267.056745","267.056745","0.000000",0.01,0
"68946fad52e52900a26062fc","tCDIsdPF3Em8dZW3fc0B","MKH Berhad","Workflow - Premium Features","Workflow - Premium Features (inbound_webhook)","-","Aug 7th 2025, 05:19:42 PM",0.01,"267.066745","267.066745","0.000000",0.01,0
"68946fab2c0b0b2d31747c27","tCDIsdPF3Em8dZW3fc0B","MKH Berhad","Workflow - Premium Features","Workflow - Premium Features (inbound_webhook)","-","Aug 7th 2025, 05:19:41 PM",0.01,"267.076745","267.076745","0.000000",0.01,0
"68946faa5a5bbc35ee95ba02","tCDIsdPF3Em8dZW3fc0B","MKH Berhad","Workflow - Premium Features","Workflow - Premium Features (inbound_webhook)","-","Aug 7th 2025, 05:19:39 PM",0.01,"267.086745","267.086745","0.000000",0.01,0
"68946f61b356b88119dec89b","tCDIsdPF3Em8dZW3fc0B","MKH Berhad","Workflow - Premium Features","Workflow - Premium Features (inbound_webhook)","-","Aug 7th 2025, 05:19:38 PM",0.01,"267.096745","267.096745","0.000000",0.01,0
"68946f615a5bbcfc34957e19","tCDIsdPF3Em8dZW3fc0B","MKH Berhad","Workflow - Premium Features","Workflow - Premium Features (inbound_webhook)","-","Aug 7th 2025, 05:18:25 PM",0.01,"267.106745","267.106745","0.000000",0.01,0
"68946f5c5a5bbc9971957917","tCDIsdPF3Em8dZW3fc0B","MKH Berhad","Workflow - Premium Features","Workflow - Premium Features (inbound_webhook)","-","Aug 7th 2025, 05:18:25 PM",0.01,"267.116745","267.116745","0.000000",0.01,0
"68946f5a2c0b0b7d60743819","tCDIsdPF3Em8dZW3fc0B","MKH Berhad","Workflow - Premium Features","Workflow - Premium Features (inbound_webhook)","-","Aug 7th 2025, 05:18:20 PM",0.01,"267.126745","267.126745","0.000000",0.01,0
"68946ddde6c112839988cc72","tCDIsdPF3Em8dZW3fc0B","MKH Berhad","Workflow - Premium Features","Workflow - Premium Features (inbound_webhook)","-","Aug 7th 2025, 05:15:14 PM",0.01,"267.136745","267.136745","0.000000",0.01,0
"68946dddd7a37b3384ed65d8","tCDIsdPF3Em8dZW3fc0B","MKH Berhad","Workflow - Premium Features","Workflow - Premium Features (inbound_webhook)","-","Aug 7th 2025, 05:11:57 PM",0.01,"267.146745","267.146745","0.000000",0.01,0
"68946dbe073c32117062b509","tCDIsdPF3Em8dZW3fc0B","MKH Berhad","Workflow - Premium Features","Workflow - Premium Features (inbound_webhook)","-","Aug 7th 2025, 05:11:57 PM",0.01,"267.156745","267.156745","0.000000",0.01,0
"68946dbe073c325e6462b4d9","tCDIsdPF3Em8dZW3fc0B","MKH Berhad","Workflow - Premium Features","Workflow - Premium Features (inbound_webhook)","-","Aug 7th 2025, 05:11:57 PM",0.01,"267.166745","267.166745","0.000000",0.01,0
"68946cd846d1f2838d0e2e66","tCDIsdPF3Em8dZW3fc0B","MKH Berhad","Workflow - Premium Features","Workflow - Premium Features (inbound_webhook)","-","Aug 7th 2025, 05:08:38 PM",0.01,"267.176745","267.176745","0.000000",0.01,0
"68946cd8d7a37b341eec94d7","tCDIsdPF3Em8dZW3fc0B","MKH Berhad","Workflow - Premium Features","Workflow - Premium Features (inbound_webhook)","-","Aug 7th 2025, 05:07:36 PM",0.01,"267.186745","267.186745","0.000000",0.01,0
"68946cd352e5293d625e3236","tCDIsdPF3Em8dZW3fc0B","MKH Berhad","Workflow - Premium Features","Workflow - Premium Features (inbound_webhook)","-","Aug 7th 2025, 05:07:36 PM",0.01,"267.196745","267.196745","0.000000",0.01,0
"68946cd3d7a37b7d19ec92d0","tCDIsdPF3Em8dZW3fc0B","MKH Berhad","Workflow - Premium Features","Workflow - Premium Features (inbound_webhook)","-","Aug 7th 2025, 05:07:31 PM",0.01,"267.206745","267.206745","0.000000",0.01,0
"68946bc1073c328313605cb9","BXuCudh2EKUEmv1gC4ai","SJ360","Emails","Email ref: sJZSjUv7cxH4prLB4YCu","-","Aug 7th 2025, 05:05:15 PM",0.000675,"267.216745","267.216745","0.000000",0.000675,0
"68946acce6c112b84e84cadf","tCDIsdPF3Em8dZW3fc0B","MKH Berhad","Workflow - Premium Features","Workflow - Premium Features (inbound_webhook)","-","Aug 7th 2025, 04:58:52 PM",0.01,"267.217420","267.217420","0.000000",0.01,0
"68946aacb356b8ac55d97b20","tCDIsdPF3Em8dZW3fc0B","MKH Berhad","Workflow - Premium Features","Workflow - Premium Features (inbound_webhook)","-","Aug 7th 2025, 04:58:52 PM",0.01,"267.227420","267.227420","0.000000",0.01,0
"68946aacb356b802ccd97b06","tCDIsdPF3Em8dZW3fc0B","MKH Berhad","Workflow - Premium Features","Workflow - Premium Features (inbound_webhook)","-","Aug 7th 2025, 04:58:52 PM",0.01,"267.237420","267.237420","0.000000",0.01,0
"68946817d7a37bf84ce7f1f7","A3k6CQJPTZBR3jvZ0Fp9","Supreme Springs Sdn. Bhd.","WhatsApp Marketing Messages","whatsapp_marketing_message ref: wamid.HBgLNjAxMjMyMzM3ODEVAgARGBI3MjA3MTQyNkIxODdDMEJDRkEA","-","Aug 7th 2025, 04:50:14 PM",0.0903,"267.247420","267.247420","0.000000",0.0903,0
"689466a352e529621558c0d4","tCDIsdPF3Em8dZW3fc0B","MKH Berhad","Workflow - Premium Features","Workflow - Premium Features (inbound_webhook)","-","Aug 7th 2025, 04:44:47 PM",0.01,"267.337720","267.337720","0.000000",0.01,0
"689466a2073c32618a5c7616","tCDIsdPF3Em8dZW3fc0B","MKH Berhad","Workflow - Premium Features","Workflow - Premium Features (inbound_webhook)","-","Aug 7th 2025, 04:41:07 PM",0.01,"267.347720","267.347720","0.000000",0.01,0
"6894634a97a4b2a72903be58","tCDIsdPF3Em8dZW3fc0B","MKH Berhad","Workflow - Premium Features","Workflow - Premium Features (inbound_webhook)","-","Aug 7th 2025, 04:27:28 PM",0.01,"267.357720","267.357720","0.000000",0.01,0
"6894634a52e529709d56eafa","tCDIsdPF3Em8dZW3fc0B","MKH Berhad","Workflow - Premium Features","Workflow - Premium Features (inbound_webhook)","-","Aug 7th 2025, 04:26:50 PM",0.01,"267.367720","267.367720","0.000000",0.01,0
"68946306073c3248df5a7767","tCDIsdPF3Em8dZW3fc0B","MKH Berhad","Workflow - Premium Features","Workflow - Premium Features (inbound_webhook)","-","Aug 7th 2025, 04:26:50 PM",0.01,"267.377720","267.377720","0.000000",0.01,0
"6894630646d1f21eae06b7cd","tCDIsdPF3Em8dZW3fc0B","MKH Berhad","Workflow - Premium Features","Workflow - Premium Features (inbound_webhook)","-","Aug 7th 2025, 04:26:50 PM",0.01,"267.387720","267.387720","0.000000",0.01,0
"689462f5073c3232cb5a6887","E0H7r1mN6ry0kv4uGZ6L","Radium Development Berhad","WhatsApp Marketing Messages","whatsapp_marketing_message ref: wamid.HBgLNjAxNzMwMjU1MTkVAgARGBI2ODMxMTUyQzlDMzAwRTkyMjQA","-","Aug 7th 2025, 04:25:42 PM",0.0903,"267.397720","267.397720","0.000000",0.0903,0
"689462af97a4b21baa036c18","tCDIsdPF3Em8dZW3fc0B","MKH Berhad","Workflow - Premium Features","Workflow - Premium Features (inbound_webhook)","-","Aug 7th 2025, 04:25:13 PM",0.01,"267.488020","267.488020","0.000000",0.01,0
"689462afd7a37b9a68e4f296","tCDIsdPF3Em8dZW3fc0B","MKH Berhad","Workflow - Premium Features","Workflow - Premium Features (inbound_webhook)","-","Aug 7th 2025, 04:24:15 PM",0.01,"267.498020","267.498020","0.000000",0.01,0
"689462a946d1f2889e068c6c","E0H7r1mN6ry0kv4uGZ6L","Radium Development Berhad","WhatsApp Marketing Messages","whatsapp_marketing_message ref: wamid.HBgLNjAxNjk2NzY0MzYVAgARGBI5Q0FGQkVDQkEwQUE0MjI5NjYA","-","Aug 7th 2025, 04:24:15 PM",0.0903,"267.508020","267.508020","0.000000",0.0903,0
"6894619be6c1128f497ffe8b","tCDIsdPF3Em8dZW3fc0B","MKH Berhad","Workflow - Premium Features","Workflow - Premium Features (inbound_webhook)","-","Aug 7th 2025, 04:19:51 PM",0.01,"267.598320","267.598320","0.000000",0.01,0
"6894619b52e529a399562387","tCDIsdPF3Em8dZW3fc0B","MKH Berhad","Workflow - Premium Features","Workflow - Premium Features (inbound_webhook)","-","Aug 7th 2025, 04:19:51 PM",0.01,"267.608320","267.608320","0.000000",0.01,0
"689460ad5a5bbc1e1c8af227","E0H7r1mN6ry0kv4uGZ6L","Radium Development Berhad","WhatsApp Marketing Messages","whatsapp_marketing_message ref: wamid.HBgLNjAxMjIyNDAzMDcVAgARGBI2NjRDQ0M4RDY4MkFDMkU1ODgA","-","Aug 7th 2025, 04:15:51 PM",0.0903,"267.618320","267.618320","0.000000",0.0903,0
"68946081e6c1120e8b7f64a9","E0H7r1mN6ry0kv4uGZ6L","Radium Development Berhad","WhatsApp Marketing Messages","whatsapp_marketing_message ref: wamid.HBgLNjAxNjk2NzY0MzYVAgARGBIwOTFDRDM2RUIxRDE0QTNFOEYA","-","Aug 7th 2025, 04:15:10 PM",0.0903,"267.708620","267.708620","0.000000",0.0903,0
"68945ed752e5290e9b547462","tCDIsdPF3Em8dZW3fc0B","MKH Berhad","Workflow - Premium Features","Workflow - Premium Features (inbound_webhook)","-","Aug 7th 2025, 04:10:14 PM",0.01,"267.798920","267.798920","0.000000",0.01,0
"68945ed7b356b81093d31378","tCDIsdPF3Em8dZW3fc0B","MKH Berhad","Workflow - Premium Features","Workflow - Premium Features (inbound_webhook)","-","Aug 7th 2025, 04:10:14 PM",0.01,"267.808920","267.808920","0.000000",0.01,0
"68945dff073c325076572592","tCDIsdPF3Em8dZW3fc0B","MKH Berhad","WhatsApp Marketing Messages","whatsapp_marketing_message ref: wamid.HBgLNjAxMzkzMDM5MDMVAgARGBJFM0NBNUU1ODZGMzBCQjEzQ0IA","-","Aug 7th 2025, 04:06:44 PM",0.0903,"267.818920","267.818920","0.000000",0.0903,0
"68945dcb52e5298581531a4d","tCDIsdPF3Em8dZW3fc0B","MKH Berhad","WhatsApp Marketing Messages","whatsapp_marketing_message ref: wamid.HBgLNjAxNzg3NTMyNDkVAgARGBJEQzZBNEE2MkQwNjYzMDVFNTYA","-","Aug 7th 2025, 04:03:29 PM",0.0903,"267.909220","267.909220","0.000000",0.0903,0
"68945dbb073c322c9f56b6d3","tCDIsdPF3Em8dZW3fc0B","MKH Berhad","WhatsApp Marketing Messages","whatsapp_marketing_message ref: wamid.HBgLNjAxOTYzNDAxNjAVAgARGBI2RjZCMTVCMTg5ODJBMjU1REIA","-","Aug 7th 2025, 04:03:16 PM",0.0903,"267.999520","267.999520","0.000000",0.0903,0
"68945d052c0b0b813665c789","tCDIsdPF3Em8dZW3fc0B","MKH Berhad","Workflow - Premium Features","Workflow - Premium Features (inbound_webhook)","-","Aug 7th 2025, 04:03:07 PM",0.01,"268.089820","268.089820","0.000000",0.01,0
"68945d0552e5296e2d5177fb","tCDIsdPF3Em8dZW3fc0B","MKH Berhad","Workflow - Premium Features","Workflow - Premium Features (inbound_webhook)","-","Aug 7th 2025, 04:00:05 PM",0.01,"268.099820","268.099820","0.000000",0.01,0
"68945c7f5a5bbc777e8676f1","tCDIsdPF3Em8dZW3fc0B","MKH Berhad","Workflow - Premium Features","Workflow - Premium Features (inbound_webhook)","-","Aug 7th 2025, 03:57:54 PM",0.01,"268.109820","268.109820","0.000000",0.01,0
"68945c7fe6c112b9d77b1850","tCDIsdPF3Em8dZW3fc0B","MKH Berhad","Workflow - Premium Features","Workflow - Premium Features (inbound_webhook)","-","Aug 7th 2025, 03:57:54 PM",0.01,"268.119820","268.119820","0.000000",0.01,0
"689457822c0b0b4a4f6357b3","tCDIsdPF3Em8dZW3fc0B","MKH Berhad","Workflow - Premium Features","Workflow - Premium Features (inbound_webhook)","-","Aug 7th 2025, 03:40:50 PM",0.01,"268.129820","268.129820","0.000000",0.01,0
"68945781b356b85178cda26f","tCDIsdPF3Em8dZW3fc0B","MKH Berhad","Workflow - Premium Features","Workflow - Premium Features (inbound_webhook)","-","Aug 7th 2025, 03:36:35 PM",0.01,"268.139820","268.139820","0.000000",0.01,0
"68945781e6c112929278e443","tCDIsdPF3Em8dZW3fc0B","MKH Berhad","Workflow - Premium Features","Workflow - Premium Features (inbound_webhook)","-","Aug 7th 2025, 03:36:33 PM",0.01,"268.149820","268.149820","0.000000",0.01,0
"6894577f52e529ce534f06f1","tCDIsdPF3Em8dZW3fc0B","MKH Berhad","Workflow - Premium Features","Workflow - Premium Features (inbound_webhook)","-","Aug 7th 2025, 03:36:33 PM",0.01,"268.159820","268.159820","0.000000",0.01,0
"689455955a5bbc720382d93c","jH41Z47TXtote3u6rh92","OCR Group Berhad","Workflow - Premium Features","Workflow - Premium Features (inbound_webhook)","-","Aug 7th 2025, 03:31:32 PM",0.01,"268.169820","268.169820","0.000000",0.01,0
"6894526bd7a37b2e23d6f10c","VfZvkCL9M13RPHNpCGPi","Alpha Galaxy Group","WhatsApp Marketing Messages","whatsapp_marketing_message ref: wamid.HBgLNjAxNzY3NzUxODkVAgARGBI0QTc5MERDNjQ3RDFBMjhEQTYA","-","Aug 7th 2025, 03:15:03 PM",0.0903,"268.179820","268.179820","0.000000",0.0903,0
"68944c2f46d1f29282f5fe1c","tCDIsdPF3Em8dZW3fc0B","MKH Berhad","Workflow - Premium Features","Workflow - Premium Features (inbound_webhook)","-","Aug 7th 2025, 02:49:32 PM",0.01,"268.270120","268.270120","0.000000",0.01,0
"68944c2f2c0b0b34fa5bb269","tCDIsdPF3Em8dZW3fc0B","MKH Berhad","Workflow - Premium Features","Workflow - Premium Features (inbound_webhook)","-","Aug 7th 2025, 02:48:16 PM",0.01,"268.280120","268.280120","0.000000",0.01,0
"68944c282c0b0b9edf5ba4c0","A3k6CQJPTZBR3jvZ0Fp9","Supreme Springs Sdn. Bhd.","WhatsApp Marketing Messages","whatsapp_marketing_message ref: wamid.HBgLNjAxNDkzNTI0NzgVAgARGBI3QUZFMDVBREFGOUJDMTNDRDkA","-","Aug 7th 2025, 02:48:15 PM",0.0903,"268.290120","268.290120","0.000000",0.0903,0
"68944c2146d1f2cdb4f5e1ce","A3k6CQJPTZBR3jvZ0Fp9","Supreme Springs Sdn. Bhd.","WhatsApp Marketing Messages","whatsapp_marketing_message ref: wamid.HBgLNjAxNDkzNTI0NzgVAgARGBI2ODQ4QjI2RTBBM0JDMUZBNUUA","-","Aug 7th 2025, 02:48:08 PM",0.0903,"268.380420","268.380420","0.000000",0.0903,0
"68944c1dd7a37bc4dbd415b2","A3k6CQJPTZBR3jvZ0Fp9","Supreme Springs Sdn. Bhd.","WhatsApp Marketing Messages","whatsapp_marketing_message ref: wamid.HBgLNjAxNDkzNTI0NzgVAgARGBIxRjA5OTM3Qjg3QzIzMjJFOEMA","-","Aug 7th 2025, 02:48:01 PM",0.0903,"268.470720","268.470720","0.000000",0.0903,0
"68944c1bd7a37b7996d40ff6","A3k6CQJPTZBR3jvZ0Fp9","Supreme Springs Sdn. Bhd.","WhatsApp Marketing Messages","whatsapp_marketing_message ref: wamid.HBgLNjAxNDkzNTI0NzgVAgARGBJDN0NBNjkyNkQxRjdDQUY3OTcA","-","Aug 7th 2025, 02:47:58 PM",0.0903,"268.561020","268.561020","0.000000",0.0903,0
"68944ac946d1f27627f55bff","tCDIsdPF3Em8dZW3fc0B","MKH Berhad","Workflow - Premium Features","Workflow - Premium Features (inbound_webhook)","-","Aug 7th 2025, 02:42:55 PM",0.01,"268.651320","268.651320","0.000000",0.01,0
"68944ac797a4b280d6f26948","tCDIsdPF3Em8dZW3fc0B","MKH Berhad","Workflow - Premium Features","Workflow - Premium Features (inbound_webhook)","-","Aug 7th 2025, 02:42:55 PM",0.01,"268.661320","268.661320","0.000000",0.01,0
"68944ab452e529ce2c454d95","tCDIsdPF3Em8dZW3fc0B","MKH Berhad","Workflow - Premium Features","Workflow - Premium Features (inbound_webhook)","-","Aug 7th 2025, 02:42:19 PM",0.01,"268.671320","268.671320","0.000000",0.01,0
"68944aad97a4b2be41f262d4","tCDIsdPF3Em8dZW3fc0B","MKH Berhad","Workflow - Premium Features","Workflow - Premium Features (inbound_webhook)","-","Aug 7th 2025, 02:42:00 PM",0.01,"268.681320","268.681320","0.000000",0.01,0
"68944a40d7a37b6ca7d37932","tCDIsdPF3Em8dZW3fc0B","MKH Berhad","Workflow - Premium Features","Workflow - Premium Features (inbound_webhook)","-","Aug 7th 2025, 02:40:26 PM",0.01,"268.691320","268.691320","0.000000",0.01,0
"68944a43de945259493ba11e","tCDIsdPF3Em8dZW3fc0B","MKH Berhad","Workflow - Premium Features","Workflow - Premium Features (inbound_webhook)","-","Aug 7th 2025, 02:40:26 PM",0.01,"268.701320","268.701320","0.000000",0.01,0
"68944a3fde94523b013ba096","tCDIsdPF3Em8dZW3fc0B","MKH Berhad","Workflow - Premium Features","Workflow - Premium Features (inbound_webhook)","-","Aug 7th 2025, 02:40:26 PM",0.01,"268.711320","268.711320","0.000000",0.01,0
"68944a3e5a5bbc11b07a8711","tCDIsdPF3Em8dZW3fc0B","MKH Berhad","Workflow - Premium Features","Workflow - Premium Features (inbound_webhook)","-","Aug 7th 2025, 02:40:18 PM",0.01,"268.721320","268.721320","0.000000",0.01,0
"689449bae6c1127bb46ef961","tCDIsdPF3Em8dZW3fc0B","MKH Berhad","Workflow - Premium Features","Workflow - Premium Features (inbound_webhook)","-","Aug 7th 2025, 02:38:43 PM",0.01,"268.731320","268.731320","0.000000",0.01,0
"689449b9b356b84456c3c2a7","tCDIsdPF3Em8dZW3fc0B","MKH Berhad","Workflow - Premium Features","Workflow - Premium Features (inbound_webhook)","-","Aug 7th 2025, 02:37:46 PM",0.01,"268.741320","268.741320","0.000000",0.01,0
"689449b7b356b80556c3c1e4","tCDIsdPF3Em8dZW3fc0B","MKH Berhad","Workflow - Premium Features","Workflow - Premium Features (inbound_webhook)","-","Aug 7th 2025, 02:37:45 PM",0.01,"268.751320","268.751320","0.000000",0.01,0
"689449b6073c32169a48aa0a","tCDIsdPF3Em8dZW3fc0B","MKH Berhad","Workflow - Premium Features","Workflow - Premium Features (inbound_webhook)","-","Aug 7th 2025, 02:37:43 PM",0.01,"268.761320","268.761320","0.000000",0.01,0
"6894470c46d1f21245f3fdbf","aIzvZ3CF67w8uUjkPchx","Triple Three Properties Sdn Bhd (Asia Green)","Workflow - Premium Features","Workflow - Premium Features (inbound_webhook)","-","Aug 7th 2025, 02:26:20 PM",0.01,"268.771320","268.771320","0.000000",0.01,0
"689446cc52e5294ebb43e252","aIzvZ3CF67w8uUjkPchx","Triple Three Properties Sdn Bhd (Asia Green)","Workflow - Premium Features","Workflow - Premium Features (inbound_webhook)","-","Aug 7th 2025, 02:26:20 PM",0.01,"268.781320","268.781320","0.000000",0.01,0
"689446cb5a5bbc31db7935c9","aIzvZ3CF67w8uUjkPchx","Triple Three Properties Sdn Bhd (Asia Green)","Workflow - Premium Features","Workflow - Premium Features (inbound_webhook)","-","Aug 7th 2025, 02:25:15 PM",0.01,"268.791320","268.791320","0.000000",0.01,0
"689446bc5a5bbcf76c792fab","tCDIsdPF3Em8dZW3fc0B","MKH Berhad","Workflow - Premium Features","Workflow - Premium Features (inbound_webhook)","-","Aug 7th 2025, 02:25:15 PM",0.01,"268.801320","268.801320","0.000000",0.01,0
"689446ba5a5bbcb3c8792f30","tCDIsdPF3Em8dZW3fc0B","MKH Berhad","Workflow - Premium Features","Workflow - Premium Features (inbound_webhook)","-","Aug 7th 2025, 02:25:01 PM",0.01,"268.811320","268.811320","0.000000",0.01,0
"6894465ce6c1120d446db489","tCDIsdPF3Em8dZW3fc0B","MKH Berhad","Workflow - Premium Features","Workflow - Premium Features (inbound_webhook)","-","Aug 7th 2025, 02:23:24 PM",0.01,"268.821320","268.821320","0.000000",0.01,0
"6894465cde9452937a3a3374","tCDIsdPF3Em8dZW3fc0B","MKH Berhad","Workflow - Premium Features","Workflow - Premium Features (inbound_webhook)","-","Aug 7th 2025, 02:23:24 PM",0.01,"268.831320","268.831320","0.000000",0.01,0
"68944634e6c11293e86dacb0","tCDIsdPF3Em8dZW3fc0B","MKH Berhad","Workflow - Premium Features","Workflow - Premium Features (inbound_webhook)","-","Aug 7th 2025, 02:23:24 PM",0.01,"268.841320","268.841320","0.000000",0.01,0
"68944634e6c1128be56daca6","tCDIsdPF3Em8dZW3fc0B","MKH Berhad","Workflow - Premium Features","Workflow - Premium Features (inbound_webhook)","-","Aug 7th 2025, 02:22:44 PM",0.01,"268.851320","268.851320","0.000000",0.01,0
"6894462f52e5297e3043bf3a","tCDIsdPF3Em8dZW3fc0B","MKH Berhad","Workflow - Premium Features","Workflow - Premium Features (inbound_webhook)","-","Aug 7th 2025, 02:22:44 PM",0.01,"268.861320","268.861320","0.000000",0.01,0
"6894462f52e529338143bf20","tCDIsdPF3Em8dZW3fc0B","MKH Berhad","Workflow - Premium Features","Workflow - Premium Features (inbound_webhook)","-","Aug 7th 2025, 02:22:39 PM",0.01,"268.871320","268.871320","0.000000",0.01,0
"6894462a52e529871643be57","tCDIsdPF3Em8dZW3fc0B","MKH Berhad","Workflow - Premium Features","Workflow - Premium Features (inbound_webhook)","-","Aug 7th 2025, 02:22:39 PM",0.01,"268.881320","268.881320","0.000000",0.01,0
"6894462a2c0b0b1b115981bd","tCDIsdPF3Em8dZW3fc0B","MKH Berhad","Workflow - Premium Features","Workflow - Premium Features (inbound_webhook)","-","Aug 7th 2025, 02:22:34 PM",0.01,"268.891320","268.891320","0.000000",0.01,0
"6894462452e529e50c43bd7d","tCDIsdPF3Em8dZW3fc0B","MKH Berhad","Workflow - Premium Features","Workflow - Premium Features (inbound_webhook)","-","Aug 7th 2025, 02:22:34 PM",0.01,"268.901320","268.901320","0.000000",0.01,0
"68944624b356b891b0c274cd","tCDIsdPF3Em8dZW3fc0B","MKH Berhad","Workflow - Premium Features","Workflow - Premium Features (inbound_webhook)","-","Aug 7th 2025, 02:22:28 PM",0.01,"268.911320","268.911320","0.000000",0.01,0
"6894461fd7a37b2bced1fdce","tCDIsdPF3Em8dZW3fc0B","MKH Berhad","Workflow - Premium Features","Workflow - Premium Features (inbound_webhook)","-","Aug 7th 2025, 02:22:28 PM",0.01,"268.921320","268.921320","0.000000",0.01,0
"6894461fde945225de3a2879","tCDIsdPF3Em8dZW3fc0B","MKH Berhad","Workflow - Premium Features","Workflow - Premium Features (inbound_webhook)","-","Aug 7th 2025, 02:22:23 PM",0.01,"268.931320","268.931320","0.000000",0.01,0
"6894461697a4b2ce6af0d9a7","tCDIsdPF3Em8dZW3fc0B","MKH Berhad","Workflow - Premium Features","Workflow - Premium Features (inbound_webhook)","-","Aug 7th 2025, 02:22:23 PM",0.01,"268.941320","268.941320","0.000000",0.01,0
"6894461697a4b25098f0d984","tCDIsdPF3Em8dZW3fc0B","MKH Berhad","Workflow - Premium Features","Workflow - Premium Features (inbound_webhook)","-","Aug 7th 2025, 02:22:14 PM",0.01,"268.951320","268.951320","0.000000",0.01,0
"68944509e6c112b3d16d30e7","jH41Z47TXtote3u6rh92","OCR Group Berhad","Workflow - Premium Features","Workflow - Premium Features (inbound_webhook)","-","Aug 7th 2025, 02:19:14 PM",0.01,"268.961320","268.961320","0.000000",0.01,0
"6894426e52e52929834210d8","tCDIsdPF3Em8dZW3fc0B","MKH Berhad","Workflow - Premium Features","Workflow - Premium Features (inbound_webhook)","-","Aug 7th 2025, 02:08:30 PM",0.01,"268.971320","268.971320","0.000000",0.01,0
"6894426e2c0b0be25e57d563","tCDIsdPF3Em8dZW3fc0B","MKH Berhad","Workflow - Premium Features","Workflow - Premium Features (inbound_webhook)","-","Aug 7th 2025, 02:08:30 PM",0.01,"268.981320","268.981320","0.000000",0.01,0
"6894417bb356b8b585bfa36c","tCDIsdPF3Em8dZW3fc0B","MKH Berhad","Workflow - Premium Features","Workflow - Premium Features (inbound_webhook)","-","Aug 7th 2025, 02:05:16 PM",0.01,"268.991320","268.991320","0.000000",0.01,0
"6894417b97a4b2e63aee0df2","tCDIsdPF3Em8dZW3fc0B","MKH Berhad","Workflow - Premium Features","Workflow - Premium Features (inbound_webhook)","-","Aug 7th 2025, 02:02:35 PM",0.01,"269.001320","269.001320","0.000000",0.01,0
"68943caede94525c3f34cbff","tCDIsdPF3Em8dZW3fc0B","MKH Berhad","Workflow - Premium Features","Workflow - Premium Features (inbound_webhook)","-","Aug 7th 2025, 01:44:17 PM",0.01,"269.011320","269.011320","0.000000",0.01,0
"68943cae52e529cf233e6036","tCDIsdPF3Em8dZW3fc0B","MKH Berhad","Workflow - Premium Features","Workflow - Premium Features (inbound_webhook)","-","Aug 7th 2025, 01:42:06 PM",0.01,"269.021320","269.021320","0.000000",0.01,0
"68943c8a46d1f2c20cee6fcb","tCDIsdPF3Em8dZW3fc0B","MKH Berhad","Workflow - Premium Features","Workflow - Premium Features (inbound_webhook)","-","Aug 7th 2025, 01:42:06 PM",0.01,"269.031320","269.031320","0.000000",0.01,0
"68943c8a2c0b0ba8695426c0","tCDIsdPF3Em8dZW3fc0B","MKH Berhad","Workflow - Premium Features","Workflow - Premium Features (inbound_webhook)","-","Aug 7th 2025, 01:41:30 PM",0.01,"269.041320","269.041320","0.000000",0.01,0
"68943bdf2c0b0b280053fcc2","tCDIsdPF3Em8dZW3fc0B","MKH Berhad","Workflow - Premium Features","Workflow - Premium Features (inbound_webhook)","-","Aug 7th 2025, 01:39:53 PM",0.01,"269.051320","269.051320","0.000000",0.01,0
"68943bdf2c0b0b7f8a53fcbd","tCDIsdPF3Em8dZW3fc0B","MKH Berhad","Workflow - Premium Features","Workflow - Premium Features (inbound_webhook)","-","Aug 7th 2025, 01:39:53 PM",0.01,"269.061320","269.061320","0.000000",0.01,0
"68943b87b356b8a752bccf13","tCDIsdPF3Em8dZW3fc0B","MKH Berhad","Workflow - Premium Features","Workflow - Premium Features (inbound_webhook)","-","Aug 7th 2025, 01:38:39 PM",0.01,"269.071320","269.071320","0.000000",0.01,0
"68943b87073c32c56941b189","tCDIsdPF3Em8dZW3fc0B","MKH Berhad","Workflow - Premium Features","Workflow - Premium Features (inbound_webhook)","-","Aug 7th 2025, 01:37:11 PM",0.01,"269.081320","269.081320","0.000000",0.01,0
"68943b645a5bbc470d736ec4","tCDIsdPF3Em8dZW3fc0B","MKH Berhad","Workflow - Premium Features","Workflow - Premium Features (inbound_webhook)","-","Aug 7th 2025, 01:37:11 PM",0.01,"269.091320","269.091320","0.000000",0.01,0
"68943b64d7a37b5397cc5bb9","tCDIsdPF3Em8dZW3fc0B","MKH Berhad","Workflow - Premium Features","Workflow - Premium Features (inbound_webhook)","-","Aug 7th 2025, 01:36:36 PM",0.01,"269.101320","269.101320","0.000000",0.01,0
"68943b4d97a4b24282eb2b64","tCDIsdPF3Em8dZW3fc0B","MKH Berhad","Workflow - Premium Features","Workflow - Premium Features (inbound_webhook)","-","Aug 7th 2025, 01:36:36 PM",0.01,"269.111320","269.111320","0.000000",0.01,0
"68943b4d46d1f222e2ee1b5f","tCDIsdPF3Em8dZW3fc0B","MKH Berhad","Workflow - Premium Features","Workflow - Premium Features (inbound_webhook)","-","Aug 7th 2025, 01:36:36 PM",0.01,"269.121320","269.121320","0.000000",0.01,0
"68943ab4b356b84442bc7ddf","tCDIsdPF3Em8dZW3fc0B","MKH Berhad","Workflow - Premium Features","Workflow - Premium Features (inbound_webhook)","-","Aug 7th 2025, 01:35:13 PM",0.01,"269.131320","269.131320","0.000000",0.01,0
"68943ab4b356b8cb70bc7ddc","tCDIsdPF3Em8dZW3fc0B","MKH Berhad","Workflow - Premium Features","Workflow - Premium Features (inbound_webhook)","-","Aug 7th 2025, 01:35:13 PM",0.01,"269.141320","269.141320","0.000000",0.01,0
"689439bfde9452163633a99f","tCDIsdPF3Em8dZW3fc0B","MKH Berhad","Workflow - Premium Features","Workflow - Premium Features (inbound_webhook)","-","Aug 7th 2025, 01:29:44 PM",0.01,"269.151320","269.151320","0.000000",0.01,0
"689439bf52e52946273d472e","tCDIsdPF3Em8dZW3fc0B","MKH Berhad","Workflow - Premium Features","Workflow - Premium Features (inbound_webhook)","-","Aug 7th 2025, 01:29:44 PM",0.01,"269.161320","269.161320","0.000000",0.01,0
"689438e8e6c1122d7a66bd03","tCDIsdPF3Em8dZW3fc0B","MKH Berhad","Workflow - Premium Features","Workflow - Premium Features (inbound_webhook)","-","Aug 7th 2025, 01:26:00 PM",0.01,"269.171320","269.171320","0.000000",0.01,0
"689438e8de94523721332f83","tCDIsdPF3Em8dZW3fc0B","MKH Berhad","Workflow - Premium Features","Workflow - Premium Features (inbound_webhook)","-","Aug 7th 2025, 01:26:00 PM",0.01,"269.181320","269.181320","0.000000",0.01,0
"689438e6b356b80ef9bb8a3d","tCDIsdPF3Em8dZW3fc0B","MKH Berhad","Workflow - Premium Features","Workflow - Premium Features (inbound_webhook)","-","Aug 7th 2025, 01:26:00 PM",0.01,"269.191320","269.191320","0.000000",0.01,0
"689438e646d1f2996cece8dd","tCDIsdPF3Em8dZW3fc0B","MKH Berhad","Workflow - Premium Features","Workflow - Premium Features (inbound_webhook)","-","Aug 7th 2025, 01:25:58 PM",0.01,"269.201320","269.201320","0.000000",0.01,0
"68943853e6c112e281668b36","jH41Z47TXtote3u6rh92","OCR Group Berhad","Workflow - Premium Features","Workflow - Premium Features (inbound_webhook)","-","Aug 7th 2025, 01:25:11 PM",0.01,"269.211320","269.211320","0.000000",0.01,0
"68943753e6c11252dd664490","tCDIsdPF3Em8dZW3fc0B","MKH Berhad","Workflow - Premium Features","Workflow - Premium Features (inbound_webhook)","-","Aug 7th 2025, 01:20:10 PM",0.01,"269.221320","269.221320","0.000000",0.01,0
"68943753e6c1120c5b66448a","tCDIsdPF3Em8dZW3fc0B","MKH Berhad","Workflow - Premium Features","Workflow - Premium Features (inbound_webhook)","-","Aug 7th 2025, 01:20:10 PM",0.01,"269.231320","269.231320","0.000000",0.01,0
"689436135a5bbc4ead7129c8","VfZvkCL9M13RPHNpCGPi","Alpha Galaxy Group","WhatsApp Marketing Messages","whatsapp_marketing_message ref: wamid.HBgLNjAxMjI1MDYzODYVAgARGBI3NUUwQzY4Rjc0MTFDMkI5RDMA","-","Aug 7th 2025, 01:15:07 PM",0.0903,"269.241320","269.241320","0.000000",0.0903,0
"689434cd073c3210d83f03e1","VfZvkCL9M13RPHNpCGPi","Alpha Galaxy Group","WhatsApp Marketing Messages","whatsapp_marketing_message ref: wamid.HBgLNjAxMDI5NjgwNzYVAgARGBJENTc0NTJFM0IyRjg2OEQ4NDYA","-","Aug 7th 2025, 01:10:10 PM",0.0903,"269.331620","269.331620","0.000000",0.0903,0
"689434c42c0b0ba64251353c","tCDIsdPF3Em8dZW3fc0B","MKH Berhad","Workflow - Premium Features","Workflow - Premium Features (inbound_webhook)","-","Aug 7th 2025, 01:08:29 PM",0.01,"269.421920","269.421920","0.000000",0.01,0
"689434c3d7a37b2d27c9a8df","tCDIsdPF3Em8dZW3fc0B","MKH Berhad","Workflow - Premium Features","Workflow - Premium Features (inbound_webhook)","-","Aug 7th 2025, 01:08:20 PM",0.01,"269.431920","269.431920","0.000000",0.01,0
"689434b5b356b8ee03ba15ef","rsdW1sEFWbzzULIapmdQ","Platinum Victory","Workflow - Premium Features","Workflow - Premium Features (inbound_webhook)","-","Aug 7th 2025, 01:08:19 PM",0.01,"269.441920","269.441920","0.000000",0.01,0
"689434aade945282d331b7e7","tCDIsdPF3Em8dZW3fc0B","MKH Berhad","Workflow - Premium Features","Workflow - Premium Features (inbound_webhook)","-","Aug 7th 2025, 01:08:06 PM",0.01,"269.451920","269.451920","0.000000",0.01,0
"689434aade9452405f31b7e0","tCDIsdPF3Em8dZW3fc0B","MKH Berhad","Workflow - Premium Features","Workflow - Premium Features (inbound_webhook)","-","Aug 7th 2025, 01:08:06 PM",0.01,"269.461920","269.461920","0.000000",0.01,0
"6894349d52e5295b873b56bb","tCDIsdPF3Em8dZW3fc0B","MKH Berhad","Workflow - Premium Features","Workflow - Premium Features (inbound_webhook)","-","Aug 7th 2025, 01:07:54 PM",0.01,"269.471920","269.471920","0.000000",0.01,0
"6894349db356b898f3ba0e91","tCDIsdPF3Em8dZW3fc0B","MKH Berhad","Workflow - Premium Features","Workflow - Premium Features (inbound_webhook)","-","Aug 7th 2025, 01:07:41 PM",0.01,"269.481920","269.481920","0.000000",0.01,0
"6894348cb356b8456dba0a1c","VfZvkCL9M13RPHNpCGPi","Alpha Galaxy Group","WhatsApp Marketing Messages","whatsapp_marketing_message ref: wamid.HBgLNjAxMDI0MDA5OTYVAgARGBJBNjFDRkZBREExN0VCRTY1QzEA","-","Aug 7th 2025, 01:07:41 PM",0.0903,"269.491920","269.491920","0.000000",0.0903,0
"689434692c0b0bbe0a511c5d","tCDIsdPF3Em8dZW3fc0B","MKH Berhad","Workflow - Premium Features","Workflow - Premium Features (inbound_webhook)","-","Aug 7th 2025, 01:07:24 PM",0.01,"269.582220","269.582220","0.000000",0.01,0
"689434692c0b0b569f511c56","tCDIsdPF3Em8dZW3fc0B","MKH Berhad","Workflow - Premium Features","Workflow - Premium Features (inbound_webhook)","-","Aug 7th 2025, 01:06:49 PM",0.01,"269.592220","269.592220","0.000000",0.01,0
"68943373b356b89f19b95cd7","tCDIsdPF3Em8dZW3fc0B","MKH Berhad","Workflow - Premium Features","Workflow - Premium Features (inbound_webhook)","-","Aug 7th 2025, 01:02:46 PM",0.01,"269.602220","269.602220","0.000000",0.01,0
"68943373073c3228c33e4604","tCDIsdPF3Em8dZW3fc0B","MKH Berhad","Workflow - Premium Features","Workflow - Premium Features (inbound_webhook)","-","Aug 7th 2025, 01:02:46 PM",0.01,"269.612220","269.612220","0.000000",0.01,0
"689433342c0b0b60c9505617","BXuCudh2EKUEmv1gC4ai","SJ360","Emails","Email ref: lcHRLPhjWNW5m8U3ZOCD","-","Aug 7th 2025, 01:02:11 PM",0.000675,"269.622220","269.622220","0.000000",0.000675,0
"689432e75a5bbc12416f8f3f","tCDIsdPF3Em8dZW3fc0B","MKH Berhad","Workflow - Premium Features","Workflow - Premium Features (inbound_webhook)","-","Aug 7th 2025, 01:01:40 PM",0.01,"269.622895","269.622895","0.000000",0.01,0
"689432e652e529051e3a2cd9","tCDIsdPF3Em8dZW3fc0B","MKH Berhad","Workflow - Premium Features","Workflow - Premium Features (inbound_webhook)","-","Aug 7th 2025, 01:00:23 PM",0.01,"269.632895","269.632895","0.000000",0.01,0
"689432ce5a5bbc74b66f8045","tCDIsdPF3Em8dZW3fc0B","MKH Berhad","Workflow - Premium Features","Workflow - Premium Features (inbound_webhook)","-","Aug 7th 2025, 01:00:08 PM",0.01,"269.642895","269.642895","0.000000",0.01,0
"689432cd46d1f20bb8ea3715","tCDIsdPF3Em8dZW3fc0B","MKH Berhad","Workflow - Premium Features","Workflow - Premium Features (inbound_webhook)","-","Aug 7th 2025, 12:59:58 PM",0.01,"269.652895","269.652895","0.000000",0.01,0
"689432cb52e529de183a1c4d","tCDIsdPF3Em8dZW3fc0B","MKH Berhad","Workflow - Premium Features","Workflow - Premium Features (inbound_webhook)","-","Aug 7th 2025, 12:59:57 PM",0.01,"269.662895","269.662895","0.000000",0.01,0
"689432cb52e5297e043a1c3e","tCDIsdPF3Em8dZW3fc0B","MKH Berhad","Workflow - Premium Features","Workflow - Premium Features (inbound_webhook)","-","Aug 7th 2025, 12:59:57 PM",0.01,"269.672895","269.672895","0.000000",0.01,0
"689430ea073c3209af3d2302","BXuCudh2EKUEmv1gC4ai","SJ360","Emails","Email ref: sEtFGcwnORUiL3xFYdUL","-","Aug 7th 2025, 12:52:52 PM",0.000675,"269.682895","269.682895","0.000000",0.000675,0
"68942edf52e52963a738d1f1","jH41Z47TXtote3u6rh92","OCR Group Berhad","Workflow - Premium Features","Workflow - Premium Features (inbound_webhook)","-","Aug 7th 2025, 12:45:10 PM",0.01,"269.683570","269.683570","0.000000",0.01,0
"68942e9c073c32a8843c5fa9","jH41Z47TXtote3u6rh92","OCR Group Berhad","Workflow - Premium Features","Workflow - Premium Features (inbound_webhook)","-","Aug 7th 2025, 12:42:11 PM",0.01,"269.693570","269.693570","0.000000",0.01,0
"6894292e2c0b0b88d94c79ff","BXuCudh2EKUEmv1gC4ai","SJ360","Emails","Email ref: 8tppzYAujjQp4lW5fWeO","-","Aug 7th 2025, 12:19:34 PM",0.000675,"269.703570","269.703570","0.000000",0.000675,0
"689427965a5bbcc6866b855a","tCDIsdPF3Em8dZW3fc0B","MKH Berhad","Workflow - Premium Features","Workflow - Premium Features (inbound_webhook)","-","Aug 7th 2025, 12:14:41 PM",0.01,"269.704245","269.704245","0.000000",0.01,0
"689427965a5bbc032c6b854e","tCDIsdPF3Em8dZW3fc0B","MKH Berhad","Workflow - Premium Features","Workflow - Premium Features (inbound_webhook)","-","Aug 7th 2025, 12:14:41 PM",0.01,"269.714245","269.714245","0.000000",0.01,0
"6894274ade94526d532c717c","jH41Z47TXtote3u6rh92","OCR Group Berhad","Workflow - Premium Features","Workflow - Premium Features (inbound_webhook)","-","Aug 7th 2025, 12:10:52 PM",0.01,"269.724245","269.724245","0.000000",0.01,0
"6894269052e5291ee635d959",,,"Email Notifications","EmailNotification ref: 6894268f496163461a3eae79","-","Aug 7th 2025, 12:10:07 PM",0.015525,"269.734245","269.734245","0.000000",0.015525,0
"689425b05a5bbc1eac6ae693","yislM4BFwd5JtlwXtKZM","JM Motor Venture (authorized Honda 3S dealer)","WhatsApp Marketing Messages","whatsapp_marketing_message ref: wamid.HBgLNjAxOTQxNDQ5OTgVAgARGBIyRkY3Qjg1QURFREUwMjc5NzIA","-","Aug 7th 2025, 12:04:05 PM",0.0903,"269.749770","269.749770","0.000000",0.0903,0
"689425b0b356b834bdb441d6","yislM4BFwd5JtlwXtKZM","JM Motor Venture (authorized Honda 3S dealer)","WhatsApp Marketing Messages","whatsapp_marketing_message ref: wamid.HBgLNjAxOTQ2MDU4NDEVAgARGBJGMDY1QzIyRTQ1MEUzRTAzMjMA","-","Aug 7th 2025, 12:04:00 PM",0.0903,"269.840070","269.840070","0.000000",0.0903,0
"689425b0073c32507c391fcc","yislM4BFwd5JtlwXtKZM","JM Motor Venture (authorized Honda 3S dealer)","WhatsApp Marketing Messages","whatsapp_marketing_message ref: wamid.HBgLNjAxNjQ2MDI3MzUVAgARGBJDRTJDMjhBMjJDQTMxOTUxQTUA","-","Aug 7th 2025, 12:04:00 PM",0.0903,"269.930370","269.930370","0.000000",0.0903,0
"6894259197a4b2a70ae2a54c","UH6LDXjqUpp906LIRgXJ","Honda Butterworth - Formula Venture Sdn Bhd","WhatsApp Marketing Messages","whatsapp_marketing_message ref: wamid.HBgLNjAxMjQyMTc0MTkVAgARGBI1NUMzRUU3MTlGMjIyN0MzMTUA","-","Aug 7th 2025, 12:03:48 PM",0.0903,"270.020670","270.020670","0.000000",0.0903,0
"6894259097a4b2466ae2a50b","UH6LDXjqUpp906LIRgXJ","Honda Butterworth - Formula Venture Sdn Bhd","WhatsApp Marketing Messages","whatsapp_marketing_message ref: wamid.HBgLNjAxMjgzMzAxMjEVAgARGBI0NTU1QUIyQTM5QTFFRUU4RUMA","-","Aug 7th 2025, 12:03:29 PM",0.0903,"270.110970","270.110970","0.000000",0.0903,0
"6894258f5a5bbc54236ad7af","UH6LDXjqUpp906LIRgXJ","Honda Butterworth - Formula Venture Sdn Bhd","WhatsApp Marketing Messages","whatsapp_marketing_message ref: wamid.HBgLNjAxNzQ5NDEyNjIVAgARGBJFMzc0QzU1OEY4MUY1NjIxNDYA","-","Aug 7th 2025, 12:03:28 PM",0.0903,"270.201270","270.201270","0.000000",0.0903,0
"68942264de945205412a4f48","tCDIsdPF3Em8dZW3fc0B","MKH Berhad","Workflow - Premium Features","Workflow - Premium Features (inbound_webhook)","-","Aug 7th 2025, 11:50:06 AM",0.01,"270.291570","270.291570","0.000000",0.01,0
"6894226452e52956df33e6ff","tCDIsdPF3Em8dZW3fc0B","MKH Berhad","Workflow - Premium Features","Workflow - Premium Features (inbound_webhook)","-","Aug 7th 2025, 11:49:56 AM",0.01,"270.301570","270.301570","0.000000",0.01,0
"68941f5db356b8dfacb1a8b7","tCDIsdPF3Em8dZW3fc0B","MKH Berhad","Workflow - Premium Features","Workflow - Premium Features (inbound_webhook)","-","Aug 7th 2025, 11:37:04 AM",0.01,"270.311570","270.311570","0.000000",0.01,0
"68941f5d073c32731c368633","tCDIsdPF3Em8dZW3fc0B","MKH Berhad","Workflow - Premium Features","Workflow - Premium Features (inbound_webhook)","-","Aug 7th 2025, 11:37:01 AM",0.01,"270.321570","270.321570","0.000000",0.01,0
"68941f49e6c11253f85cce20","jH41Z47TXtote3u6rh92","OCR Group Berhad","Workflow - Premium Features","Workflow - Premium Features (inbound_webhook)","-","Aug 7th 2025, 11:37:01 AM",0.01,"270.331570","270.331570","0.000000",0.01,0
"68941d97e6c11297bb5c3259","tCDIsdPF3Em8dZW3fc0B","MKH Berhad","Workflow - Premium Features","Workflow - Premium Features (inbound_webhook)","-","Aug 7th 2025, 11:30:11 AM",0.01,"270.341570","270.341570","0.000000",0.01,0
"68941d9652e5298dc4323fc6","tCDIsdPF3Em8dZW3fc0B","MKH Berhad","Workflow - Premium Features","Workflow - Premium Features (inbound_webhook)","-","Aug 7th 2025, 11:29:27 AM",0.01,"270.351570","270.351570","0.000000",0.01,0
"68941d832c0b0b0460481225","tCDIsdPF3Em8dZW3fc0B","MKH Berhad","Workflow - Premium Features","Workflow - Premium Features (inbound_webhook)","-","Aug 7th 2025, 11:29:26 AM",0.01,"270.361570","270.361570","0.000000",0.01,0
"68941d82073c32532035ded3","tCDIsdPF3Em8dZW3fc0B","MKH Berhad","Workflow - Premium Features","Workflow - Premium Features (inbound_webhook)","-","Aug 7th 2025, 11:29:07 AM",0.01,"270.371570","270.371570","0.000000",0.01,0
"68941cfd97a4b238c2df46a9","jH41Z47TXtote3u6rh92","OCR Group Berhad","Workflow - Premium Features","Workflow - Premium Features (inbound_webhook)","-","Aug 7th 2025, 11:29:06 AM",0.01,"270.381570","270.381570","0.000000",0.01,0
"68941c5cb356b8ab96b0af9d","tCDIsdPF3Em8dZW3fc0B","MKH Berhad","Workflow - Premium Features","Workflow - Premium Features (inbound_webhook)","-","Aug 7th 2025, 11:25:05 AM",0.01,"270.391570","270.391570","0.000000",0.01,0
"68941c5c46d1f21124e1fd6d","tCDIsdPF3Em8dZW3fc0B","MKH Berhad","Workflow - Premium Features","Workflow - Premium Features (inbound_webhook)","-","Aug 7th 2025, 11:24:12 AM",0.01,"270.401570","270.401570","0.000000",0.01,0
"68941bfad7a37b3a21c01624","WphrMU0x3Ocd2pEpBJcH","Demo","Workflow - Premium Features","Workflow - Premium Features (inbound_webhook)","-","Aug 7th 2025, 11:23:44 AM",0.01,"270.411570","270.411570","0.000000",0.01,0
"68941af1e6c11241845b4c8d","WphrMU0x3Ocd2pEpBJcH","Demo","Workflow - Premium Features","Workflow - Premium Features (inbound_webhook)","-","Aug 7th 2025, 11:20:08 AM",0.01,"270.421570","270.421570","0.000000",0.01,0
"68941aeb2c0b0b6cbe47361e","aIzvZ3CF67w8uUjkPchx","Triple Three Properties Sdn Bhd (Asia Green)","Workflow - Premium Features","Workflow - Premium Features (inbound_webhook)","-","Aug 7th 2025, 11:18:03 AM",0.01,"270.431570","270.431570","0.000000",0.01,0
"689417802c0b0b31e54618d3","tCDIsdPF3Em8dZW3fc0B","MKH Berhad","Workflow - Premium Features","Workflow - Premium Features (inbound_webhook)","-","Aug 7th 2025, 11:03:43 AM",0.01,"270.441570","270.441570","0.000000",0.01,0
"689417802c0b0b74054618cd","tCDIsdPF3Em8dZW3fc0B","MKH Berhad","Workflow - Premium Features","Workflow - Premium Features (inbound_webhook)","-","Aug 7th 2025, 11:03:43 AM",0.01,"270.451570","270.451570","0.000000",0.01,0
"6894177cb356b844b0aeffad","tCDIsdPF3Em8dZW3fc0B","MKH Berhad","Workflow - Premium Features","Workflow - Premium Features (inbound_webhook)","-","Aug 7th 2025, 11:03:25 AM",0.01,"270.461570","270.461570","0.000000",0.01,0
"6894177cde945297d926a303","tCDIsdPF3Em8dZW3fc0B","MKH Berhad","Workflow - Premium Features","Workflow - Premium Features (inbound_webhook)","-","Aug 7th 2025, 11:03:24 AM",0.01,"270.471570","270.471570","0.000000",0.01,0
"68941753d7a37b22c2be6954","tCDIsdPF3Em8dZW3fc0B","MKH Berhad","Workflow - Premium Features","Workflow - Premium Features (inbound_webhook)","-","Aug 7th 2025, 11:03:00 AM",0.01,"270.481570","270.481570","0.000000",0.01,0
"68941753de9452432b2687dd","tCDIsdPF3Em8dZW3fc0B","MKH Berhad","Workflow - Premium Features","Workflow - Premium Features (inbound_webhook)","-","Aug 7th 2025, 11:02:43 AM",0.01,"270.491570","270.491570","0.000000",0.01,0
"68941752d7a37b5ac3be67bf","tCDIsdPF3Em8dZW3fc0B","MKH Berhad","Workflow - Premium Features","Workflow - Premium Features (inbound_webhook)","-","Aug 7th 2025, 11:02:43 AM",0.01,"270.501570","270.501570","0.000000",0.01,0
"68941752073c32d1d933c273","tCDIsdPF3Em8dZW3fc0B","MKH Berhad","Workflow - Premium Features","Workflow - Premium Features (inbound_webhook)","-","Aug 7th 2025, 11:02:42 AM",0.01,"270.511570","270.511570","0.000000",0.01,0
"68941744d7a37b1426be5bde","tCDIsdPF3Em8dZW3fc0B","MKH Berhad","Workflow - Premium Features","Workflow - Premium Features (inbound_webhook)","-","Aug 7th 2025, 11:02:42 AM",0.01,"270.521570","270.521570","0.000000",0.01,0
"68941744073c323a3933b6da","tCDIsdPF3Em8dZW3fc0B","MKH Berhad","Workflow - Premium Features","Workflow - Premium Features (inbound_webhook)","-","Aug 7th 2025, 11:02:28 AM",0.01,"270.531570","270.531570","0.000000",0.01,0
"68941737b356b8216daecd07","tCDIsdPF3Em8dZW3fc0B","MKH Berhad","Workflow - Premium Features","Workflow - Premium Features (inbound_webhook)","-","Aug 7th 2025, 11:02:28 AM",0.01,"270.541570","270.541570","0.000000",0.01,0
"68941737b356b86a58aeccf4","tCDIsdPF3Em8dZW3fc0B","MKH Berhad","Workflow - Premium Features","Workflow - Premium Features (inbound_webhook)","-","Aug 7th 2025, 11:02:28 AM",0.01,"270.551570","270.551570","0.000000",0.01,0
"689415bfb356b8a9b6ae0638","tCDIsdPF3Em8dZW3fc0B","MKH Berhad","Workflow - Premium Features","Workflow - Premium Features (inbound_webhook)","-","Aug 7th 2025, 10:59:17 AM",0.01,"270.561570","270.561570","0.000000",0.01,0
"689415bf2c0b0ba008451b4f","tCDIsdPF3Em8dZW3fc0B","MKH Berhad","Workflow - Premium Features","Workflow - Premium Features (inbound_webhook)","-","Aug 7th 2025, 10:55:59 AM",0.01,"270.571570","270.571570","0.000000",0.01,0
"689415785a5bbccc8d6489fd","tCDIsdPF3Em8dZW3fc0B","MKH Berhad","Workflow - Premium Features","Workflow - Premium Features (inbound_webhook)","-","Aug 7th 2025, 10:55:11 AM",0.01,"270.581570","270.581570","0.000000",0.01,0
"689415785a5bbc0c606489fa","tCDIsdPF3Em8dZW3fc0B","MKH Berhad","Workflow - Premium Features","Workflow - Premium Features (inbound_webhook)","-","Aug 7th 2025, 10:55:11 AM",0.01,"270.591570","270.591570","0.000000",0.01,0
"689412b92c0b0bf64f43d4ff","tCDIsdPF3Em8dZW3fc0B","MKH Berhad","Workflow - Premium Features","Workflow - Premium Features (inbound_webhook)","-","Aug 7th 2025, 10:45:10 AM",0.01,"270.601570","270.601570","0.000000",0.01,0
"689412b8e6c112cd6157eb5b","tCDIsdPF3Em8dZW3fc0B","MKH Berhad","Workflow - Premium Features","Workflow - Premium Features (inbound_webhook)","-","Aug 7th 2025, 10:43:05 AM",0.01,"270.611570","270.611570","0.000000",0.01,0
"689411a2e6c11296fd5792f2","VfZvkCL9M13RPHNpCGPi","Alpha Galaxy Group","WhatsApp Marketing Messages","whatsapp_marketing_message ref: wamid.HBgLNjAxNjgzNTgxNzUVAgARGBIwMDY3NjAxREIyMjMyRDE5MkUA","-","Aug 7th 2025, 10:39:35 AM",0.0903,"270.621570","270.621570","0.000000",0.0903,0
"689410205a5bbced5662627c","rsdW1sEFWbzzULIapmdQ","Platinum Victory","WhatsApp Marketing Messages","whatsapp_marketing_message ref: wamid.HBgLNjAxNjY0NjIxMDgVAgARGBI1RTc2NkRDMUIwMERDRDI3RUMA","-","Aug 7th 2025, 10:32:01 AM",0.0903,"270.711870","270.711870","0.000000",0.0903,0
"68940fcfde9452c72c2319e0","rsdW1sEFWbzzULIapmdQ","Platinum Victory","WhatsApp Marketing Messages","whatsapp_marketing_message ref: wamid.HBgLNjAxNzI1OTQ5NTcVAgARGBIwOTIxRTQwODRCQjA1MjkxRDMA","-","Aug 7th 2025, 10:30:40 AM",0.0903,"270.802170","270.802170","0.000000",0.0903,0
"68940f6d5707554bfbb1ad60","jH41Z47TXtote3u6rh92","OCR Group Berhad","Workflow - Premium Features","Workflow - Premium Features (inbound_webhook)","-","Aug 7th 2025, 10:30:29 AM",0.01,"270.892470","270.892470","0.000000",0.01,0
"68940f6ae6c11226c45671b3","jH41Z47TXtote3u6rh92","OCR Group Berhad","Workflow - Premium Features","Workflow - Premium Features (inbound_webhook)","-","Aug 7th 2025, 10:29:01 AM",0.01,"270.902470","270.902470","0.000000",0.01,0
"68940f20a8e7aa220f954d20","VfZvkCL9M13RPHNpCGPi","Alpha Galaxy Group","Workflow - Premium Features","Workflow - Premium Features (inbound_webhook)","-","Aug 7th 2025, 10:28:58 AM",0.01,"270.912470","270.912470","0.000000",0.01,0
"68940e872c0b0ba60d421d74","tCDIsdPF3Em8dZW3fc0B","MKH Berhad","Workflow - Premium Features","Workflow - Premium Features (inbound_webhook)","-","Aug 7th 2025, 10:25:11 AM",0.01,"270.922470","270.922470","0.000000",0.01,0
"68940e86d7a37b1b98ba92f6","tCDIsdPF3Em8dZW3fc0B","MKH Berhad","Workflow - Premium Features","Workflow - Premium Features (inbound_webhook)","-","Aug 7th 2025, 10:25:11 AM",0.01,"270.932470","270.932470","0.000000",0.01,0
"68940a3a52e52905522ad33a","tCDIsdPF3Em8dZW3fc0B","MKH Berhad","Workflow - Premium Features","Workflow - Premium Features (inbound_webhook)","-","Aug 7th 2025, 10:09:13 AM",0.01,"270.942470","270.942470","0.000000",0.01,0
"68940a38e6c112109554c816","tCDIsdPF3Em8dZW3fc0B","MKH Berhad","Workflow - Premium Features","Workflow - Premium Features (inbound_webhook)","-","Aug 7th 2025, 10:06:50 AM",0.01,"270.952470","270.952470","0.000000",0.01,0
"68940a365707556cdcafffe8","tCDIsdPF3Em8dZW3fc0B","MKH Berhad","Workflow - Premium Features","Workflow - Premium Features (inbound_webhook)","-","Aug 7th 2025, 10:06:48 AM",0.01,"270.962470","270.962470","0.000000",0.01,0
"68940a36e7eb626fb8379447","tCDIsdPF3Em8dZW3fc0B","MKH Berhad","Workflow - Premium Features","Workflow - Premium Features (inbound_webhook)","-","Aug 7th 2025, 10:06:46 AM",0.01,"270.972470","270.972470","0.000000",0.01,0
"689409c7073c32cc1c2e41c5","tCDIsdPF3Em8dZW3fc0B","MKH Berhad","Workflow - Premium Features","Workflow - Premium Features (inbound_webhook)","-","Aug 7th 2025, 10:05:09 AM",0.01,"270.982470","270.982470","0.000000",0.01,0
"689409c72c0b0bf445406741","tCDIsdPF3Em8dZW3fc0B","MKH Berhad","Workflow - Premium Features","Workflow - Premium Features (inbound_webhook)","-","Aug 7th 2025, 10:04:55 AM",0.01,"270.992470","270.992470","0.000000",0.01,0
"6894086980a64fabc96cf416","tCDIsdPF3Em8dZW3fc0B","MKH Berhad","Workflow - Premium Features","Workflow - Premium Features (inbound_webhook)","-","Aug 7th 2025, 10:00:12 AM",0.01,"271.002470","271.002470","0.000000",0.01,0
"6894086997a4b26b78d6ce41","tCDIsdPF3Em8dZW3fc0B","MKH Berhad","Workflow - Premium Features","Workflow - Premium Features (inbound_webhook)","-","Aug 7th 2025, 10:00:12 AM",0.01,"271.012470","271.012470","0.000000",0.01,0
"68940868e6c11247bc539a09","tCDIsdPF3Em8dZW3fc0B","MKH Berhad","Workflow - Premium Features","Workflow - Premium Features (inbound_webhook)","-","Aug 7th 2025, 09:59:05 AM",0.01,"271.022470","271.022470","0.000000",0.01,0
"68940867a8e7aa1949928062","tCDIsdPF3Em8dZW3fc0B","MKH Berhad","Workflow - Premium Features","Workflow - Premium Features (inbound_webhook)","-","Aug 7th 2025, 09:59:04 AM",0.01,"271.032470","271.032470","0.000000",0.01,0
"6894080f97a4b229a5d6b1ef","tCDIsdPF3Em8dZW3fc0B","MKH Berhad","Workflow - Premium Features","Workflow - Premium Features (inbound_webhook)","-","Aug 7th 2025, 09:58:56 AM",0.01,"271.042470","271.042470","0.000000",0.01,0
"6894080ee6c112596c537c8d","tCDIsdPF3Em8dZW3fc0B","MKH Berhad","Workflow - Premium Features","Workflow - Premium Features (inbound_webhook)","-","Aug 7th 2025, 09:57:35 AM",0.01,"271.052470","271.052470","0.000000",0.01,0
"689407ddd7a37beae3b7af90","tCDIsdPF3Em8dZW3fc0B","MKH Berhad","Workflow - Premium Features","Workflow - Premium Features (inbound_webhook)","-","Aug 7th 2025, 09:57:34 AM",0.01,"271.062470","271.062470","0.000000",0.01,0
"689407dbb356b88d81a830ad","tCDIsdPF3Em8dZW3fc0B","MKH Berhad","Workflow - Premium Features","Workflow - Premium Features (inbound_webhook)","-","Aug 7th 2025, 09:56:45 AM",0.01,"271.072470","271.072470","0.000000",0.01,0
"689407b180a64fb9a16cab4a","tCDIsdPF3Em8dZW3fc0B","MKH Berhad","Workflow - Premium Features","Workflow - Premium Features (inbound_webhook)","-","Aug 7th 2025, 09:56:43 AM",0.01,"271.082470","271.082470","0.000000",0.01,0
"689407b0073c326d642cfe61","tCDIsdPF3Em8dZW3fc0B","MKH Berhad","Workflow - Premium Features","Workflow - Premium Features (inbound_webhook)","-","Aug 7th 2025, 09:56:01 AM",0.01,"271.092470","271.092470","0.000000",0.01,0
"689407aed7a37bcd5eb79962","tCDIsdPF3Em8dZW3fc0B","MKH Berhad","Workflow - Premium Features","Workflow - Premium Features (inbound_webhook)","-","Aug 7th 2025, 09:56:00 AM",0.01,"271.102470","271.102470","0.000000",0.01,0
"689407ae2c0b0b07a63f2494","tCDIsdPF3Em8dZW3fc0B","MKH Berhad","Workflow - Premium Features","Workflow - Premium Features (inbound_webhook)","-","Aug 7th 2025, 09:56:00 AM",0.01,"271.112470","271.112470","0.000000",0.01,0
"689405cda8e7aa1cc3919c76","WphrMU0x3Ocd2pEpBJcH","Demo","Workflow - Premium Features","Workflow - Premium Features (inbound_webhook)","-","Aug 7th 2025, 09:50:07 AM",0.01,"271.122470","271.122470","0.000000",0.01,0
"689404ef570755fab1ad7a54","E0H7r1mN6ry0kv4uGZ6L","Radium Development Berhad","WhatsApp Marketing Messages","whatsapp_marketing_message ref: wamid.HBgLNjAxNjUxNzc4MzIVAgARGBI3Mzc5MjI1NDA2QjI5OTQwMUMA","-","Aug 7th 2025, 09:45:13 AM",0.0903,"271.132470","271.132470","0.000000",0.0903,0
"689402b697a4b25533d4b93f","E0H7r1mN6ry0kv4uGZ6L","Radium Development Berhad","Workflow - Premium Features","Workflow - Premium Features (inbound_webhook)","-","Aug 7th 2025, 09:35:14 AM",0.01,"271.222770","271.222770","0.000000",0.01,0
"689402ab78df65407462ec08","tCDIsdPF3Em8dZW3fc0B","MKH Berhad","Workflow - Premium Features","Workflow - Premium Features (inbound_webhook)","-","Aug 7th 2025, 09:34:46 AM",0.01,"271.232770","271.232770","0.000000",0.01,0
"689402aae7eb625175344537","tCDIsdPF3Em8dZW3fc0B","MKH Berhad","Workflow - Premium Features","Workflow - Premium Features (inbound_webhook)","-","Aug 7th 2025, 09:34:35 AM",0.01,"271.242770","271.242770","0.000000",0.01,0
"689402a40fc59f7b2741678b","tCDIsdPF3Em8dZW3fc0B","MKH Berhad","Workflow - Premium Features","Workflow - Premium Features (inbound_webhook)","-","Aug 7th 2025, 09:34:34 AM",0.01,"271.252770","271.252770","0.000000",0.01,0
"689402a4d3db4aacf709501c","tCDIsdPF3Em8dZW3fc0B","MKH Berhad","Workflow - Premium Features","Workflow - Premium Features (inbound_webhook)","-","Aug 7th 2025, 09:34:28 AM",0.01,"271.262770","271.262770","0.000000",0.01,0
"689402a480a64f141c6ad10c","tCDIsdPF3Em8dZW3fc0B","MKH Berhad","Workflow - Premium Features","Workflow - Premium Features (inbound_webhook)","-","Aug 7th 2025, 09:34:28 AM",0.01,"271.272770","271.272770","0.000000",0.01,0
"689402a3e6c11265a25179c2","tCDIsdPF3Em8dZW3fc0B","MKH Berhad","Workflow - Premium Features","Workflow - Premium Features (inbound_webhook)","-","Aug 7th 2025, 09:34:28 AM",0.01,"271.282770","271.282770","0.000000",0.01,0
"689400e752e529949526b5af","tCDIsdPF3Em8dZW3fc0B","MKH Berhad","Workflow - Premium Features","Workflow - Premium Features (inbound_webhook)","-","Aug 7th 2025, 09:30:02 AM",0.01,"271.292770","271.292770","0.000000",0.01,0
"689400e780a64f22f969fd52","tCDIsdPF3Em8dZW3fc0B","MKH Berhad","Workflow - Premium Features","Workflow - Premium Features (inbound_webhook)","-","Aug 7th 2025, 09:27:03 AM",0.01,"271.302770","271.302770","0.000000",0.01,0
"6893ff4597a4b24d23d347ff","tCDIsdPF3Em8dZW3fc0B","MKH Berhad","Workflow - Premium Features","Workflow - Premium Features (inbound_webhook)","-","Aug 7th 2025, 09:20:10 AM",0.01,"271.312770","271.312770","0.000000",0.01,0
"6893ff45e6c1121bd6500d4d","tCDIsdPF3Em8dZW3fc0B","MKH Berhad","Workflow - Premium Features","Workflow - Premium Features (inbound_webhook)","-","Aug 7th 2025, 09:20:10 AM",0.01,"271.322770","271.322770","0.000000",0.01,0
"6893ff4357075540eaab36c8","tCDIsdPF3Em8dZW3fc0B","MKH Berhad","Workflow - Premium Features","Workflow - Premium Features (inbound_webhook)","-","Aug 7th 2025, 09:20:05 AM",0.01,"271.332770","271.332770","0.000000",0.01,0
"6893ff3fb356b8a0a8a4d202","tCDIsdPF3Em8dZW3fc0B","MKH Berhad","Workflow - Premium Features","Workflow - Premium Features (inbound_webhook)","-","Aug 7th 2025, 09:20:03 AM",0.01,"271.342770","271.342770","0.000000",0.01,0
"6893fef75a5bbc2bab5b66d5","tCDIsdPF3Em8dZW3fc0B","MKH Berhad","Workflow - Premium Features","Workflow - Premium Features (inbound_webhook)","-","Aug 7th 2025, 09:19:59 AM",0.01,"271.352770","271.352770","0.000000",0.01,0
"6893fef7e6c11201a34ff2e4","tCDIsdPF3Em8dZW3fc0B","MKH Berhad","Workflow - Premium Features","Workflow - Premium Features (inbound_webhook)","-","Aug 7th 2025, 09:18:47 AM",0.01,"271.362770","271.362770","0.000000",0.01,0
"6893fd7c78df65911e60c16a","VfZvkCL9M13RPHNpCGPi","Alpha Galaxy Group","WhatsApp Marketing Messages","whatsapp_marketing_message ref: wamid.HBgMNjAxMTI2NDg3NDEzFQIAERgSRjBGRUZFMkY3MkZCQzEwQ0Q3AA==","-","Aug 7th 2025, 09:13:27 AM",0.0903,"271.372770","271.372770","0.000000",0.0903,0
"6893fb1197a4b24b90d10bc4","tCDIsdPF3Em8dZW3fc0B","MKH Berhad","Workflow - Premium Features","Workflow - Premium Features (inbound_webhook)","-","Aug 7th 2025, 09:05:14 AM",0.01,"271.463070","271.463070","0.000000",0.01,0
"6893fb0fde94523a351a4512","tCDIsdPF3Em8dZW3fc0B","MKH Berhad","Workflow - Premium Features","Workflow - Premium Features (inbound_webhook)","-","Aug 7th 2025, 09:02:09 AM",0.01,"271.473070","271.473070","0.000000",0.01,0
"6893faf90fc59ff0f33d9d53","tCDIsdPF3Em8dZW3fc0B","MKH Berhad","Workflow - Premium Features","Workflow - Premium Features (inbound_webhook)","-","Aug 7th 2025, 09:02:07 AM",0.01,"271.483070","271.483070","0.000000",0.01,0
"6893faf697a4b22bb1d0e4a8","tCDIsdPF3Em8dZW3fc0B","MKH Berhad","Workflow - Premium Features","Workflow - Premium Features (inbound_webhook)","-","Aug 7th 2025, 09:01:45 AM",0.01,"271.493070","271.493070","0.000000",0.01,0
"6893fadad9df7cf8e1a70175","tCDIsdPF3Em8dZW3fc0B","MKH Berhad","Workflow - Premium Features","Workflow - Premium Features (inbound_webhook)","-","Aug 7th 2025, 09:01:42 AM",0.01,"271.503070","271.503070","0.000000",0.01,0
"6893fadae6c1123caf4d7558","tCDIsdPF3Em8dZW3fc0B","MKH Berhad","Workflow - Premium Features","Workflow - Premium Features (inbound_webhook)","-","Aug 7th 2025, 09:01:14 AM",0.01,"271.513070","271.513070","0.000000",0.01,0
"6893f92778df6595b25dd2d5","vyVrSY24jVqqDVno3tHp","Mitraland Group","Workflow - Premium Features","Workflow - Premium Features (inbound_webhook)","-","Aug 7th 2025, 08:55:13 AM",0,"271.523070","271.523070","0.000000",0,0
"6893f912d3db4a61ce04338e","tCDIsdPF3Em8dZW3fc0B","MKH Berhad","Workflow - Premium Features","Workflow - Premium Features (inbound_webhook)","-","Aug 7th 2025, 08:53:59 AM",0.01,"271.523070","271.523070","0.000000",0.01,0
"6893f91246d1f26108d275c3","tCDIsdPF3Em8dZW3fc0B","MKH Berhad","Workflow - Premium Features","Workflow - Premium Features (inbound_webhook)","-","Aug 7th 2025, 08:53:59 AM",0.01,"271.533070","271.533070","0.000000",0.01,0
"6893f8e280a64f884b659d11","vyVrSY24jVqqDVno3tHp","Mitraland Group","Workflow - Premium Features","Workflow - Premium Features (inbound_webhook)","-","Aug 7th 2025, 08:53:38 AM",0,"271.543070","271.543070","0.000000",0,0
"6893f8b778df6587d25d9caf","vyVrSY24jVqqDVno3tHp","Mitraland Group","Workflow - Premium Features","Workflow - Premium Features (inbound_webhook)","-","Aug 7th 2025, 08:52:50 AM",0,"271.543070","271.543070","0.000000",0,0
"6893f82d5707556214a700b9","tCDIsdPF3Em8dZW3fc0B","MKH Berhad","Workflow - Premium Features","Workflow - Premium Features (inbound_webhook)","-","Aug 7th 2025, 08:50:06 AM",0.01,"271.543070","271.543070","0.000000",0.01,0
"6893f82de7eb62df332e9d38","tCDIsdPF3Em8dZW3fc0B","MKH Berhad","Workflow - Premium Features","Workflow - Premium Features (inbound_webhook)","-","Aug 7th 2025, 08:49:49 AM",0.01,"271.553070","271.553070","0.000000",0.01,0
"6893f610d9df7c37d3a40e93","tCDIsdPF3Em8dZW3fc0B","MKH Berhad","Workflow - Premium Features","Workflow - Premium Features (inbound_webhook)","-","Aug 7th 2025, 08:41:11 AM",0.01,"271.563070","271.563070","0.000000",0.01,0
"6893f610570755ecaba5b356","tCDIsdPF3Em8dZW3fc0B","MKH Berhad","Workflow - Premium Features","Workflow - Premium Features (inbound_webhook)","-","Aug 7th 2025, 08:40:48 AM",0.01,"271.573070","271.573070","0.000000",0.01,0
"6893f49880a64f2d16631ef5","tCDIsdPF3Em8dZW3fc0B","MKH Berhad","Workflow - Premium Features","Workflow - Premium Features (inbound_webhook)","-","Aug 7th 2025, 08:35:12 AM",0.01,"271.583070","271.583070","0.000000",0.01,0
"6893f498d3db4a9961019fbc","tCDIsdPF3Em8dZW3fc0B","MKH Berhad","Workflow - Premium Features","Workflow - Premium Features (inbound_webhook)","-","Aug 7th 2025, 08:34:32 AM",0.01,"271.593070","271.593070","0.000000",0.01,0
"6893f3d5b356b8823c9e09c6","VfZvkCL9M13RPHNpCGPi","Alpha Galaxy Group","WhatsApp Marketing Messages","whatsapp_marketing_message ref: wamid.HBgMNjAxMTExMTEwNzg4FQIAERgSQkJCN0QwQkRBQjFGQTYwOEExAA==","-","Aug 7th 2025, 08:32:00 AM",0.0903,"271.603070","271.603070","0.000000",0.0903,0
"6893ef93d9df7c3cc39fd9d2","tCDIsdPF3Em8dZW3fc0B","MKH Berhad","Workflow - Premium Features","Workflow - Premium Features (inbound_webhook)","-","Aug 7th 2025, 08:14:45 AM",0.01,"271.693370","271.693370","0.000000",0.01,0
"6893ef93e7eb621930291edb","tCDIsdPF3Em8dZW3fc0B","MKH Berhad","Workflow - Premium Features","Workflow - Premium Features (inbound_webhook)","-","Aug 7th 2025, 08:13:07 AM",0.01,"271.703370","271.703370","0.000000",0.01,0
"6893eddc2c0b0b9d0430f943","UH6LDXjqUpp906LIRgXJ","Honda Butterworth - Formula Venture Sdn Bhd","WhatsApp Marketing Messages","whatsapp_marketing_message ref: wamid.HBgLNjAxNjQyMjY3MDIVAgARGBJEQjVERjI2RTZFMDFGMTk2QUYA","-","Aug 7th 2025, 08:06:49 AM",0.0903,"271.713370","271.713370","0.000000",0.0903,0
"6893edcfd9df7c17c39e92f7","yislM4BFwd5JtlwXtKZM","JM Motor Venture (authorized Honda 3S dealer)","WhatsApp Marketing Messages","whatsapp_marketing_message ref: wamid.HBgLNjAxOTQxNDQ5OTgVAgARGBI5MjRBMzMzNTdDNkRCQTEzNEQA","-","Aug 7th 2025, 08:05:42 AM",0.0903,"271.803670","271.803670","0.000000",0.0903,0
"6893edcc97a4b22880c83c86","UH6LDXjqUpp906LIRgXJ","Honda Butterworth - Formula Venture Sdn Bhd","WhatsApp Marketing Messages","whatsapp_marketing_message ref: wamid.HBgLNjAxMjQyMTc0MTkVAgARGBI0QTVCNDczNDhBMzlDNTdEMEIA","-","Aug 7th 2025, 08:05:35 AM",0.0903,"271.893970","271.893970","0.000000",0.0903,0
"6893edc5d3db4a520cfcd102","yislM4BFwd5JtlwXtKZM","JM Motor Venture (authorized Honda 3S dealer)","WhatsApp Marketing Messages","whatsapp_marketing_message ref: wamid.HBgLNjAxOTQ2MDU4NDEVAgARGBJBMDJBNkVCQTI4NzhGQUQ0MzIA","-","Aug 7th 2025, 08:05:32 AM",0.0903,"271.984270","271.984270","0.000000",0.0903,0
"6893edaf46d1f216d0caf556","yislM4BFwd5JtlwXtKZM","JM Motor Venture (authorized Honda 3S dealer)","WhatsApp Marketing Messages","whatsapp_marketing_message ref: wamid.HBgLNjAxNjQ2MDI3MzUVAgARGBJEMDhCRTMzNDZBMEQ2ODhBMEUA","-","Aug 7th 2025, 08:05:06 AM",0.0903,"272.074570","272.074570","0.000000",0.0903,0
"6893eda797a4b279e5c805ec","UH6LDXjqUpp906LIRgXJ","Honda Butterworth - Formula Venture Sdn Bhd","WhatsApp Marketing Messages","whatsapp_marketing_message ref: wamid.HBgLNjAxNzQ5NDEyNjIVAgARGBJBQzlENEU0RDk4QzQ0NjNGMDkA","-","Aug 7th 2025, 08:05:03 AM",0.0903,"272.164870","272.164870","0.000000",0.0903,0
"6893ed9752e5290b521ac298","UH6LDXjqUpp906LIRgXJ","Honda Butterworth - Formula Venture Sdn Bhd","WhatsApp Marketing Messages","whatsapp_marketing_message ref: wamid.HBgLNjAxMjgzMzAxMjEVAgARGBI5MzAzRjY4NzA5RTdDMDM1NzYA","-","Aug 7th 2025, 08:04:43 AM",0.0903,"272.255170","272.255170","0.000000",0.0903,0
"6893ea0d5a5bbcf1794ca490","jH41Z47TXtote3u6rh92","OCR Group Berhad","Workflow - Premium Features","Workflow - Premium Features (inbound_webhook)","-","Aug 7th 2025, 07:50:15 AM",0.01,"272.345470","272.345470","0.000000",0.01,0
"6893e10a5a5bbc482a42bf45","tCDIsdPF3Em8dZW3fc0B","MKH Berhad","Workflow - Premium Features","Workflow - Premium Features (inbound_webhook)","-","Aug 7th 2025, 07:14:36 AM",0.01,"272.355470","272.355470","0.000000",0.01,0
"6893e10a46d1f23c07bd5fe1","tCDIsdPF3Em8dZW3fc0B","MKH Berhad","Workflow - Premium Features","Workflow - Premium Features (inbound_webhook)","-","Aug 7th 2025, 07:11:06 AM",0.01,"272.365470","272.365470","0.000000",0.01,0
"6893e0f8d3db4a5d9eeeda60","tCDIsdPF3Em8dZW3fc0B","MKH Berhad","Workflow - Premium Features","Workflow - Premium Features (inbound_webhook)","-","Aug 7th 2025, 07:11:06 AM",0.01,"272.375470","272.375470","0.000000",0.01,0
"6893e0f478df656bb34871e8","tCDIsdPF3Em8dZW3fc0B","MKH Berhad","Workflow - Premium Features","Workflow - Premium Features (inbound_webhook)","-","Aug 7th 2025, 07:10:48 AM",0.01,"272.385470","272.385470","0.000000",0.01,0
"6893dec278df654f8941b20d","jH41Z47TXtote3u6rh92","OCR Group Berhad","WhatsApp Marketing Messages","whatsapp_marketing_message ref: wamid.HBgLNjAxMjMzODg4NjUVAgARGBIwQ0QwMjMyMzIwNjRDMTAyRkQA","-","Aug 7th 2025, 07:05:19 AM",0.0903,"272.395470","272.395470","0.000000",0.0903,0
"6893ddea97a4b263aeb13030","tCDIsdPF3Em8dZW3fc0B","MKH Berhad","Workflow - Premium Features","Workflow - Premium Features (inbound_webhook)","-","Aug 7th 2025, 06:59:04 AM",0.01,"272.485770","272.485770","0.000000",0.01,0
"6893dde280a64f81b647aff1","tCDIsdPF3Em8dZW3fc0B","MKH Berhad","Workflow - Premium Features","Workflow - Premium Features (inbound_webhook)","-","Aug 7th 2025, 06:57:46 AM",0.01,"272.495770","272.495770","0.000000",0.01,0
"6893dde278df6502223ed27c","tCDIsdPF3Em8dZW3fc0B","MKH Berhad","Workflow - Premium Features","Workflow - Premium Features (inbound_webhook)","-","Aug 7th 2025, 06:57:38 AM",0.01,"272.505770","272.505770","0.000000",0.01,0
"6893dde278df65d6d23ed243","tCDIsdPF3Em8dZW3fc0B","MKH Berhad","Workflow - Premium Features","Workflow - Premium Features (inbound_webhook)","-","Aug 7th 2025, 06:57:38 AM",0.01,"272.515770","272.515770","0.000000",0.01,0
"6893dc84e6c11288cc2acd9e","tCDIsdPF3Em8dZW3fc0B","MKH Berhad","Workflow - Premium Features","Workflow - Premium Features (inbound_webhook)","-","Aug 7th 2025, 06:52:39 AM",0.01,"272.525770","272.525770","0.000000",0.01,0
"6893dc83d3db4a2136e0b6e9","tCDIsdPF3Em8dZW3fc0B","MKH Berhad","Workflow - Premium Features","Workflow - Premium Features (inbound_webhook)","-","Aug 7th 2025, 06:51:48 AM",0.01,"272.535770","272.535770","0.000000",0.01,0
"6893d69297a4b24a839aad77","tCDIsdPF3Em8dZW3fc0B","MKH Berhad","Workflow - Premium Features","Workflow - Premium Features (inbound_webhook)","-","Aug 7th 2025, 06:30:28 AM",0.01,"272.545770","272.545770","0.000000",0.01,0
"6893d55bde94520839deacf3","jH41Z47TXtote3u6rh92","OCR Group Berhad","Workflow - Premium Features","Workflow - Premium Features (inbound_webhook)","-","Aug 7th 2025, 06:25:12 AM",0.01,"272.555770","272.555770","0.000000",0.01,0
"6893d4cae6c1121e3b1417de","jH41Z47TXtote3u6rh92","OCR Group Berhad","Workflow - Premium Features","Workflow - Premium Features (inbound_webhook)","-","Aug 7th 2025, 06:20:24 AM",0.01,"272.565770","272.565770","0.000000",0.01,0
"6893d42a5a5bbc12cc18f1a5","jH41Z47TXtote3u6rh92","OCR Group Berhad","WhatsApp Marketing Messages","whatsapp_marketing_message ref: wamid.HBgLNjAxNjIxMDIwNTAVAgARGBI5NUYzNjZFNTQzQjE3MUZENDgA","-","Aug 7th 2025, 06:18:06 AM",0.0903,"272.575770","272.575770","0.000000",0.0903,0
"6893d1dad9df7c538f5b856a","tCDIsdPF3Em8dZW3fc0B","MKH Berhad","Workflow - Premium Features","Workflow - Premium Features (inbound_webhook)","-","Aug 7th 2025, 06:07:06 AM",0.01,"272.666070","272.666070","0.000000",0.01,0
"6893d1770fc59f4ab0f0a3ea","tCDIsdPF3Em8dZW3fc0B","MKH Berhad","Workflow - Premium Features","Workflow - Premium Features (inbound_webhook)","-","Aug 7th 2025, 06:05:27 AM",0.01,"272.676070","272.676070","0.000000",0.01,0
"6893d1630fc59f2908f06c18","tCDIsdPF3Em8dZW3fc0B","MKH Berhad","Workflow - Premium Features","Workflow - Premium Features (inbound_webhook)","-","Aug 7th 2025, 06:04:39 AM",0.01,"272.686070","272.686070","0.000000",0.01,0
"6893d11cd9df7cdd26591c89","tCDIsdPF3Em8dZW3fc0B","MKH Berhad","Workflow - Premium Features","Workflow - Premium Features (inbound_webhook)","-","Aug 7th 2025, 06:03:30 AM",0.01,"272.696070","272.696070","0.000000",0.01,0
"6893d113d3db4a61aaba22e2","tCDIsdPF3Em8dZW3fc0B","MKH Berhad","Workflow - Premium Features","Workflow - Premium Features (inbound_webhook)","-","Aug 7th 2025, 06:03:08 AM",0.01,"272.706070","272.706070","0.000000",0.01,0
"6893d1030fc59fe9c5ef261e","tCDIsdPF3Em8dZW3fc0B","MKH Berhad","Workflow - Premium Features","Workflow - Premium Features (inbound_webhook)","-","Aug 7th 2025, 06:02:59 AM",0.01,"272.716070","272.716070","0.000000",0.01,0
"6893cfae97a4b2116d85ef9d","tCDIsdPF3Em8dZW3fc0B","MKH Berhad","Workflow - Premium Features","Workflow - Premium Features (inbound_webhook)","-","Aug 7th 2025, 05:57:13 AM",0.01,"272.726070","272.726070","0.000000",0.01,0
"6893cede5707555f405f4af2","tCDIsdPF3Em8dZW3fc0B","MKH Berhad","Workflow - Premium Features","Workflow - Premium Features (inbound_webhook)","-","Aug 7th 2025, 05:54:07 AM",0.01,"272.736070","272.736070","0.000000",0.01,0
"6893cd4580a64f51b317d015","tCDIsdPF3Em8dZW3fc0B","MKH Berhad","Workflow - Premium Features","Workflow - Premium Features (inbound_webhook)","-","Aug 7th 2025, 05:47:53 AM",0.01,"272.746070","272.746070","0.000000",0.01,0
"6893cc36d3db4a1d7baa0482","tCDIsdPF3Em8dZW3fc0B","MKH Berhad","Workflow - Premium Features","Workflow - Premium Features (inbound_webhook)","-","Aug 7th 2025, 05:43:42 AM",0.01,"272.756070","272.756070","0.000000",0.01,0
"6893cb8cd9df7cbe9d457369","tCDIsdPF3Em8dZW3fc0B","MKH Berhad","Workflow - Premium Features","Workflow - Premium Features (inbound_webhook)","-","Aug 7th 2025, 05:40:15 AM",0.01,"272.766070","272.766070","0.000000",0.01,0
"6893c722de94527b94b45b12","tCDIsdPF3Em8dZW3fc0B","MKH Berhad","Workflow - Premium Features","Workflow - Premium Features (inbound_webhook)","-","Aug 7th 2025, 05:20:53 AM",0.01,"272.776070","272.776070","0.000000",0.01,0
"6893c7105707559c63492b6f","tCDIsdPF3Em8dZW3fc0B","MKH Berhad","Workflow - Premium Features","Workflow - Premium Features (inbound_webhook)","-","Aug 7th 2025, 05:20:34 AM",0.01,"272.786070","272.786070","0.000000",0.01,0
"6893c71057075539a2492b53","tCDIsdPF3Em8dZW3fc0B","MKH Berhad","Workflow - Premium Features","Workflow - Premium Features (inbound_webhook)","-","Aug 7th 2025, 05:20:34 AM",0.01,"272.796070","272.796070","0.000000",0.01,0
"6893c66c78df65fcddf66e26","tCDIsdPF3Em8dZW3fc0B","MKH Berhad","Workflow - Premium Features","Workflow - Premium Features (inbound_webhook)","-","Aug 7th 2025, 05:17:33 AM",0.01,"272.806070","272.806070","0.000000",0.01,0
"6893bfc6e7eb62efb9bd9908","tCDIsdPF3Em8dZW3fc0B","MKH Berhad","Workflow - Premium Features","Workflow - Premium Features (inbound_webhook)","-","Aug 7th 2025, 04:49:45 AM",0.01,"272.816070","272.816070","0.000000",0.01,0
"6893bfc6b356b8f89e2a0bb5","tCDIsdPF3Em8dZW3fc0B","MKH Berhad","Workflow - Premium Features","Workflow - Premium Features (inbound_webhook)","-","Aug 7th 2025, 04:49:45 AM",0.01,"272.826070","272.826070","0.000000",0.01,0
"6893a61546d1f2661b42b6df","tCDIsdPF3Em8dZW3fc0B","MKH Berhad","Workflow - Premium Features","Workflow - Premium Features (inbound_webhook)","-","Aug 7th 2025, 02:59:36 AM",0.01,"272.836070","272.836070","0.000000",0.01,0
"6893a59780a64f5ca6dabe3c","tCDIsdPF3Em8dZW3fc0B","MKH Berhad","Workflow - Premium Features","Workflow - Premium Features (inbound_webhook)","-","Aug 7th 2025, 02:57:41 AM",0.01,"272.846070","272.846070","0.000000",0.01,0
"68939a43de94528cfd7c7cf6","tCDIsdPF3Em8dZW3fc0B","MKH Berhad","Workflow - Premium Features","Workflow - Premium Features (inbound_webhook)","-","Aug 7th 2025, 02:10:10 AM",0.01,"272.856070","272.856070","0.000000",0.01,0
"68938f4880a64f50bec47b86","tCDIsdPF3Em8dZW3fc0B","MKH Berhad","Workflow - Premium Features","Workflow - Premium Features (inbound_webhook)","-","Aug 7th 2025, 01:22:19 AM",0.01,"272.866070","272.866070","0.000000",0.01,0
"68938690b356b8595af1a6af","rsdW1sEFWbzzULIapmdQ","Platinum Victory","Workflow - Premium Features","Workflow - Premium Features (inbound_webhook)","-","Aug 7th 2025, 12:50:06 AM",0.01,"272.876070","272.876070","0.000000",0.01,0
"6893835dde945255ad65ddda","tCDIsdPF3Em8dZW3fc0B","MKH Berhad","Workflow - Premium Features","Workflow - Premium Features (inbound_webhook)","-","Aug 7th 2025, 12:35:14 AM",0.01,"272.886070","272.886070","0.000000",0.01,0
"68938354d3db4a93c9462b68","tCDIsdPF3Em8dZW3fc0B","MKH Berhad","Workflow - Premium Features","Workflow - Premium Features (inbound_webhook)","-","Aug 7th 2025, 12:31:25 AM",0.01,"272.896070","272.896070","0.000000",0.01,0
"689380d70fc59f7a6b73b5cb","tCDIsdPF3Em8dZW3fc0B","MKH Berhad","Workflow - Premium Features","Workflow - Premium Features (inbound_webhook)","-","Aug 7th 2025, 12:21:53 AM",0.01,"272.906070","272.906070","0.000000",0.01,0
"68938014b356b81870e8d030","tCDIsdPF3Em8dZW3fc0B","MKH Berhad","Workflow - Premium Features","Workflow - Premium Features (inbound_webhook)","-","Aug 7th 2025, 12:18:27 AM",0.01,"272.916070","272.916070","0.000000",0.01,0
"68937f7880a64f9a53b434bd","tCDIsdPF3Em8dZW3fc0B","MKH Berhad","Workflow - Premium Features","Workflow - Premium Features (inbound_webhook)","-","Aug 7th 2025, 12:15:13 AM",0.01,"272.926070","272.926070","0.000000",0.01,0
"68937f3ab356b81afde821a0","tCDIsdPF3Em8dZW3fc0B","MKH Berhad","Workflow - Premium Features","Workflow - Premium Features (inbound_webhook)","-","Aug 7th 2025, 12:14:28 AM",0.01,"272.936070","272.936070","0.000000",0.01,0
"68937f1f5707551472f74c81","tCDIsdPF3Em8dZW3fc0B","MKH Berhad","Workflow - Premium Features","Workflow - Premium Features (inbound_webhook)","-","Aug 7th 2025, 12:13:47 AM",0.01,"272.946070","272.946070","0.000000",0.01,0
"68937cf557d1746f6a6d7ff5","tCDIsdPF3Em8dZW3fc0B","MKH Berhad","Workflow - Premium Features","Workflow - Premium Features (inbound_webhook)","-","Aug 7th 2025, 12:04:33 AM",0.01,"272.956070","272.956070","0.000000",0.01,0
"68937cf5e7eb62f6ce7bc605","tCDIsdPF3Em8dZW3fc0B","MKH Berhad","Workflow - Premium Features","Workflow - Premium Features (inbound_webhook)","-","Aug 7th 2025, 12:04:33 AM",0.01,"272.966070","272.966070","0.000000",0.01,0
"68937c510fc59f535d6db33a","tCDIsdPF3Em8dZW3fc0B","MKH Berhad","Workflow - Premium Features","Workflow - Premium Features (inbound_webhook)","-","Aug 7th 2025, 12:04:05 AM",0.01,"272.976070","272.976070","0.000000",0.01,0
"68937c4680a64f4cf9afe70b","tCDIsdPF3Em8dZW3fc0B","MKH Berhad","Workflow - Premium Features","Workflow - Premium Features (inbound_webhook)","-","Aug 7th 2025, 12:01:13 AM",0.01,"272.986070","272.986070","0.000000",0.01,0
"68937c455707558e47f33447","tCDIsdPF3Em8dZW3fc0B","MKH Berhad","Workflow - Premium Features","Workflow - Premium Features (inbound_webhook)","-","Aug 7th 2025, 12:01:11 AM",0.01,"272.996070","272.996070","0.000000",0.01,0
"68937c1ee7eb6226637a760c","tCDIsdPF3Em8dZW3fc0B","MKH Berhad","Workflow - Premium Features","Workflow - Premium Features (inbound_webhook)","-","Aug 7th 2025, 12:01:04 AM",0.01,"273.006070","273.006070","0.000000",0.01,0
"68937c102956b36a679f5dba","tCDIsdPF3Em8dZW3fc0B","MKH Berhad","Workflow - Premium Features","Workflow - Premium Features (inbound_webhook)","-","Aug 7th 2025, 12:00:31 AM",0.01,"273.016070","273.016070","0.000000",0.01,0
"68937bcdde945297715b6a62","tCDIsdPF3Em8dZW3fc0B","MKH Berhad","Workflow - Premium Features","Workflow - Premium Features (inbound_webhook)","-","Aug 6th 2025, 11:59:12 PM",0.01,"273.026070","273.026070","0.000000",0.01,0
"68937bc7b356b82760e2ce43","tCDIsdPF3Em8dZW3fc0B","MKH Berhad","Workflow - Premium Features","Workflow - Premium Features (inbound_webhook)","-","Aug 6th 2025, 11:59:07 PM",0.01,"273.036070","273.036070","0.000000",0.01,0
"68937bafd3db4ab4423b44dd","tCDIsdPF3Em8dZW3fc0B","MKH Berhad","Workflow - Premium Features","Workflow - Premium Features (inbound_webhook)","-","Aug 6th 2025, 11:58:40 PM",0.01,"273.046070","273.046070","0.000000",0.01,0
"689378f380a64fc8fdac04d6","tCDIsdPF3Em8dZW3fc0B","MKH Berhad","Workflow - Premium Features","Workflow - Premium Features (inbound_webhook)","-","Aug 6th 2025, 11:47:12 PM",0.01,"273.056070","273.056070","0.000000",0.01,0
"6893782bde9452ff18568200","tCDIsdPF3Em8dZW3fc0B","MKH Berhad","Workflow - Premium Features","Workflow - Premium Features (inbound_webhook)","-","Aug 6th 2025, 11:43:56 PM",0.01,"273.066070","273.066070","0.000000",0.01,0
"6893782946d1f29a32115b2c","tCDIsdPF3Em8dZW3fc0B","MKH Berhad","Workflow - Premium Features","Workflow - Premium Features (inbound_webhook)","-","Aug 6th 2025, 11:43:39 PM",0.01,"273.076070","273.076070","0.000000",0.01,0
"689370a2e7eb623a4067d298","tCDIsdPF3Em8dZW3fc0B","MKH Berhad","Workflow - Premium Features","Workflow - Premium Features (inbound_webhook)","-","Aug 6th 2025, 11:15:21 PM",0.01,"273.086070","273.086070","0.000000",0.01,0
"689370975a5bbcd5877f5140","tCDIsdPF3Em8dZW3fc0B","MKH Berhad","Workflow - Premium Features","Workflow - Premium Features (inbound_webhook)","-","Aug 6th 2025, 11:11:31 PM",0.01,"273.096070","273.096070","0.000000",0.01,0
"68937089de94527f304815c3","tCDIsdPF3Em8dZW3fc0B","MKH Berhad","Workflow - Premium Features","Workflow - Premium Features (inbound_webhook)","-","Aug 6th 2025, 11:11:20 PM",0.01,"273.106070","273.106070","0.000000",0.01,0
"689370885a5bbc4bec7f286e","tCDIsdPF3Em8dZW3fc0B","MKH Berhad","Workflow - Premium Features","Workflow - Premium Features (inbound_webhook)","-","Aug 6th 2025, 11:11:06 PM",0.01,"273.116070","273.116070","0.000000",0.01,0
"68936fdd5707551e5fde5ea6","tCDIsdPF3Em8dZW3fc0B","MKH Berhad","Workflow - Premium Features","Workflow - Premium Features (inbound_webhook)","-","Aug 6th 2025, 11:10:25 PM",0.01,"273.126070","273.126070","0.000000",0.01,0
"68936fdbde9452afd4464fe6","tCDIsdPF3Em8dZW3fc0B","MKH Berhad","Workflow - Premium Features","Workflow - Premium Features (inbound_webhook)","-","Aug 6th 2025, 11:08:13 PM",0.01,"273.136070","273.136070","0.000000",0.01,0
"68936b71d3db4a134a1d72f2","tCDIsdPF3Em8dZW3fc0B","MKH Berhad","Workflow - Premium Features","Workflow - Premium Features (inbound_webhook)","-","Aug 6th 2025, 10:50:16 PM",0.01,"273.146070","273.146070","0.000000",0.01,0
"68936b7146d1f2947ff960c9","tCDIsdPF3Em8dZW3fc0B","MKH Berhad","Workflow - Premium Features","Workflow - Premium Features (inbound_webhook)","-","Aug 6th 2025, 10:50:16 PM",0.01,"273.156070","273.156070","0.000000",0.01,0
"68936adfe7eb620ffb5d4272","tCDIsdPF3Em8dZW3fc0B","MKH Berhad","Workflow - Premium Features","Workflow - Premium Features (inbound_webhook)","-","Aug 6th 2025, 10:49:21 PM",0.01,"273.166070","273.166070","0.000000",0.01,0
"68936adf46d1f2af53f860dc","tCDIsdPF3Em8dZW3fc0B","MKH Berhad","Workflow - Premium Features","Workflow - Premium Features (inbound_webhook)","-","Aug 6th 2025, 10:46:55 PM",0.01,"273.176070","273.176070","0.000000",0.01,0
"68936a9de7eb62394f5cb362","tCDIsdPF3Em8dZW3fc0B","MKH Berhad","Workflow - Premium Features","Workflow - Premium Features (inbound_webhook)","-","Aug 6th 2025, 10:46:55 PM",0.01,"273.186070","273.186070","0.000000",0.01,0
"68936a9b5a5bbc1a2f73fcc7","tCDIsdPF3Em8dZW3fc0B","MKH Berhad","Workflow - Premium Features","Workflow - Premium Features (inbound_webhook)","-","Aug 6th 2025, 10:45:49 PM",0.01,"273.196070","273.196070","0.000000",0.01,0
"68936a99e7eb6278d05cab51","tCDIsdPF3Em8dZW3fc0B","MKH Berhad","Workflow - Premium Features","Workflow - Premium Features (inbound_webhook)","-","Aug 6th 2025, 10:45:48 PM",0.01,"273.206070","273.206070","0.000000",0.01,0
"68936a98de9452313e3d0251","tCDIsdPF3Em8dZW3fc0B","MKH Berhad","Workflow - Premium Features","Workflow - Premium Features (inbound_webhook)","-","Aug 6th 2025, 10:45:45 PM",0.01,"273.216070","273.216070","0.000000",0.01,0
"689367d5d3db4a6406168805","tCDIsdPF3Em8dZW3fc0B","MKH Berhad","Workflow - Premium Features","Workflow - Premium Features (inbound_webhook)","-","Aug 6th 2025, 10:35:15 PM",0.01,"273.226070","273.226070","0.000000",0.01,0
"689367a40fc59f515d47d441","tCDIsdPF3Em8dZW3fc0B","MKH Berhad","Workflow - Premium Features","Workflow - Premium Features (inbound_webhook)","-","Aug 6th 2025, 10:33:57 PM",0.01,"273.236070","273.236070","0.000000",0.01,0
"689367a25a5bbcf4386de03d","tCDIsdPF3Em8dZW3fc0B","MKH Berhad","Workflow - Premium Features","Workflow - Premium Features (inbound_webhook)","-","Aug 6th 2025, 10:33:08 PM",0.01,"273.246070","273.246070","0.000000",0.01,0
"689367a1b356b8bd21bde62f","tCDIsdPF3Em8dZW3fc0B","MKH Berhad","Workflow - Premium Features","Workflow - Premium Features (inbound_webhook)","-","Aug 6th 2025, 10:33:06 PM",0.01,"273.256070","273.256070","0.000000",0.01,0
"6893652e78df653c5873da36","tCDIsdPF3Em8dZW3fc0B","MKH Berhad","Workflow - Premium Features","Workflow - Premium Features (inbound_webhook)","-","Aug 6th 2025, 10:25:13 PM",0.01,"273.266070","273.266070","0.000000",0.01,0
"6893652ed3db4ae9ec117727","tCDIsdPF3Em8dZW3fc0B","MKH Berhad","Workflow - Premium Features","Workflow - Premium Features (inbound_webhook)","-","Aug 6th 2025, 10:22:38 PM",0.01,"273.276070","273.276070","0.000000",0.01,0
"6893652e80a64fc78e87a5ac","tCDIsdPF3Em8dZW3fc0B","MKH Berhad","Workflow - Premium Features","Workflow - Premium Features (inbound_webhook)","-","Aug 6th 2025, 10:22:38 PM",0.01,"273.286070","273.286070","0.000000",0.01,0
"6893652d5a5bbc0430697628","tCDIsdPF3Em8dZW3fc0B","MKH Berhad","Workflow - Premium Features","Workflow - Premium Features (inbound_webhook)","-","Aug 6th 2025, 10:22:38 PM",0.01,"273.296070","273.296070","0.000000",0.01,0
"68935f3e97a4b2196bd7bc43","jH41Z47TXtote3u6rh92","OCR Group Berhad","Workflow - Premium Features","Workflow - Premium Features (inbound_webhook)","-","Aug 6th 2025, 10:00:15 PM",0.01,"273.306070","273.306070","0.000000",0.01,0
"68935a030fc59fe9302b7f3b","VfZvkCL9M13RPHNpCGPi","Alpha Galaxy Group","WhatsApp Marketing Messages","whatsapp_marketing_message ref: wamid.HBgMNjAxMTY5ODM4Mzg2FQIAERgSRDA5N0M3RkZFNzFDNzY2QURFAA==","-","Aug 6th 2025, 09:35:34 PM",0.0903,"273.316070","273.316070","0.000000",0.0903,0
"68935a000fc59f57ad2b7cb2","VfZvkCL9M13RPHNpCGPi","Alpha Galaxy Group","WhatsApp Marketing Messages","whatsapp_marketing_message ref: wamid.HBgMNjAxMTY5ODM4Mzg2FQIAERgSNTU0QjI2NzNDRDI0NTk5MjZBAA==","-","Aug 6th 2025, 09:34:59 PM",0.0903,"273.406370","273.406370","0.000000",0.0903,0
"689359fa5a5bbc7420524ed5","VfZvkCL9M13RPHNpCGPi","Alpha Galaxy Group","WhatsApp Marketing Messages","whatsapp_marketing_message ref: wamid.HBgMNjAxMTY5ODM4Mzg2FQIAERgSQTg2MjQwMUI0Mzk4N0JEMjAwAA==","-","Aug 6th 2025, 09:34:56 PM",0.0903,"273.496670","273.496670","0.000000",0.0903,0
"68934fbfe7eb627a7329a922","tCDIsdPF3Em8dZW3fc0B","MKH Berhad","Workflow - Premium Features","Workflow - Premium Features (inbound_webhook)","-","Aug 6th 2025, 08:53:39 PM",0.01,"273.586970","273.586970","0.000000",0.01,0
"68934fbf0fc59f547818f558","tCDIsdPF3Em8dZW3fc0B","MKH Berhad","Workflow - Premium Features","Workflow - Premium Features (inbound_webhook)","-","Aug 6th 2025, 08:51:11 PM",0.01,"273.596970","273.596970","0.000000",0.01,0
"68934ce2c444bb5b80925ff7","E0H7r1mN6ry0kv4uGZ6L","Radium Development Berhad","Workflow - Premium Features","Workflow - Premium Features (inbound_webhook)","-","Aug 6th 2025, 08:39:07 PM",0.01,"273.606970","273.606970","0.000000",0.01,0
"68934b4a5a5bbcf9253bebfa","tCDIsdPF3Em8dZW3fc0B","MKH Berhad","Workflow - Premium Features","Workflow - Premium Features (inbound_webhook)","-","Aug 6th 2025, 08:32:52 PM",0.01,"273.616970","273.616970","0.000000",0.01,0
"68934b4ab356b86b8d8c2a19","tCDIsdPF3Em8dZW3fc0B","MKH Berhad","Workflow - Premium Features","Workflow - Premium Features (inbound_webhook)","-","Aug 6th 2025, 08:32:52 PM",0.01,"273.626970","273.626970","0.000000",0.01,0
"68934b3b46d1f23e61c0bb60","vyVrSY24jVqqDVno3tHp","Mitraland Group","Workflow - Premium Features","Workflow - Premium Features (inbound_webhook)","-","Aug 6th 2025, 08:32:10 PM",0,"273.636970","273.636970","0.000000",0,0
"68934af3de9452460e056f0f","tCDIsdPF3Em8dZW3fc0B","MKH Berhad","Workflow - Premium Features","Workflow - Premium Features (inbound_webhook)","-","Aug 6th 2025, 08:31:04 PM",0.01,"273.636970","273.636970","0.000000",0.01,0
"68934af257075579f09d9bec","tCDIsdPF3Em8dZW3fc0B","MKH Berhad","Workflow - Premium Features","Workflow - Premium Features (inbound_webhook)","-","Aug 6th 2025, 08:31:04 PM",0.01,"273.646970","273.646970","0.000000",0.01,0
"68934aa15a5bbc25e93ac279","tCDIsdPF3Em8dZW3fc0B","MKH Berhad","Workflow - Premium Features","Workflow - Premium Features (inbound_webhook)","-","Aug 6th 2025, 08:30:06 PM",0.01,"273.656970","273.656970","0.000000",0.01,0
"68934aa1b356b847d28b06a5","tCDIsdPF3Em8dZW3fc0B","MKH Berhad","Workflow - Premium Features","Workflow - Premium Features (inbound_webhook)","-","Aug 6th 2025, 08:30:06 PM",0.01,"273.666970","273.666970","0.000000",0.01,0
"68934a9f57075534669d296f","tCDIsdPF3Em8dZW3fc0B","MKH Berhad","Workflow - Premium Features","Workflow - Premium Features (inbound_webhook)","-","Aug 6th 2025, 08:29:21 PM",0.01,"273.676970","273.676970","0.000000",0.01,0
"68934a9e0fc59f718413c461","tCDIsdPF3Em8dZW3fc0B","MKH Berhad","Workflow - Premium Features","Workflow - Premium Features (inbound_webhook)","-","Aug 6th 2025, 08:29:19 PM",0.01,"273.686970","273.686970","0.000000",0.01,0
"689346a8b356b896868740cf","tCDIsdPF3Em8dZW3fc0B","MKH Berhad","Workflow - Premium Features","Workflow - Premium Features (inbound_webhook)","-","Aug 6th 2025, 08:15:14 PM",0.01,"273.696970","273.696970","0.000000",0.01,0
"689346a797a4b21922b6ddd2","tCDIsdPF3Em8dZW3fc0B","MKH Berhad","Workflow - Premium Features","Workflow - Premium Features (inbound_webhook)","-","Aug 6th 2025, 08:12:24 PM",0.01,"273.706970","273.706970","0.000000",0.01,0
"68934612de94522dd0004d25","tCDIsdPF3Em8dZW3fc0B","MKH Berhad","Workflow - Premium Features","Workflow - Premium Features (inbound_webhook)","-","Aug 6th 2025, 08:10:14 PM",0.01,"273.716970","273.716970","0.000000",0.01,0
"689346125a5bbc417836202d","tCDIsdPF3Em8dZW3fc0B","MKH Berhad","Workflow - Premium Features","Workflow - Premium Features (inbound_webhook)","-","Aug 6th 2025, 08:09:54 PM",0.01,"273.726970","273.726970","0.000000",0.01,0
"6893460fe7eb62c29b1fde20","tCDIsdPF3Em8dZW3fc0B","MKH Berhad","Workflow - Premium Features","Workflow - Premium Features (inbound_webhook)","-","Aug 6th 2025, 08:09:54 PM",0.01,"273.736970","273.736970","0.000000",0.01,0
"6893460ed3db4ae1a7dde39d","tCDIsdPF3Em8dZW3fc0B","MKH Berhad","Workflow - Premium Features","Workflow - Premium Features (inbound_webhook)","-","Aug 6th 2025, 08:09:51 PM",0.01,"273.746970","273.746970","0.000000",0.01,0
"68934517b356b83a7883a635","tCDIsdPF3Em8dZW3fc0B","MKH Berhad","Workflow - Premium Features","Workflow - Premium Features (inbound_webhook)","-","Aug 6th 2025, 08:07:03 PM",0.01,"273.756970","273.756970","0.000000",0.01,0
"6893451752e529643010118f","tCDIsdPF3Em8dZW3fc0B","MKH Berhad","Workflow - Premium Features","Workflow - Premium Features (inbound_webhook)","-","Aug 6th 2025, 08:07:03 PM",0.01,"273.766970","273.766970","0.000000",0.01,0
"68933f7557075560708f9cd0","tCDIsdPF3Em8dZW3fc0B","MKH Berhad","Workflow - Premium Features","Workflow - Premium Features (inbound_webhook)","-","Aug 6th 2025, 07:45:27 PM",0.01,"273.776970","273.776970","0.000000",0.01,0
"68933f7580a64fc70c4c015c","tCDIsdPF3Em8dZW3fc0B","MKH Berhad","Workflow - Premium Features","Workflow - Premium Features (inbound_webhook)","-","Aug 6th 2025, 07:45:27 PM",0.01,"273.786970","273.786970","0.000000",0.01,0
"68933f70de9452612bf7350f","tCDIsdPF3Em8dZW3fc0B","MKH Berhad","Workflow - Premium Features","Workflow - Premium Features (inbound_webhook)","-","Aug 6th 2025, 07:41:41 PM",0.01,"273.796970","273.796970","0.000000",0.01,0
"68933f6f80a64f57204bfe6e","tCDIsdPF3Em8dZW3fc0B","MKH Berhad","Workflow - Premium Features","Workflow - Premium Features (inbound_webhook)","-","Aug 6th 2025, 07:41:36 PM",0.01,"273.806970","273.806970","0.000000",0.01,0
"68933f3c5707551f898f787e","tCDIsdPF3Em8dZW3fc0B","MKH Berhad","Workflow - Premium Features","Workflow - Premium Features (inbound_webhook)","-","Aug 6th 2025, 07:41:35 PM",0.01,"273.816970","273.816970","0.000000",0.01,0
"68933f3cde94524a3bf7138f","tCDIsdPF3Em8dZW3fc0B","MKH Berhad","Workflow - Premium Features","Workflow - Premium Features (inbound_webhook)","-","Aug 6th 2025, 07:40:44 PM",0.01,"273.826970","273.826970","0.000000",0.01,0
"68933f3946d1f28193b1a062","tCDIsdPF3Em8dZW3fc0B","MKH Berhad","Workflow - Premium Features","Workflow - Premium Features (inbound_webhook)","-","Aug 6th 2025, 07:40:44 PM",0.01,"273.836970","273.836970","0.000000",0.01,0
"68933f3946d1f2fe35b1a05d","tCDIsdPF3Em8dZW3fc0B","MKH Berhad","Workflow - Premium Features","Workflow - Premium Features (inbound_webhook)","-","Aug 6th 2025, 07:40:41 PM",0.01,"273.846970","273.846970","0.000000",0.01,0
"6893391180a64f609a46eedc","rsdW1sEFWbzzULIapmdQ","Platinum Victory","WhatsApp Marketing Messages","whatsapp_marketing_message ref: wamid.HBgMNjAxMTM2MDYyNjQ2FQIAERgSNzFBRTlDNTAyOUUwNDU0MTQxAA==","-","Aug 6th 2025, 07:15:15 PM",0.0903,"273.856970","273.856970","0.000000",0.0903,0
"6893383d46d1f2cb04ac184a","rsdW1sEFWbzzULIapmdQ","Platinum Victory","Email Notifications","EmailNotification ref: 6893383bc07bd2468a9ae119","-","Aug 6th 2025, 07:11:21 PM",0.000675,"273.947270","273.947270","0.000000",0.000675,0
"68933836de9452f7b1f18a87","rsdW1sEFWbzzULIapmdQ","Platinum Victory","Workflow - Premium Features","Workflow - Premium Features (inbound_webhook)","-","Aug 6th 2025, 07:10:53 PM",0.01,"273.947945","273.947945","0.000000",0.01,0
"6893357852e529e904ff5382","jH41Z47TXtote3u6rh92","OCR Group Berhad","Workflow - Premium Features","Workflow - Premium Features (inbound_webhook)","-","Aug 6th 2025, 06:59:25 PM",0.01,"273.957945","273.957945","0.000000",0.01,0
"68933557b356b8ba9672b97a","tCDIsdPF3Em8dZW3fc0B","MKH Berhad","Workflow - Premium Features","Workflow - Premium Features (inbound_webhook)","-","Aug 6th 2025, 06:58:35 PM",0.01,"273.967945","273.967945","0.000000",0.01,0
"689335572c0b0b8de805ebbe","tCDIsdPF3Em8dZW3fc0B","MKH Berhad","Workflow - Premium Features","Workflow - Premium Features (inbound_webhook)","-","Aug 6th 2025, 06:58:32 PM",0.01,"273.977945","273.977945","0.000000",0.01,0
"689334065a5bbc5920215118","tCDIsdPF3Em8dZW3fc0B","MKH Berhad","Workflow - Premium Features","Workflow - Premium Features (inbound_webhook)","-","Aug 6th 2025, 06:53:30 PM",0.01,"273.987945","273.987945","0.000000",0.01,0
"6893340652e52902d1fea8a0","tCDIsdPF3Em8dZW3fc0B","MKH Berhad","Workflow - Premium Features","Workflow - Premium Features (inbound_webhook)","-","Aug 6th 2025, 06:52:54 PM",0.01,"273.997945","273.997945","0.000000",0.01,0
"68933258570755bc85833df4","tCDIsdPF3Em8dZW3fc0B","MKH Berhad","Workflow - Premium Features","Workflow - Premium Features (inbound_webhook)","-","Aug 6th 2025, 06:46:09 PM",0.01,"274.007945","274.007945","0.000000",0.01,0
"6893325880a64f58723fb022","tCDIsdPF3Em8dZW3fc0B","MKH Berhad","Workflow - Premium Features","Workflow - Premium Features (inbound_webhook)","-","Aug 6th 2025, 06:45:44 PM",0.01,"274.017945","274.017945","0.000000",0.01,0
"6893317457075526f382ae0e","tCDIsdPF3Em8dZW3fc0B","MKH Berhad","Workflow - Premium Features","Workflow - Premium Features (inbound_webhook)","-","Aug 6th 2025, 06:42:05 PM",0.01,"274.027945","274.027945","0.000000",0.01,0
"689331745a5bbc02321fc38d","tCDIsdPF3Em8dZW3fc0B","MKH Berhad","Workflow - Premium Features","Workflow - Premium Features (inbound_webhook)","-","Aug 6th 2025, 06:41:56 PM",0.01,"274.037945","274.037945","0.000000",0.01,0
"6893314c46d1f26227a4ba42","tCDIsdPF3Em8dZW3fc0B","MKH Berhad","Workflow - Premium Features","Workflow - Premium Features (inbound_webhook)","-","Aug 6th 2025, 06:41:17 PM",0.01,"274.047945","274.047945","0.000000",0.01,0
"6893314cde94520f2cea267d","tCDIsdPF3Em8dZW3fc0B","MKH Berhad","Workflow - Premium Features","Workflow - Premium Features (inbound_webhook)","-","Aug 6th 2025, 06:41:17 PM",0.01,"274.057945","274.057945","0.000000",0.01,0
"6893314897a4b236769faa27","tCDIsdPF3Em8dZW3fc0B","MKH Berhad","Workflow - Premium Features","Workflow - Premium Features (inbound_webhook)","-","Aug 6th 2025, 06:41:16 PM",0.01,"274.067945","274.067945","0.000000",0.01,0
"6893314797a4b2bdff9fa9ed","tCDIsdPF3Em8dZW3fc0B","MKH Berhad","Workflow - Premium Features","Workflow - Premium Features (inbound_webhook)","-","Aug 6th 2025, 06:41:12 PM",0.01,"274.077945","274.077945","0.000000",0.01,0
"68932d7ae7eb62283a078d8d","tCDIsdPF3Em8dZW3fc0B","MKH Berhad","Workflow - Premium Features","Workflow - Premium Features (inbound_webhook)","-","Aug 6th 2025, 06:25:00 PM",0.01,"274.087945","274.087945","0.000000",0.01,0
"68932d7a2c0b0b0b6901312e","tCDIsdPF3Em8dZW3fc0B","MKH Berhad","Workflow - Premium Features","Workflow - Premium Features (inbound_webhook)","-","Aug 6th 2025, 06:24:58 PM",0.01,"274.097945","274.097945","0.000000",0.01,0
"68932ce797a4b2390a9d02aa","tCDIsdPF3Em8dZW3fc0B","MKH Berhad","Workflow - Premium Features","Workflow - Premium Features (inbound_webhook)","-","Aug 6th 2025, 06:22:41 PM",0.01,"274.107945","274.107945","0.000000",0.01,0
"68932ce752e529b9bafa5d75","tCDIsdPF3Em8dZW3fc0B","MKH Berhad","Workflow - Premium Features","Workflow - Premium Features (inbound_webhook)","-","Aug 6th 2025, 06:22:31 PM",0.01,"274.117945","274.117945","0.000000",0.01,0
"68932ad52c0b0ba696ff7a06","tCDIsdPF3Em8dZW3fc0B","MKH Berhad","Workflow - Premium Features","Workflow - Premium Features (inbound_webhook)","-","Aug 6th 2025, 06:13:42 PM",0.01,"274.127945","274.127945","0.000000",0.01,0
"68932ad580a64f838f3ad9b5","tCDIsdPF3Em8dZW3fc0B","MKH Berhad","Workflow - Premium Features","Workflow - Premium Features (inbound_webhook)","-","Aug 6th 2025, 06:13:41 PM",0.01,"274.137945","274.137945","0.000000",0.01,0
"68932ad1570755828c7e797d","tCDIsdPF3Em8dZW3fc0B","MKH Berhad","Workflow - Premium Features","Workflow - Premium Features (inbound_webhook)","-","Aug 6th 2025, 06:13:38 PM",0.01,"274.147945","274.147945","0.000000",0.01,0
"68932ad15707558b7d7e7957","tCDIsdPF3Em8dZW3fc0B","MKH Berhad","Workflow - Premium Features","Workflow - Premium Features (inbound_webhook)","-","Aug 6th 2025, 06:13:38 PM",0.01,"274.157945","274.157945","0.000000",0.01,0
"68932a7fde94525d67e5cecc","E0H7r1mN6ry0kv4uGZ6L","Radium Development Berhad","Workflow - Premium Features","Workflow - Premium Features (inbound_webhook)","-","Aug 6th 2025, 06:12:15 PM",0.01,"274.167945","274.167945","0.000000",0.01,0
"689327bb570755120b7ad4f8","tCDIsdPF3Em8dZW3fc0B","MKH Berhad","Workflow - Premium Features","Workflow - Premium Features (inbound_webhook)","-","Aug 6th 2025, 06:00:28 PM",0.01,"274.177945","274.177945","0.000000",0.01,0
"689327bbb356b819af68a6c0","tCDIsdPF3Em8dZW3fc0B","MKH Berhad","Workflow - Premium Features","Workflow - Premium Features (inbound_webhook)","-","Aug 6th 2025, 06:00:27 PM",0.01,"274.187945","274.187945","0.000000",0.01,0
"689327b157075599937ac33c","tCDIsdPF3Em8dZW3fc0B","MKH Berhad","Workflow - Premium Features","Workflow - Premium Features (inbound_webhook)","-","Aug 6th 2025, 06:00:18 PM",0.01,"274.197945","274.197945","0.000000",0.01,0
"689327b15a5bbc8a5917ce2d","tCDIsdPF3Em8dZW3fc0B","MKH Berhad","Workflow - Premium Features","Workflow - Premium Features (inbound_webhook)","-","Aug 6th 2025, 06:00:17 PM",0.01,"274.207945","274.207945","0.000000",0.01,0
"6893274e5a5bbc7ab21794f4","tCDIsdPF3Em8dZW3fc0B","MKH Berhad","Workflow - Premium Features","Workflow - Premium Features (inbound_webhook)","-","Aug 6th 2025, 05:58:39 PM",0.01,"274.217945","274.217945","0.000000",0.01,0
"6893274eb356b834576859e2","tCDIsdPF3Em8dZW3fc0B","MKH Berhad","Workflow - Premium Features","Workflow - Premium Features (inbound_webhook)","-","Aug 6th 2025, 05:58:38 PM",0.01,"274.227945","274.227945","0.000000",0.01,0
"689327455a5bbcb28c179067","tCDIsdPF3Em8dZW3fc0B","MKH Berhad","Workflow - Premium Features","Workflow - Premium Features (inbound_webhook)","-","Aug 6th 2025, 05:58:29 PM",0.01,"274.237945","274.237945","0.000000",0.01,0
"6893274597a4b21576978518","tCDIsdPF3Em8dZW3fc0B","MKH Berhad","Workflow - Premium Features","Workflow - Premium Features (inbound_webhook)","-","Aug 6th 2025, 05:58:29 PM",0.01,"274.247945","274.247945","0.000000",0.01,0
"6893274297a4b25d3f9783ed","tCDIsdPF3Em8dZW3fc0B","MKH Berhad","Workflow - Premium Features","Workflow - Premium Features (inbound_webhook)","-","Aug 6th 2025, 05:58:26 PM",0.01,"274.257945","274.257945","0.000000",0.01,0
"68932742de9452bc89e1ffe7","tCDIsdPF3Em8dZW3fc0B","MKH Berhad","Workflow - Premium Features","Workflow - Premium Features (inbound_webhook)","-","Aug 6th 2025, 05:58:26 PM",0.01,"274.267945","274.267945","0.000000",0.01,0
"6893271997a4b2ce2b976fbd","tCDIsdPF3Em8dZW3fc0B","MKH Berhad","Workflow - Premium Features","Workflow - Premium Features (inbound_webhook)","-","Aug 6th 2025, 05:57:45 PM",0.01,"274.277945","274.277945","0.000000",0.01,0
"6893271997a4b2af14976fb3","tCDIsdPF3Em8dZW3fc0B","MKH Berhad","Workflow - Premium Features","Workflow - Premium Features (inbound_webhook)","-","Aug 6th 2025, 05:57:45 PM",0.01,"274.287945","274.287945","0.000000",0.01,0
"689326ef97a4b261f0975a05","tCDIsdPF3Em8dZW3fc0B","MKH Berhad","Workflow - Premium Features","Workflow - Premium Features (inbound_webhook)","-","Aug 6th 2025, 05:57:03 PM",0.01,"274.297945","274.297945","0.000000",0.01,0
"689326ede7eb625fac01b37e","tCDIsdPF3Em8dZW3fc0B","MKH Berhad","Workflow - Premium Features","Workflow - Premium Features (inbound_webhook)","-","Aug 6th 2025, 05:57:02 PM",0.01,"274.307945","274.307945","0.000000",0.01,0
"6893258a5a5bbccfd316ab5f","tCDIsdPF3Em8dZW3fc0B","MKH Berhad","Workflow - Premium Features","Workflow - Premium Features (inbound_webhook)","-","Aug 6th 2025, 05:51:06 PM",0.01,"274.317945","274.317945","0.000000",0.01,0
"6893258a52e529551ef3f467","tCDIsdPF3Em8dZW3fc0B","MKH Berhad","Workflow - Premium Features","Workflow - Premium Features (inbound_webhook)","-","Aug 6th 2025, 05:51:06 PM",0.01,"274.327945","274.327945","0.000000",0.01,0
"6893256bde9452fadbe10fef","tCDIsdPF3Em8dZW3fc0B","MKH Berhad","Workflow - Premium Features","Workflow - Premium Features (inbound_webhook)","-","Aug 6th 2025, 05:50:35 PM",0.01,"274.337945","274.337945","0.000000",0.01,0
"6893256be7eb6240c900eaa9","tCDIsdPF3Em8dZW3fc0B","MKH Berhad","Workflow - Premium Features","Workflow - Premium Features (inbound_webhook)","-","Aug 6th 2025, 05:50:35 PM",0.01,"274.347945","274.347945","0.000000",0.01,0
"689324245a5bbceaaf15f0ae","tCDIsdPF3Em8dZW3fc0B","MKH Berhad","Workflow - Premium Features","Workflow - Premium Features (inbound_webhook)","-","Aug 6th 2025, 05:45:08 PM",0.01,"274.357945","274.357945","0.000000",0.01,0
"68932424b356b8d8fa66ba23","tCDIsdPF3Em8dZW3fc0B","MKH Berhad","Workflow - Premium Features","Workflow - Premium Features (inbound_webhook)","-","Aug 6th 2025, 05:45:08 PM",0.01,"274.367945","274.367945","0.000000",0.01,0
"6893242046d1f23a2f9afdbb","tCDIsdPF3Em8dZW3fc0B","MKH Berhad","Workflow - Premium Features","Workflow - Premium Features (inbound_webhook)","-","Aug 6th 2025, 05:45:04 PM",0.01,"274.377945","274.377945","0.000000",0.01,0
"6893242046d1f22bee9afda2","tCDIsdPF3Em8dZW3fc0B","MKH Berhad","Workflow - Premium Features","Workflow - Premium Features (inbound_webhook)","-","Aug 6th 2025, 05:45:04 PM",0.01,"274.387945","274.387945","0.000000",0.01,0
"6893240d2c0b0b935ff9d42f","tCDIsdPF3Em8dZW3fc0B","MKH Berhad","WhatsApp Marketing Messages","whatsapp_marketing_message ref: wamid.HBgMNjAxMTExMjg5ODkyFQIAERgSNzhEQUFFRDkzNUFDMjAyNDc2AA==","-","Aug 6th 2025, 05:44:46 PM",0.0903,"274.397945","274.397945","0.000000",0.0903,0
"6893240a52e5298123f32fad","tCDIsdPF3Em8dZW3fc0B","MKH Berhad","WhatsApp Marketing Messages","whatsapp_marketing_message ref: wamid.HBgMNjAxMTExMjg5ODkyFQIAERgSQkUyNThBOTkwNTczM0I0OTA5AA==","-","Aug 6th 2025, 05:44:42 PM",0.0903,"274.488245","274.488245","0.000000",0.0903,0
"689323fa97a4b2735195d419","tCDIsdPF3Em8dZW3fc0B","MKH Berhad","WhatsApp Marketing Messages","whatsapp_marketing_message ref: wamid.HBgLNjAxMjQxNzQ0MDkVAgARGBJFOUYyRTdENjkxMTFFNjY0MkEA","-","Aug 6th 2025, 05:44:26 PM",0.0903,"274.578545","274.578545","0.000000",0.0903,0
"689323f05a5bbcbc9515d6ab","tCDIsdPF3Em8dZW3fc0B","MKH Berhad","WhatsApp Marketing Messages","whatsapp_marketing_message ref: wamid.HBgLNjAxMjQxNzQ0MDkVAgARGBI2RDA5NThERjBBNDQ1NURGQTYA","-","Aug 6th 2025, 05:44:16 PM",0.0903,"274.668845","274.668845","0.000000",0.0903,0
"6893239946d1f216c09abeb1","E0H7r1mN6ry0kv4uGZ6L","Radium Development Berhad","Workflow - Premium Features","Workflow - Premium Features (inbound_webhook)","-","Aug 6th 2025, 05:42:50 PM",0.01,"274.759145","274.759145","0.000000",0.01,0
"68932393b356b8d0be666fe3","A3k6CQJPTZBR3jvZ0Fp9","Supreme Springs Sdn. Bhd.","WhatsApp Marketing Messages","whatsapp_marketing_message ref: wamid.HBgLNjAxODI3OTY5NjcVAgARGBIyMTk4MDM0QTAzRkQzMkM4MjEA","-","Aug 6th 2025, 05:42:44 PM",0.0903,"274.769145","274.769145","0.000000",0.0903,0
"68932381de9452a870e0113c","tCDIsdPF3Em8dZW3fc0B","MKH Berhad","Workflow - Premium Features","Workflow - Premium Features (inbound_webhook)","-","Aug 6th 2025, 05:42:25 PM",0.01,"274.859445","274.859445","0.000000",0.01,0
"68932381e7eb623541ffeda0","tCDIsdPF3Em8dZW3fc0B","MKH Berhad","Workflow - Premium Features","Workflow - Premium Features (inbound_webhook)","-","Aug 6th 2025, 05:42:25 PM",0.01,"274.869445","274.869445","0.000000",0.01,0
"6893237e97a4b24cbb959384","tCDIsdPF3Em8dZW3fc0B","MKH Berhad","Workflow - Premium Features","Workflow - Premium Features (inbound_webhook)","-","Aug 6th 2025, 05:42:22 PM",0.01,"274.879445","274.879445","0.000000",0.01,0
"6893237e97a4b2381595937e","tCDIsdPF3Em8dZW3fc0B","MKH Berhad","Workflow - Premium Features","Workflow - Premium Features (inbound_webhook)","-","Aug 6th 2025, 05:42:22 PM",0.01,"274.889445","274.889445","0.000000",0.01,0
"6893236252e5295f3ff2d38d","A3k6CQJPTZBR3jvZ0Fp9","Supreme Springs Sdn. Bhd.","WhatsApp Marketing Messages","whatsapp_marketing_message ref: wamid.HBgLNjAxODI3OTY5NjcVAgARGBJFMTc0MTIwOTgzQkE2NTlGOEMA","-","Aug 6th 2025, 05:41:54 PM",0.0903,"274.899445","274.899445","0.000000",0.0903,0
"689323575a5bbc39b6157ffb","A3k6CQJPTZBR3jvZ0Fp9","Supreme Springs Sdn. Bhd.","WhatsApp Marketing Messages","whatsapp_marketing_message ref: wamid.HBgLNjAxODI3OTY5NjcVAgARGBJERTA1QzM3NUJDQzgwQTAzMjgA","-","Aug 6th 2025, 05:41:43 PM",0.0903,"274.989745","274.989745","0.000000",0.0903,0
"689323425a5bbc1824157558","A3k6CQJPTZBR3jvZ0Fp9","Supreme Springs Sdn. Bhd.","WhatsApp Marketing Messages","whatsapp_marketing_message ref: wamid.HBgLNjAxODI3OTY5NjcVAgARGBJGNEQwMUM3Q0Y4MDQ4MkE2NjUA","-","Aug 6th 2025, 05:41:23 PM",0.0903,"275.080045","275.080045","0.000000",0.0903,0
"6893230357075506cb783c52","tCDIsdPF3Em8dZW3fc0B","MKH Berhad","Workflow - Premium Features","Workflow - Premium Features (inbound_webhook)","-","Aug 6th 2025, 05:40:19 PM",0.01,"275.170345","275.170345","0.000000",0.01,0
"6893230052e529a32cf2979a","tCDIsdPF3Em8dZW3fc0B","MKH Berhad","Workflow - Premium Features","Workflow - Premium Features (inbound_webhook)","-","Aug 6th 2025, 05:40:17 PM",0.01,"275.180345","275.180345","0.000000",0.01,0
"6893212a46d1f205e3996e89","MfDp0AqaeLg78p4R0k3Y","MKH Berhad Feedback","Emails","Email ref: bOTA9sj70M1ZQU72BrvQ","-","Aug 6th 2025, 05:32:26 PM",0.000675,"275.190345","275.190345","0.000000",0.000675,0
"6893212846d1f24569996cc3","MfDp0AqaeLg78p4R0k3Y","MKH Berhad Feedback","Emails","Email ref: CMiERGXyjf6HdaBoMXfl","-","Aug 6th 2025, 05:32:25 PM",0.000675,"275.191020","275.191020","0.000000",0.000675,0
"689320bc52e52916f9f13fc2","tCDIsdPF3Em8dZW3fc0B","MKH Berhad","Workflow - Premium Features","Workflow - Premium Features (inbound_webhook)","-","Aug 6th 2025, 05:30:36 PM",0.01,"275.191695","275.191695","0.000000",0.01,0
"689320bce7eb6250fefe4716","tCDIsdPF3Em8dZW3fc0B","MKH Berhad","Workflow - Premium Features","Workflow - Premium Features (inbound_webhook)","-","Aug 6th 2025, 05:30:36 PM",0.01,"275.201695","275.201695","0.000000",0.01,0
"68931fdc5a5bbc375d13771c","tCDIsdPF3Em8dZW3fc0B","MKH Berhad","Workflow - Premium Features","Workflow - Premium Features (inbound_webhook)","-","Aug 6th 2025, 05:26:52 PM",0.01,"275.211695","275.211695","0.000000",0.01,0
"68931fdcb356b88eaf6441c3","tCDIsdPF3Em8dZW3fc0B","MKH Berhad","Workflow - Premium Features","Workflow - Premium Features (inbound_webhook)","-","Aug 6th 2025, 05:26:52 PM",0.01,"275.221695","275.221695","0.000000",0.01,0
"68931fd597a4b2b1509363e4","tCDIsdPF3Em8dZW3fc0B","MKH Berhad","Workflow - Premium Features","Workflow - Premium Features (inbound_webhook)","-","Aug 6th 2025, 05:26:45 PM",0.01,"275.231695","275.231695","0.000000",0.01,0
"68931fd546d1f2084698844e","tCDIsdPF3Em8dZW3fc0B","MKH Berhad","Workflow - Premium Features","Workflow - Premium Features (inbound_webhook)","-","Aug 6th 2025, 05:26:45 PM",0.01,"275.241695","275.241695","0.000000",0.01,0
"68931f99b356b83cc9642010","tCDIsdPF3Em8dZW3fc0B","MKH Berhad","Workflow - Premium Features","Workflow - Premium Features (inbound_webhook)","-","Aug 6th 2025, 05:25:45 PM",0.01,"275.251695","275.251695","0.000000",0.01,0
"68931f995a5bbc144d1354f0","tCDIsdPF3Em8dZW3fc0B","MKH Berhad","Workflow - Premium Features","Workflow - Premium Features (inbound_webhook)","-","Aug 6th 2025, 05:25:45 PM",0.01,"275.261695","275.261695","0.000000",0.01,0
"68931e0e5a5bbc24df1254c3","tCDIsdPF3Em8dZW3fc0B","MKH Berhad","Workflow - Premium Features","Workflow - Premium Features (inbound_webhook)","-","Aug 6th 2025, 05:19:11 PM",0.01,"275.271695","275.271695","0.000000",0.01,0
"68931e0e52e529681cefa0af","tCDIsdPF3Em8dZW3fc0B","MKH Berhad","Workflow - Premium Features","Workflow - Premium Features (inbound_webhook)","-","Aug 6th 2025, 05:19:11 PM",0.01,"275.281695","275.281695","0.000000",0.01,0
"68931e085707550e3375452f","tCDIsdPF3Em8dZW3fc0B","MKH Berhad","Workflow - Premium Features","Workflow - Premium Features (inbound_webhook)","-","Aug 6th 2025, 05:19:05 PM",0.01,"275.291695","275.291695","0.000000",0.01,0
"68931e085a5bbc10d7125169","tCDIsdPF3Em8dZW3fc0B","MKH Berhad","Workflow - Premium Features","Workflow - Premium Features (inbound_webhook)","-","Aug 6th 2025, 05:19:04 PM",0.01,"275.301695","275.301695","0.000000",0.01,0
"68931d27e7eb6242dbfc19df","tCDIsdPF3Em8dZW3fc0B","MKH Berhad","Workflow - Premium Features","Workflow - Premium Features (inbound_webhook)","-","Aug 6th 2025, 05:15:20 PM",0.01,"275.311695","275.311695","0.000000",0.01,0
"68931d26de9452d611dc3da9","tCDIsdPF3Em8dZW3fc0B","MKH Berhad","Workflow - Premium Features","Workflow - Premium Features (inbound_webhook)","-","Aug 6th 2025, 05:15:18 PM",0.01,"275.321695","275.321695","0.000000",0.01,0
"68931d1580a64f0ac330fef6","tCDIsdPF3Em8dZW3fc0B","MKH Berhad","Workflow - Premium Features","Workflow - Premium Features (inbound_webhook)","-","Aug 6th 2025, 05:15:01 PM",0.01,"275.331695","275.331695","0.000000",0.01,0
"68931d155a5bbcc6b911b66f","tCDIsdPF3Em8dZW3fc0B","MKH Berhad","Workflow - Premium Features","Workflow - Premium Features (inbound_webhook)","-","Aug 6th 2025, 05:15:01 PM",0.01,"275.341695","275.341695","0.000000",0.01,0
"68931d1057075578ad74a3ca","tCDIsdPF3Em8dZW3fc0B","MKH Berhad","Workflow - Premium Features","Workflow - Premium Features (inbound_webhook)","-","Aug 6th 2025, 05:14:57 PM",0.01,"275.351695","275.351695","0.000000",0.01,0
"68931d1080a64f218b30fc35","tCDIsdPF3Em8dZW3fc0B","MKH Berhad","Workflow - Premium Features","Workflow - Premium Features (inbound_webhook)","-","Aug 6th 2025, 05:14:56 PM",0.01,"275.361695","275.361695","0.000000",0.01,0
"68931c8d97a4b20485913c57","tCDIsdPF3Em8dZW3fc0B","MKH Berhad","Workflow - Premium Features","Workflow - Premium Features (inbound_webhook)","-","Aug 6th 2025, 05:12:46 PM",0.01,"275.371695","275.371695","0.000000",0.01,0
"68931c8d46d1f29c18965d59","tCDIsdPF3Em8dZW3fc0B","MKH Berhad","Workflow - Premium Features","Workflow - Premium Features (inbound_webhook)","-","Aug 6th 2025, 05:12:45 PM",0.01,"275.381695","275.381695","0.000000",0.01,0
"68931c8252e529e15cee8c7e","tCDIsdPF3Em8dZW3fc0B","MKH Berhad","Workflow - Premium Features","Workflow - Premium Features (inbound_webhook)","-","Aug 6th 2025, 05:12:34 PM",0.01,"275.391695","275.391695","0.000000",0.01,0
"68931c8252e529484bee8c80","tCDIsdPF3Em8dZW3fc0B","MKH Berhad","Workflow - Premium Features","Workflow - Premium Features (inbound_webhook)","-","Aug 6th 2025, 05:12:34 PM",0.01,"275.401695","275.401695","0.000000",0.01,0
"689318262c0b0bcabdf06860","tCDIsdPF3Em8dZW3fc0B","MKH Berhad","Workflow - Premium Features","Workflow - Premium Features (inbound_webhook)","-","Aug 6th 2025, 04:53:58 PM",0.01,"275.411695","275.411695","0.000000",0.01,0
"68931826e7eb627b0df6c81b","tCDIsdPF3Em8dZW3fc0B","MKH Berhad","Workflow - Premium Features","Workflow - Premium Features (inbound_webhook)","-","Aug 6th 2025, 04:53:58 PM",0.01,"275.421695","275.421695","0.000000",0.01,0
"689317792c0b0b34eff021d4","tCDIsdPF3Em8dZW3fc0B","MKH Berhad","Workflow - Premium Features","Workflow - Premium Features (inbound_webhook)","-","Aug 6th 2025, 04:51:06 PM",0.01,"275.431695","275.431695","0.000000",0.01,0
"68931779de94522316d6a2aa","tCDIsdPF3Em8dZW3fc0B","MKH Berhad","Workflow - Premium Features","Workflow - Premium Features (inbound_webhook)","-","Aug 6th 2025, 04:51:05 PM",0.01,"275.441695","275.441695","0.000000",0.01,0
"689315522c0b0b06e5eef199","tCDIsdPF3Em8dZW3fc0B","MKH Berhad","Workflow - Premium Features","Workflow - Premium Features (inbound_webhook)","-","Aug 6th 2025, 04:41:54 PM",0.01,"275.451695","275.451695","0.000000",0.01,0
"689315515707553e906de63b","tCDIsdPF3Em8dZW3fc0B","MKH Berhad","Workflow - Premium Features","Workflow - Premium Features (inbound_webhook)","-","Aug 6th 2025, 04:41:53 PM",0.01,"275.461695","275.461695","0.000000",0.01,0
"68931549b356b84f9d5bc488","tCDIsdPF3Em8dZW3fc0B","MKH Berhad","Workflow - Premium Features","Workflow - Premium Features (inbound_webhook)","-","Aug 6th 2025, 04:41:45 PM",0.01,"275.471695","275.471695","0.000000",0.01,0
"689315492c0b0b1a6eeeeeca","tCDIsdPF3Em8dZW3fc0B","MKH Berhad","Workflow - Premium Features","Workflow - Premium Features (inbound_webhook)","-","Aug 6th 2025, 04:41:45 PM",0.01,"275.481695","275.481695","0.000000",0.01,0
"68931540e7eb628180f54ac1","tCDIsdPF3Em8dZW3fc0B","MKH Berhad","Workflow - Premium Features","Workflow - Premium Features (inbound_webhook)","-","Aug 6th 2025, 04:41:36 PM",0.01,"275.491695","275.491695","0.000000",0.01,0
"689315402c0b0b5bbbeeec89","tCDIsdPF3Em8dZW3fc0B","MKH Berhad","Workflow - Premium Features","Workflow - Premium Features (inbound_webhook)","-","Aug 6th 2025, 04:41:36 PM",0.01,"275.501695","275.501695","0.000000",0.01,0
"689312ad97a4b2772289eaeb","E0H7r1mN6ry0kv4uGZ6L","Radium Development Berhad","WhatsApp Marketing Messages","whatsapp_marketing_message ref: wamid.HBgLNjAxNzMwMDc1ODIVAgARGBJFRDVEMDcyNjZEMUM1MkQ2NDUA","-","Aug 6th 2025, 04:30:38 PM",0.0903,"275.511695","275.511695","0.000000",0.0903,0
"689311a6de945206f2d41385","MfDp0AqaeLg78p4R0k3Y","MKH Berhad Feedback","Emails","Email ref: Zccvamvc1yee2occTvh1","-","Aug 6th 2025, 04:26:14 PM",0.000675,"275.601995","275.601995","0.000000",0.000675,0
"689311a42c0b0b1d6eed8d72","MfDp0AqaeLg78p4R0k3Y","MKH Berhad Feedback","Emails","Email ref: fui4kxrra88pQvbglUDh","-","Aug 6th 2025, 04:26:13 PM",0.000675,"275.602670","275.602670","0.000000",0.000675,0
"689311a32c0b0bc898ed8c38","MfDp0AqaeLg78p4R0k3Y","MKH Berhad Feedback","Emails","Email ref: cC8mKEua905kTz5qHQKs","-","Aug 6th 2025, 04:26:11 PM",0.000675,"275.603345","275.603345","0.000000",0.000675,0
"689311a25a5bbc3bf5099533","MfDp0AqaeLg78p4R0k3Y","MKH Berhad Feedback","Emails","Email ref: 0D6g4wNCUyY5dZv9vv2b","-","Aug 6th 2025, 04:26:11 PM",0.000675,"275.604020","275.604020","0.000000",0.000675,0
"689311a157075544906c7c9b","MfDp0AqaeLg78p4R0k3Y","MKH Berhad Feedback","Emails","Email ref: 21U7qTdjeDfFwwljH03i","-","Aug 6th 2025, 04:26:09 PM",0.000675,"275.604695","275.604695","0.000000",0.000675,0
"6893119f52e529314ae6ec98","MfDp0AqaeLg78p4R0k3Y","MKH Berhad Feedback","Emails","Email ref: GtsGnjK8NrQNbyHMf0Lm","-","Aug 6th 2025, 04:26:07 PM",0.000675,"275.605370","275.605370","0.000000",0.000675,0
"6893104580a64fc5ac28385c","rsdW1sEFWbzzULIapmdQ","Platinum Victory","Workflow - Premium Features","Workflow - Premium Features (inbound_webhook)","-","Aug 6th 2025, 04:20:21 PM",0.01,"275.606045","275.606045","0.000000",0.01,0
"68930ed2b356b802c1589487","MfDp0AqaeLg78p4R0k3Y","MKH Berhad Feedback","Emails","Email ref: 3DX6e18gWta7DXIlskqI","-","Aug 6th 2025, 04:14:10 PM",0.000675,"275.616045","275.616045","0.000000",0.000675,0
"68930ec780a64fc4a1271d32","MfDp0AqaeLg78p4R0k3Y","MKH Berhad Feedback","Emails","Email ref: WRksR5jaisfIceXlTrhN","-","Aug 6th 2025, 04:14:00 PM",0.000675,"275.616720","275.616720","0.000000",0.000675,0
"68930dfd97a4b274e9874715","MfDp0AqaeLg78p4R0k3Y","MKH Berhad Feedback","Emails","Email ref: QiiEe0byTpcLuWDnl3zo","-","Aug 6th 2025, 04:10:38 PM",0.000675,"275.617395","275.617395","0.000000",0.000675,0
"68930dfb97a4b23b528743b9","MfDp0AqaeLg78p4R0k3Y","MKH Berhad Feedback","Emails","Email ref: JJpJhqvS9FRP9ed64i0v","-","Aug 6th 2025, 04:10:36 PM",0.000675,"275.618070","275.618070","0.000000",0.000675,0
"68930b2fde94526c3ecd8578",,,"Email Notifications","EmailNotification ref: 68930b2e4a2b523b0073680c","-","Aug 6th 2025, 03:58:39 PM",0.015525,"275.618745","275.618745","0.000000",0.015525,0
"6893090e2c0b0bffc9e65942","rsdW1sEFWbzzULIapmdQ","Platinum Victory","Workflow - Premium Features","Workflow - Premium Features (inbound_webhook)","-","Aug 6th 2025, 03:49:34 PM",0.01,"275.634270","275.634270","0.000000",0.01,0
"689308fe5707552ed6655089","e9bA8duUxZTuI4HbWSaY","GL Play","Emails","Email ref: ZeXyThx5rU6RwJH9367j","-","Aug 6th 2025, 03:49:18 PM",0.000675,"275.644270","275.644270","0.000000",0.000675,0
"689308fa2c0b0bc053e65256","e9bA8duUxZTuI4HbWSaY","GL Play","Workflow - Premium Features","Workflow - Premium Features (google_sheets)","-","Aug 6th 2025, 03:49:15 PM",0,"275.644945","275.644945","0.000000",0,0
"689308f8570755303f654e0b","e9bA8duUxZTuI4HbWSaY","GL Play","Workflow - Premium Features","Workflow - Premium Features (google_sheets)","-","Aug 6th 2025, 03:49:12 PM",0,"275.644945","275.644945","0.000000",0,0
"689308f446d1f2b576878a95","e9bA8duUxZTuI4HbWSaY","GL Play","Workflow - Premium Features","Workflow - Premium Features (google_sheets)","-","Aug 6th 2025, 03:49:08 PM",0,"275.644945","275.644945","0.000000",0,0
"689308b646d1f22ec2876c34","aIzvZ3CF67w8uUjkPchx","Triple Three Properties Sdn Bhd (Asia Green)","Workflow - Premium Features","Workflow - Premium Features (inbound_webhook)","-","Aug 6th 2025, 03:48:07 PM",0.01,"275.644945","275.644945","0.000000",0.01,0
"68930833570755632364f9be","e9bA8duUxZTuI4HbWSaY","GL Play","Emails","Email ref: 2DQOI8FQdRDGMA3RhQEW","-","Aug 6th 2025, 03:45:55 PM",0.000675,"275.654945","275.654945","0.000000",0.000675,0
"68930831b356b8356e52d8ef","e9bA8duUxZTuI4HbWSaY","GL Play","Workflow - Premium Features","Workflow - Premium Features (google_sheets)","-","Aug 6th 2025, 03:45:54 PM",0,"275.655620","275.655620","0.000000",0,0
"6893082db356b84f7152d602","e9bA8duUxZTuI4HbWSaY","GL Play","Workflow - Premium Features","Workflow - Premium Features (google_sheets)","-","Aug 6th 2025, 03:45:49 PM",0,"275.655620","275.655620","0.000000",0,0
"68930829e7eb62089cec5f3f","e9bA8duUxZTuI4HbWSaY","GL Play","Workflow - Premium Features","Workflow - Premium Features (google_sheets)","-","Aug 6th 2025, 03:45:45 PM",0,"275.655620","275.655620","0.000000",0,0
"689307455707551771649498","tCDIsdPF3Em8dZW3fc0B","MKH Berhad","Workflow - Premium Features","Workflow - Premium Features (inbound_webhook)","-","Aug 6th 2025, 03:41:57 PM",0.01,"275.655620","275.655620","0.000000",0.01,0
"68930745570755c606649487","tCDIsdPF3Em8dZW3fc0B","MKH Berhad","Workflow - Premium Features","Workflow - Premium Features (inbound_webhook)","-","Aug 6th 2025, 03:41:57 PM",0.01,"275.665620","275.665620","0.000000",0.01,0
"6893074052e5291b50defec2","tCDIsdPF3Em8dZW3fc0B","MKH Berhad","Workflow - Premium Features","Workflow - Premium Features (inbound_webhook)","-","Aug 6th 2025, 03:41:52 PM",0.01,"275.675620","275.675620","0.000000",0.01,0
"6893074052e529d179defe9f","tCDIsdPF3Em8dZW3fc0B","MKH Berhad","Workflow - Premium Features","Workflow - Premium Features (inbound_webhook)","-","Aug 6th 2025, 03:41:52 PM",0.01,"275.685620","275.685620","0.000000",0.01,0
"68930578de9452f6d1cb5675","tCDIsdPF3Em8dZW3fc0B","MKH Berhad","Workflow - Premium Features","Workflow - Premium Features (inbound_webhook)","-","Aug 6th 2025, 03:34:16 PM",0.01,"275.695620","275.695620","0.000000",0.01,0
"6893057880a64f204920285b","tCDIsdPF3Em8dZW3fc0B","MKH Berhad","Workflow - Premium Features","Workflow - Premium Features (inbound_webhook)","-","Aug 6th 2025, 03:34:16 PM",0.01,"275.705620","275.705620","0.000000",0.01,0
"689303525707550741628576","tCDIsdPF3Em8dZW3fc0B","MKH Berhad","Workflow - Premium Features","Workflow - Premium Features (inbound_webhook)","-","Aug 6th 2025, 03:25:06 PM",0.01,"275.715620","275.715620","0.000000",0.01,0
"6893035280a64f37091eef6b","tCDIsdPF3Em8dZW3fc0B","MKH Berhad","Workflow - Premium Features","Workflow - Premium Features (inbound_webhook)","-","Aug 6th 2025, 03:25:06 PM",0.01,"275.725620","275.725620","0.000000",0.01,0
"68930336de94525bacca15e9","tCDIsdPF3Em8dZW3fc0B","MKH Berhad","Workflow - Premium Features","Workflow - Premium Features (inbound_webhook)","-","Aug 6th 2025, 03:24:38 PM",0.01,"275.735620","275.735620","0.000000",0.01,0
"689303362c0b0b6375e3791e","tCDIsdPF3Em8dZW3fc0B","MKH Berhad","Workflow - Premium Features","Workflow - Premium Features (inbound_webhook)","-","Aug 6th 2025, 03:24:38 PM",0.01,"275.745620","275.745620","0.000000",0.01,0
"6893030952e529859cdccc9a","tCDIsdPF3Em8dZW3fc0B","MKH Berhad","Workflow - Premium Features","Workflow - Premium Features (inbound_webhook)","-","Aug 6th 2025, 03:23:53 PM",0.01,"275.755620","275.755620","0.000000",0.01,0
"68930309e7eb62f9d0e9d963","tCDIsdPF3Em8dZW3fc0B","MKH Berhad","Workflow - Premium Features","Workflow - Premium Features (inbound_webhook)","-","Aug 6th 2025, 03:23:53 PM",0.01,"275.765620","275.765620","0.000000",0.01,0
"689302e75707554bd36264d1","tCDIsdPF3Em8dZW3fc0B","MKH Berhad","Workflow - Premium Features","Workflow - Premium Features (inbound_webhook)","-","Aug 6th 2025, 03:23:20 PM",0.01,"275.775620","275.775620","0.000000",0.01,0
"689302e780a64fc44e1ecf30","tCDIsdPF3Em8dZW3fc0B","MKH Berhad","Workflow - Premium Features","Workflow - Premium Features (inbound_webhook)","-","Aug 6th 2025, 03:23:19 PM",0.01,"275.785620","275.785620","0.000000",0.01,0
"689302b15a5bbc8f93ff71f1","tCDIsdPF3Em8dZW3fc0B","MKH Berhad","Workflow - Premium Features","Workflow - Premium Features (inbound_webhook)","-","Aug 6th 2025, 03:22:25 PM",0.01,"275.795620","275.795620","0.000000",0.01,0
"689302b0de945241a6c9e245","tCDIsdPF3Em8dZW3fc0B","MKH Berhad","Workflow - Premium Features","Workflow - Premium Features (inbound_webhook)","-","Aug 6th 2025, 03:22:24 PM",0.01,"275.805620","275.805620","0.000000",0.01,0
"6893012b57075574ed617a71","tCDIsdPF3Em8dZW3fc0B","MKH Berhad","Workflow - Premium Features","Workflow - Premium Features (inbound_webhook)","-","Aug 6th 2025, 03:15:56 PM",0.01,"275.815620","275.815620","0.000000",0.01,0
"6893012b5a5bbcca67fe9fc5","tCDIsdPF3Em8dZW3fc0B","MKH Berhad","Workflow - Premium Features","Workflow - Premium Features (inbound_webhook)","-","Aug 6th 2025, 03:15:55 PM",0.01,"275.825620","275.825620","0.000000",0.01,0
"6893010fb356b808e44f4172","tCDIsdPF3Em8dZW3fc0B","MKH Berhad","Workflow - Premium Features","Workflow - Premium Features (inbound_webhook)","-","Aug 6th 2025, 03:15:27 PM",0.01,"275.835620","275.835620","0.000000",0.01,0
"6893010f2c0b0b5319e26440","tCDIsdPF3Em8dZW3fc0B","MKH Berhad","Workflow - Premium Features","Workflow - Premium Features (inbound_webhook)","-","Aug 6th 2025, 03:15:27 PM",0.01,"275.845620","275.845620","0.000000",0.01,0
"689300f646d1f27246837f3c","tCDIsdPF3Em8dZW3fc0B","MKH Berhad","Workflow - Premium Features","Workflow - Premium Features (inbound_webhook)","-","Aug 6th 2025, 03:15:02 PM",0.01,"275.855620","275.855620","0.000000",0.01,0
"689300f65707557679614a21","tCDIsdPF3Em8dZW3fc0B","MKH Berhad","Workflow - Premium Features","Workflow - Premium Features (inbound_webhook)","-","Aug 6th 2025, 03:15:02 PM",0.01,"275.865620","275.865620","0.000000",0.01,0
"6893008fde9452a51ac891b9","tCDIsdPF3Em8dZW3fc0B","MKH Berhad","Workflow - Premium Features","Workflow - Premium Features (inbound_webhook)","-","Aug 6th 2025, 03:13:19 PM",0.01,"275.875620","275.875620","0.000000",0.01,0
"6893008cb356b82e424ed989","tCDIsdPF3Em8dZW3fc0B","MKH Berhad","Workflow - Premium Features","Workflow - Premium Features (inbound_webhook)","-","Aug 6th 2025, 03:13:17 PM",0.01,"275.885620","275.885620","0.000000",0.01,0
"6893000cb356b874374e7166","WphrMU0x3Ocd2pEpBJcH","Demo","Workflow - Premium Features","Workflow - Premium Features (inbound_webhook)","-","Aug 6th 2025, 03:11:09 PM",0.01,"275.895620","275.895620","0.000000",0.01,0
"6892ffc72c0b0b1769e1594b","tCDIsdPF3Em8dZW3fc0B","MKH Berhad","Workflow - Premium Features","Workflow - Premium Features (inbound_webhook)","-","Aug 6th 2025, 03:10:00 PM",0.01,"275.905620","275.905620","0.000000",0.01,0
"6892ffc72c0b0b4fcde15939","tCDIsdPF3Em8dZW3fc0B","MKH Berhad","Workflow - Premium Features","Workflow - Premium Features (inbound_webhook)","-","Aug 6th 2025, 03:10:00 PM",0.01,"275.915620","275.915620","0.000000",0.01,0
"6892ff8580a64f54fc1c6a65","tCDIsdPF3Em8dZW3fc0B","MKH Berhad","Workflow - Premium Features","Workflow - Premium Features (inbound_webhook)","-","Aug 6th 2025, 03:08:53 PM",0.01,"275.925620","275.925620","0.000000",0.01,0
"6892ff8580a64f63581c6a47","tCDIsdPF3Em8dZW3fc0B","MKH Berhad","Workflow - Premium Features","Workflow - Premium Features (inbound_webhook)","-","Aug 6th 2025, 03:08:53 PM",0.01,"275.935620","275.935620","0.000000",0.01,0
"6892ff2e46d1f21f7a81f9e5","tCDIsdPF3Em8dZW3fc0B","MKH Berhad","Workflow - Premium Features","Workflow - Premium Features (inbound_webhook)","-","Aug 6th 2025, 03:07:27 PM",0.01,"275.945620","275.945620","0.000000",0.01,0
"6892ff2e80a64fa1841c25f6","tCDIsdPF3Em8dZW3fc0B","MKH Berhad","Workflow - Premium Features","Workflow - Premium Features (inbound_webhook)","-","Aug 6th 2025, 03:07:26 PM",0.01,"275.955620","275.955620","0.000000",0.01,0
"6892fef7570755e0e75f87b5","tCDIsdPF3Em8dZW3fc0B","MKH Berhad","Workflow - Premium Features","Workflow - Premium Features (inbound_webhook)","-","Aug 6th 2025, 03:06:31 PM",0.01,"275.965620","275.965620","0.000000",0.01,0
"6892fef7b356b810f44d629a","tCDIsdPF3Em8dZW3fc0B","MKH Berhad","Workflow - Premium Features","Workflow - Premium Features (inbound_webhook)","-","Aug 6th 2025, 03:06:31 PM",0.01,"275.975620","275.975620","0.000000",0.01,0
"6892fee397a4b2f9c27c77ed","tCDIsdPF3Em8dZW3fc0B","MKH Berhad","Workflow - Premium Features","Workflow - Premium Features (inbound_webhook)","-","Aug 6th 2025, 03:06:12 PM",0.01,"275.985620","275.985620","0.000000",0.01,0
"6892fee397a4b2102a7c77e1","tCDIsdPF3Em8dZW3fc0B","MKH Berhad","Workflow - Premium Features","Workflow - Premium Features (inbound_webhook)","-","Aug 6th 2025, 03:06:12 PM",0.01,"275.995620","275.995620","0.000000",0.01,0
"6892fe5db356b86b914cc6c8","tCDIsdPF3Em8dZW3fc0B","MKH Berhad","Workflow - Premium Features","Workflow - Premium Features (inbound_webhook)","-","Aug 6th 2025, 03:03:58 PM",0.01,"276.005620","276.005620","0.000000",0.01,0
"6892fe5db356b80abc4cc6a6","tCDIsdPF3Em8dZW3fc0B","MKH Berhad","Workflow - Premium Features","Workflow - Premium Features (inbound_webhook)","-","Aug 6th 2025, 03:03:57 PM",0.01,"276.015620","276.015620","0.000000",0.01,0
"6892fdd72c0b0b736edefe6c","tCDIsdPF3Em8dZW3fc0B","MKH Berhad","Workflow - Premium Features","Workflow - Premium Features (inbound_webhook)","-","Aug 6th 2025, 03:01:44 PM",0.01,"276.025620","276.025620","0.000000",0.01,0
"6892fdd7e7eb623858e569f8","tCDIsdPF3Em8dZW3fc0B","MKH Berhad","Workflow - Premium Features","Workflow - Premium Features (inbound_webhook)","-","Aug 6th 2025, 03:01:43 PM",0.01,"276.035620","276.035620","0.000000",0.01,0
"6892fd505707553a8f5d3014","tCDIsdPF3Em8dZW3fc0B","MKH Berhad","Workflow - Premium Features","Workflow - Premium Features (inbound_webhook)","-","Aug 6th 2025, 02:59:29 PM",0.01,"276.045620","276.045620","0.000000",0.01,0
"6892fd5057075509ca5d2fef","tCDIsdPF3Em8dZW3fc0B","MKH Berhad","Workflow - Premium Features","Workflow - Premium Features (inbound_webhook)","-","Aug 6th 2025, 02:59:28 PM",0.01,"276.055620","276.055620","0.000000",0.01,0
"6892fac397a4b2dbaa78af94","tCDIsdPF3Em8dZW3fc0B","MKH Berhad","Workflow - Premium Features","Workflow - Premium Features (inbound_webhook)","-","Aug 6th 2025, 02:48:35 PM",0.01,"276.065620","276.065620","0.000000",0.01,0
"6892fac32c0b0ba4efdca757","tCDIsdPF3Em8dZW3fc0B","MKH Berhad","Workflow - Premium Features","Workflow - Premium Features (inbound_webhook)","-","Aug 6th 2025, 02:48:35 PM",0.01,"276.075620","276.075620","0.000000",0.01,0
"6892fac15a5bbc507ff8ccf8","tCDIsdPF3Em8dZW3fc0B","MKH Berhad","Workflow - Premium Features","Workflow - Premium Features (inbound_webhook)","-","Aug 6th 2025, 02:48:33 PM",0.01,"276.085620","276.085620","0.000000",0.01,0
"6892fac197a4b2513d78ae00","tCDIsdPF3Em8dZW3fc0B","MKH Berhad","Workflow - Premium Features","Workflow - Premium Features (inbound_webhook)","-","Aug 6th 2025, 02:48:33 PM",0.01,"276.095620","276.095620","0.000000",0.01,0
"6892f9185a5bbc6f88f7f183","tCDIsdPF3Em8dZW3fc0B","MKH Berhad","Workflow - Premium Features","Workflow - Premium Features (inbound_webhook)","-","Aug 6th 2025, 02:41:28 PM",0.01,"276.105620","276.105620","0.000000",0.01,0
"6892f918b356b806bd48aef9","tCDIsdPF3Em8dZW3fc0B","MKH Berhad","Workflow - Premium Features","Workflow - Premium Features (inbound_webhook)","-","Aug 6th 2025, 02:41:28 PM",0.01,"276.115620","276.115620","0.000000",0.01,0
"6892f8c957075538c55a9e17","WphrMU0x3Ocd2pEpBJcH","Demo","Workflow - Premium Features","Workflow - Premium Features (inbound_webhook)","-","Aug 6th 2025, 02:40:09 PM",0.01,"276.125620","276.125620","0.000000",0.01,0
"6892f8c697a4b21ffb77afd0","WphrMU0x3Ocd2pEpBJcH","Demo","Workflow - Premium Features","Workflow - Premium Features (inbound_webhook)","-","Aug 6th 2025, 02:40:06 PM",0.01,"276.135620","276.135620","0.000000",0.01,0
"6892f64a97a4b223f77612aa","VfZvkCL9M13RPHNpCGPi","Alpha Galaxy Group","WhatsApp Marketing Messages","whatsapp_marketing_message ref: wamid.HBgLNjAxMjQxMTI4OTUVAgARGBI3NEQxRkZBNzk4M0FGQTY3RUQA","-","Aug 6th 2025, 02:29:30 PM",0.0903,"276.145620","276.145620","0.000000",0.0903,0
"6892f5ca5a5bbc4b5af5f970","VfZvkCL9M13RPHNpCGPi","Alpha Galaxy Group","Workflow - Premium Features","Workflow - Premium Features (inbound_webhook)","-","Aug 6th 2025, 02:27:22 PM",0.01,"276.235920","276.235920","0.000000",0.01,0
"6892f55046d1f2397f7ac8f7","tCDIsdPF3Em8dZW3fc0B","MKH Berhad","Workflow - Premium Features","Workflow - Premium Features (inbound_webhook)","-","Aug 6th 2025, 02:25:20 PM",0.01,"276.245920","276.245920","0.000000",0.01,0
"6892f550e7eb6272acdffac3","tCDIsdPF3Em8dZW3fc0B","MKH Berhad","Workflow - Premium Features","Workflow - Premium Features (inbound_webhook)","-","Aug 6th 2025, 02:25:20 PM",0.01,"276.255920","276.255920","0.000000",0.01,0
"6892f2d55707552e00572671","tCDIsdPF3Em8dZW3fc0B","MKH Berhad","Workflow - Premium Features","Workflow - Premium Features (inbound_webhook)","-","Aug 6th 2025, 02:14:45 PM",0.01,"276.265920","276.265920","0.000000",0.01,0
"6892f18997a4b265dd7350c3","E0H7r1mN6ry0kv4uGZ6L","Radium Development Berhad","WhatsApp Marketing Messages","whatsapp_marketing_message ref: wamid.HBgLNjAxMjM4OTAwNjgVAgARGBI5MTE2MzMzRTg1MEU4QjZEN0UA","-","Aug 6th 2025, 02:09:13 PM",0.0903,"276.275920","276.275920","0.000000",0.0903,0
"6892f183e7eb627c0addaa4a","E0H7r1mN6ry0kv4uGZ6L","Radium Development Berhad","WhatsApp Marketing Messages","whatsapp_marketing_message ref: wamid.HBgLNjAxMjM4OTAwNjgVAgARGBI4NzQ3M0UxMzdDNEY1MUQ5RkUA","-","Aug 6th 2025, 02:09:07 PM",0.0903,"276.366220","276.366220","0.000000",0.0903,0
"6892f170de94528d25bdbcb9","jH41Z47TXtote3u6rh92","OCR Group Berhad","WhatsApp Marketing Messages","whatsapp_marketing_message ref: wamid.HBgLNjAxOTgxMzgzOTkVAgARGBIwRUY3QjU3QjdFREE1OTEwQTYA","-","Aug 6th 2025, 02:08:48 PM",0.0903,"276.456520","276.456520","0.000000",0.0903,0
"6892f16c52e5290208d0840a","E0H7r1mN6ry0kv4uGZ6L","Radium Development Berhad","WhatsApp Marketing Messages","whatsapp_marketing_message ref: wamid.HBgLNjAxOTIyMjc2MTQVAgARGBJEN0Q2Nzk5ODE5MDRFOTMwNDUA","-","Aug 6th 2025, 02:08:44 PM",0.0903,"276.546820","276.546820","0.000000",0.0903,0
"6892f16597a4b226357324fd","E0H7r1mN6ry0kv4uGZ6L","Radium Development Berhad","WhatsApp Marketing Messages","whatsapp_marketing_message ref: wamid.HBgLNjAxOTIyMjc2MTQVAgARGBI2MEY3MzY2RUQyNTQwRUQyNDIA","-","Aug 6th 2025, 02:08:38 PM",0.0903,"276.637120","276.637120","0.000000",0.0903,0
"6892f14bde94526c78bda091","E0H7r1mN6ry0kv4uGZ6L","Radium Development Berhad","WhatsApp Marketing Messages","whatsapp_marketing_message ref: wamid.HBgLNjAxOTU3MDg2NTMVAgARGBI4NjA4ODlBNDg5RkM1M0M0NjcA","-","Aug 6th 2025, 02:08:11 PM",0.0903,"276.727420","276.727420","0.000000",0.0903,0
"6892f14357075583b3560030","E0H7r1mN6ry0kv4uGZ6L","Radium Development Berhad","WhatsApp Marketing Messages","whatsapp_marketing_message ref: wamid.HBgLNjAxOTU3MDg2NTMVAgARGBIxRjk5REY5ODFFOUVEQjlBMjgA","-","Aug 6th 2025, 02:08:03 PM",0.0903,"276.817720","276.817720","0.000000",0.0903,0
"6892f135de945232ddbd8a7b","jH41Z47TXtote3u6rh92","OCR Group Berhad","WhatsApp Marketing Messages","whatsapp_marketing_message ref: wamid.HBgLNjAxMDkzODkzODkVAgARGBI4QkFGMEYzQzhBRkM1MTg1M0EA","-","Aug 6th 2025, 02:08:03 PM",0.0903,"276.908020","276.908020","0.000000",0.0903,0
"6892f1345707555e3b55f048","tCDIsdPF3Em8dZW3fc0B","MKH Berhad","Workflow - Premium Features","Workflow - Premium Features (inbound_webhook)","-","Aug 6th 2025, 02:07:49 PM",0.01,"276.998320","276.998320","0.000000",0.01,0
"6892f134de94524f7fbd89f0","tCDIsdPF3Em8dZW3fc0B","MKH Berhad","Workflow - Premium Features","Workflow - Premium Features (inbound_webhook)","-","Aug 6th 2025, 02:07:48 PM",0.01,"277.008320","277.008320","0.000000",0.01,0
"6892f125e7eb6247a0dd4aeb","E0H7r1mN6ry0kv4uGZ6L","Radium Development Berhad","WhatsApp Marketing Messages","whatsapp_marketing_message ref: wamid.HBgLNjAxMDI5NjY3ODgVAgARGBI5OURDNjFDRUY5QzZBMDlBNEEA","-","Aug 6th 2025, 02:07:34 PM",0.0903,"277.018320","277.018320","0.000000",0.0903,0
"6892f121e7eb6238d8dd4533","E0H7r1mN6ry0kv4uGZ6L","Radium Development Berhad","WhatsApp Marketing Messages","whatsapp_marketing_message ref: wamid.HBgLNjAxMDI5NjY3ODgVAgARGBJFQ0Y3MDI4OUY3M0I0N0UxMkYA","-","Aug 6th 2025, 02:07:29 PM",0.0903,"277.108620","277.108620","0.000000",0.0903,0
"6892f1002c0b0b58cfd6b522","E0H7r1mN6ry0kv4uGZ6L","Radium Development Berhad","WhatsApp Marketing Messages","whatsapp_marketing_message ref: wamid.HBgLNjAxNjc1NzA3MTAVAgARGBI1MzU3RERERDFEMjFBMDZDRkMA","-","Aug 6th 2025, 02:06:56 PM",0.0903,"277.198920","277.198920","0.000000",0.0903,0
"6892f0ed80a64f4f0411f171","E0H7r1mN6ry0kv4uGZ6L","Radium Development Berhad","WhatsApp Marketing Messages","whatsapp_marketing_message ref: wamid.HBgLNjAxNjc1NzA3MTAVAgARGBI2ODc4MkVFNzcyQ0E1MjExNEMA","-","Aug 6th 2025, 02:06:37 PM",0.0903,"277.289220","277.289220","0.000000",0.0903,0
"6892f0e12c0b0b64bad67f4a","E0H7r1mN6ry0kv4uGZ6L","Radium Development Berhad","WhatsApp Marketing Messages","whatsapp_marketing_message ref: wamid.HBgLNjAxNjc1NzA3MTAVAgARGBIwQjU5NTE4MjJCMDRGRDBBQTEA","-","Aug 6th 2025, 02:06:26 PM",0.0903,"277.379520","277.379520","0.000000",0.0903,0
"6892f0b097a4b229247233d3","tCDIsdPF3Em8dZW3fc0B","MKH Berhad","Workflow - Premium Features","Workflow - Premium Features (inbound_webhook)","-","Aug 6th 2025, 02:05:36 PM",0.01,"277.469820","277.469820","0.000000",0.01,0
"6892f0b097a4b2e7b27233d1","tCDIsdPF3Em8dZW3fc0B","MKH Berhad","Workflow - Premium Features","Workflow - Premium Features (inbound_webhook)","-","Aug 6th 2025, 02:05:36 PM",0.01,"277.479820","277.479820","0.000000",0.01,0
"6892ee4552e5291a32cce4b2","rsdW1sEFWbzzULIapmdQ","Platinum Victory","WhatsApp Marketing Messages","whatsapp_marketing_message ref: wamid.HBgLNjAxMjg0NDAzMjQVAgARGBJDNzI0NTk1M0IxOTMyMzc3RDAA","-","Aug 6th 2025, 01:55:18 PM",0.0903,"277.489820","277.489820","0.000000",0.0903,0
"6892ee315707555e115284c9","rsdW1sEFWbzzULIapmdQ","Platinum Victory","WhatsApp Marketing Messages","whatsapp_marketing_message ref: wamid.HBgLNjAxMDk3ODYzOTMVAgARGBJDNzE4MURCNTEwQkJGM0M2OEQA","-","Aug 6th 2025, 01:54:57 PM",0.0903,"277.580120","277.580120","0.000000",0.0903,0
"6892ee215a5bbc4c26ef97fe","rsdW1sEFWbzzULIapmdQ","Platinum Victory","WhatsApp Marketing Messages","whatsapp_marketing_message ref: wamid.HBgLNjAxNjYwMDU1NDcVAgARGBIwNkNBNzQ4QTVEMjdDQTBGNjQA","-","Aug 6th 2025, 01:54:42 PM",0.0903,"277.670420","277.670420","0.000000",0.0903,0
"6892ee07de9452ed84ba09e7","rsdW1sEFWbzzULIapmdQ","Platinum Victory","WhatsApp Marketing Messages","whatsapp_marketing_message ref: wamid.HBgLNjAxNzYwMjAxMTkVAgARGBIyQTNCMEY5OTZEQTg1RDY2QzEA","-","Aug 6th 2025, 01:54:15 PM",0.0903,"277.760720","277.760720","0.000000",0.0903,0
"6892eb95b356b8e3cf3f2874","rsdW1sEFWbzzULIapmdQ","Platinum Victory","WhatsApp Marketing Messages","whatsapp_marketing_message ref: wamid.HBgLNjAxNDY0ODY3ODYVAgARGBJCNDVGMDc5Mzk1QTkwNTY2RjcA","-","Aug 6th 2025, 01:43:49 PM",0.0903,"277.851020","277.851020","0.000000",0.0903,0
"6892eb7a2c0b0b2861d238a5","E0H7r1mN6ry0kv4uGZ6L","Radium Development Berhad","WhatsApp Marketing Messages","whatsapp_marketing_message ref: wamid.HBgLNjAxNjc0MzI5NjcVAgARGBJGNDdENjFDOTk5M0Y5OEE3ODQA","-","Aug 6th 2025, 01:43:22 PM",0.0903,"277.941320","277.941320","0.000000",0.0903,0
"6892eb6b2c0b0b763bd22eea","E0H7r1mN6ry0kv4uGZ6L","Radium Development Berhad","WhatsApp Marketing Messages","whatsapp_marketing_message ref: wamid.HBgLNjAxNjc0MzI5NjcVAgARGBIzQTUxNDlDNEJEODUwOUJFMzIA","-","Aug 6th 2025, 01:43:07 PM",0.0903,"278.031620","278.031620","0.000000",0.0903,0
"6892eb53de9452baacb8c39a","jH41Z47TXtote3u6rh92","OCR Group Berhad","WhatsApp Marketing Messages","whatsapp_marketing_message ref: wamid.HBgLNjAxMjk3ODEwODYVAgARGBJFNTVGMDNDQTE0N0U2QkY4OTEA","-","Aug 6th 2025, 01:42:43 PM",0.0903,"278.121920","278.121920","0.000000",0.0903,0
"6892eb4e2c0b0b506cd224ea","E0H7r1mN6ry0kv4uGZ6L","Radium Development Berhad","WhatsApp Marketing Messages","whatsapp_marketing_message ref: wamid.HBgLNjAxMjIyMTE3MDkVAgARGBJEMTA2QzU2ODM0REZDMTc3MjcA","-","Aug 6th 2025, 01:42:39 PM",0.0903,"278.212220","278.212220","0.000000",0.0903,0
"6892eb4880a64f551d0d8321","E0H7r1mN6ry0kv4uGZ6L","Radium Development Berhad","WhatsApp Marketing Messages","whatsapp_marketing_message ref: wamid.HBgLNjAxMjIyMTE3MDkVAgARGBJGNzM4MzQ2Nzk0MzI3QzE4RDkA","-","Aug 6th 2025, 01:42:32 PM",0.0903,"278.302520","278.302520","0.000000",0.0903,0
"6892eb355a5bbc3a47ee39ff","E0H7r1mN6ry0kv4uGZ6L","Radium Development Berhad","WhatsApp Marketing Messages","whatsapp_marketing_message ref: wamid.HBgLNjAxNzM5MjMzODUVAgARGBI4QkQzRjEwMjZDNkQyM0Y5ODcA","-","Aug 6th 2025, 01:42:13 PM",0.0903,"278.392820","278.392820","0.000000",0.0903,0
"6892eb2f52e5291f49cb7202","E0H7r1mN6ry0kv4uGZ6L","Radium Development Berhad","WhatsApp Marketing Messages","whatsapp_marketing_message ref: wamid.HBgLNjAxNzM5MjMzODUVAgARGBIyMThBMDE3RTU2RUVFNzVEM0QA","-","Aug 6th 2025, 01:42:08 PM",0.0903,"278.483120","278.483120","0.000000",0.0903,0
"6892eb1a46d1f20366734136","E0H7r1mN6ry0kv4uGZ6L","Radium Development Berhad","WhatsApp Marketing Messages","whatsapp_marketing_message ref: wamid.HBgLNjAxMjI4MTgyOTIVAgARGBI0M0UzQ0RDRUQ1MDk3OEZGNUMA","-","Aug 6th 2025, 01:41:46 PM",0.0903,"278.573420","278.573420","0.000000",0.0903,0
"6892eb142c0b0b624cd20c57","E0H7r1mN6ry0kv4uGZ6L","Radium Development Berhad","WhatsApp Marketing Messages","whatsapp_marketing_message ref: wamid.HBgLNjAxMjI4MTgyOTIVAgARGBI4QjZBMzlDMkNDMDk5OUI0NzUA","-","Aug 6th 2025, 01:41:40 PM",0.0903,"278.663720","278.663720","0.000000",0.0903,0
"6892eb142c0b0b257dd20c43","tCDIsdPF3Em8dZW3fc0B","MKH Berhad","WhatsApp Marketing Messages","whatsapp_marketing_message ref: wamid.HBgLNjAxMDQyOTUwMDEVAgARGBIzMjcxNzE5NDg1Qjk3RjVCRjkA","-","Aug 6th 2025, 01:41:40 PM",0.0903,"278.754020","278.754020","0.000000",0.0903,0
"6892eafade94522409b89fea","jH41Z47TXtote3u6rh92","OCR Group Berhad","WhatsApp Marketing Messages","whatsapp_marketing_message ref: wamid.HBgLNjAxMjkyNDM5ODEVAgARGBIxQ0JEQTQ5NDk1QTY2MzE2MzIA","-","Aug 6th 2025, 01:41:14 PM",0.0903,"278.844320","278.844320","0.000000",0.0903,0
"6892eaf22c0b0bcccfd1fe1a","E0H7r1mN6ry0kv4uGZ6L","Radium Development Berhad","WhatsApp Marketing Messages","whatsapp_marketing_message ref: wamid.HBgLNjAxNzM2NjU2MjIVAgARGBI3OEZEQjMzOTExRkI3RDRFNDEA","-","Aug 6th 2025, 01:41:06 PM",0.0903,"278.934620","278.934620","0.000000",0.0903,0
"6892eaeae7eb622cd4d8661a","E0H7r1mN6ry0kv4uGZ6L","Radium Development Berhad","WhatsApp Marketing Messages","whatsapp_marketing_message ref: wamid.HBgLNjAxNzM2NjU2MjIVAgARGBJCRUJFNERGRkEzRTk4RDU5NkYA","-","Aug 6th 2025, 01:40:58 PM",0.0903,"279.024920","279.024920","0.000000",0.0903,0
"6892ead32c0b0b4d9cd1eaee","E0H7r1mN6ry0kv4uGZ6L","Radium Development Berhad","WhatsApp Marketing Messages","whatsapp_marketing_message ref: wamid.HBgLNjAxNzMxNjUxNzkVAgARGBI1MjM1OTIzRTg1QkRBQ0RBREMA","-","Aug 6th 2025, 01:40:35 PM",0.0903,"279.115220","279.115220","0.000000",0.0903,0
"6892eacdde9452aefeb88502","tCDIsdPF3Em8dZW3fc0B","MKH Berhad","Workflow - Premium Features","Workflow - Premium Features (inbound_webhook)","-","Aug 6th 2025, 01:40:30 PM",0.01,"279.205520","279.205520","0.000000",0.01,0
"6892eacd80a64fde250d47d9","tCDIsdPF3Em8dZW3fc0B","MKH Berhad","Workflow - Premium Features","Workflow - Premium Features (inbound_webhook)","-","Aug 6th 2025, 01:40:29 PM",0.01,"279.215520","279.215520","0.000000",0.01,0
"6892eaca97a4b2939b6def60","E0H7r1mN6ry0kv4uGZ6L","Radium Development Berhad","WhatsApp Marketing Messages","whatsapp_marketing_message ref: wamid.HBgLNjAxNzMxNjUxNzkVAgARGBJFNzZDRTEwMTRBQzE3RENDMkMA","-","Aug 6th 2025, 01:40:27 PM",0.0903,"279.225520","279.225520","0.000000",0.0903,0
"6892eab646d1f22e13730d72","E0H7r1mN6ry0kv4uGZ6L","Radium Development Berhad","WhatsApp Marketing Messages","whatsapp_marketing_message ref: wamid.HBgLNjAxMjY0NDE0MjUVAgARGBJCNTlCNTZDMjI2MTU1NTZCNDkA","-","Aug 6th 2025, 01:40:07 PM",0.0903,"279.315820","279.315820","0.000000",0.0903,0
"6892eaae46d1f261617308a7","E0H7r1mN6ry0kv4uGZ6L","Radium Development Berhad","WhatsApp Marketing Messages","whatsapp_marketing_message ref: wamid.HBgLNjAxMjY0NDE0MjUVAgARGBI1NDExRDgwNkZCNzg4NkVDRjkA","-","Aug 6th 2025, 01:39:58 PM",0.0903,"279.406120","279.406120","0.000000",0.0903,0
"6892ea8297a4b23d3f6dc5c6","E0H7r1mN6ry0kv4uGZ6L","Radium Development Berhad","WhatsApp Marketing Messages","whatsapp_marketing_message ref: wamid.HBgLNjAxNjQ5MjU0MDMVAgARGBJERUJCODhBODE5QzBCNjZCRjkA","-","Aug 6th 2025, 01:39:15 PM",0.0903,"279.496420","279.496420","0.000000",0.0903,0
"6892ea7e97a4b2357c6dc3f5","E0H7r1mN6ry0kv4uGZ6L","Radium Development Berhad","WhatsApp Marketing Messages","whatsapp_marketing_message ref: wamid.HBgLNjAxNjQ5MjU0MDMVAgARGBI2NzY1MjJGRDlBREE2Q0FDNTcA","-","Aug 6th 2025, 01:39:10 PM",0.0903,"279.586720","279.586720","0.000000",0.0903,0
"6892ea742c0b0bd5afd1b38e","tCDIsdPF3Em8dZW3fc0B","MKH Berhad","Workflow - Premium Features","Workflow - Premium Features (inbound_webhook)","-","Aug 6th 2025, 01:39:00 PM",0.01,"279.677020","279.677020","0.000000",0.01,0
"6892ea74e7eb624c40d8200e","tCDIsdPF3Em8dZW3fc0B","MKH Berhad","Workflow - Premium Features","Workflow - Premium Features (inbound_webhook)","-","Aug 6th 2025, 01:39:00 PM",0.01,"279.687020","279.687020","0.000000",0.01,0
"6892ea582c0b0b0f4dd1a92f","E0H7r1mN6ry0kv4uGZ6L","Radium Development Berhad","WhatsApp Marketing Messages","whatsapp_marketing_message ref: wamid.HBgLNjAxNzkzMzc5MzMVAgARGBIzRUI0QzY0OTJCODQ1REU5ODYA","-","Aug 6th 2025, 01:38:32 PM",0.0903,"279.697020","279.697020","0.000000",0.0903,0
"6892ea3f46d1f2151572d53d","E0H7r1mN6ry0kv4uGZ6L","Radium Development Berhad","WhatsApp Marketing Messages","whatsapp_marketing_message ref: wamid.HBgLNjAxNzkzMzc5MzMVAgARGBI5Nzg4MDA4RkYzRUNBREE2OTMA","-","Aug 6th 2025, 01:38:07 PM",0.0903,"279.787320","279.787320","0.000000",0.0903,0
"6892e9f4570755a9ae5089c3","E0H7r1mN6ry0kv4uGZ6L","Radium Development Berhad","WhatsApp Marketing Messages","whatsapp_marketing_message ref: wamid.HBgLNjAxNjk3NzkzMzAVAgARGBIyODRGOTZDMkYzMzYzM0ZBQjAA","-","Aug 6th 2025, 01:36:52 PM",0.0903,"279.877620","279.877620","0.000000",0.0903,0
"6892e9e852e529d6bbcada7c","E0H7r1mN6ry0kv4uGZ6L","Radium Development Berhad","WhatsApp Marketing Messages","whatsapp_marketing_message ref: wamid.HBgLNjAxNjk3NzkzMzAVAgARGBI5OUQ0MTk2RTBGOTUzNEE5MkQA","-","Aug 6th 2025, 01:36:40 PM",0.0903,"279.967920","279.967920","0.000000",0.0903,0
"6892e9d25a5bbcc84ced8f31","E0H7r1mN6ry0kv4uGZ6L","Radium Development Berhad","WhatsApp Marketing Messages","whatsapp_marketing_message ref: wamid.HBgLNjAxMjIxMjM1NjAVAgARGBJFQjEyQzEwN0NCQTlENTg0OTIA","-","Aug 6th 2025, 01:36:19 PM",0.0903,"280.058220","280.058220","0.000000",0.0903,0
"6892e9cc46d1f2e38372a6c2","E0H7r1mN6ry0kv4uGZ6L","Radium Development Berhad","WhatsApp Marketing Messages","whatsapp_marketing_message ref: wamid.HBgLNjAxMjIxMjM1NjAVAgARGBI5NjNCNDIwMERFNkRCNEI3NkEA","-","Aug 6th 2025, 01:36:13 PM",0.0903,"280.148520","280.148520","0.000000",0.0903,0
"6892e9b7b356b8c0b93e4e37","E0H7r1mN6ry0kv4uGZ6L","Radium Development Berhad","WhatsApp Marketing Messages","whatsapp_marketing_message ref: wamid.HBgLNjAxNjc3MDIzMTEVAgARGBIxNEM5OUJGMkQ5MjNDOEYwMkQA","-","Aug 6th 2025, 01:35:51 PM",0.0903,"280.238820","280.238820","0.000000",0.0903,0
"6892e9ac46d1f244917297fc","E0H7r1mN6ry0kv4uGZ6L","Radium Development Berhad","WhatsApp Marketing Messages","whatsapp_marketing_message ref: wamid.HBgLNjAxNjc3MDIzMTEVAgARGBIzRjk0MjNBODdFMDMyRkFENjUA","-","Aug 6th 2025, 01:35:40 PM",0.0903,"280.329120","280.329120","0.000000",0.0903,0
"6892e97452e5295248caa50b","tCDIsdPF3Em8dZW3fc0B","MKH Berhad","Workflow - Premium Features","Workflow - Premium Features (inbound_webhook)","-","Aug 6th 2025, 01:34:44 PM",0.01,"280.419420","280.419420","0.000000",0.01,0
"6892e973b356b869fa3e303e","tCDIsdPF3Em8dZW3fc0B","MKH Berhad","Workflow - Premium Features","Workflow - Premium Features (inbound_webhook)","-","Aug 6th 2025, 01:34:43 PM",0.01,"280.429420","280.429420","0.000000",0.01,0
"6892e96e97a4b2292a6d4bcf","E0H7r1mN6ry0kv4uGZ6L","Radium Development Berhad","WhatsApp Marketing Messages","whatsapp_marketing_message ref: wamid.HBgLNjAxNjc3MDYwMzQVAgARGBIxNTIwODhERkIzRUU3MjAyRkYA","-","Aug 6th 2025, 01:34:38 PM",0.0903,"280.439420","280.439420","0.000000",0.0903,0
"6892e96346d1f2e81c727837","E0H7r1mN6ry0kv4uGZ6L","Radium Development Berhad","WhatsApp Marketing Messages","whatsapp_marketing_message ref: wamid.HBgLNjAxNjc3MDYwMzQVAgARGBI3OEZFQzg2OTA2ODU0Nzc3OTUA","-","Aug 6th 2025, 01:34:27 PM",0.0903,"280.529720","280.529720","0.000000",0.0903,0
"6892e94e52e529034fca9518","E0H7r1mN6ry0kv4uGZ6L","Radium Development Berhad","WhatsApp Marketing Messages","whatsapp_marketing_message ref: wamid.HBgLNjAxNjc3MDYwMzQVAgARGBJGMkU5ODY2NUUxRDc2RjI3ODQA","-","Aug 6th 2025, 01:34:06 PM",0.0903,"280.620020","280.620020","0.000000",0.0903,0
"6892e945de94528ee4b7d3b5","E0H7r1mN6ry0kv4uGZ6L","Radium Development Berhad","WhatsApp Marketing Messages","whatsapp_marketing_message ref: wamid.HBgLNjAxNjc3MDYwMzQVAgARGBJFRjI5NThDQTMyN0FFMjhCRUMA","-","Aug 6th 2025, 01:33:57 PM",0.0903,"280.710320","280.710320","0.000000",0.0903,0
"6892e92d52e5291b76ca8819","E0H7r1mN6ry0kv4uGZ6L","Radium Development Berhad","WhatsApp Marketing Messages","whatsapp_marketing_message ref: wamid.HBgLNjAxMjI4MzAzMzEVAgARGBJFMzFEOTc0QTlCMTM3RDM2OTIA","-","Aug 6th 2025, 01:33:33 PM",0.0903,"280.800620","280.800620","0.000000",0.0903,0
"6892e92580a64f27b00c8a49","E0H7r1mN6ry0kv4uGZ6L","Radium Development Berhad","WhatsApp Marketing Messages","whatsapp_marketing_message ref: wamid.HBgLNjAxMjI4MzAzMzEVAgARGBIxMDE4MzBCNjZFMUUwNkEwODYA","-","Aug 6th 2025, 01:33:25 PM",0.0903,"280.890920","280.890920","0.000000",0.0903,0
"6892e90f5707550198502a5f","E0H7r1mN6ry0kv4uGZ6L","Radium Development Berhad","WhatsApp Marketing Messages","whatsapp_marketing_message ref: wamid.HBgLNjAxNzMwMDc1ODIVAgARGBJBNDc3MUVGMjIzMzM3MzcxMEYA","-","Aug 6th 2025, 01:33:03 PM",0.0903,"280.981220","280.981220","0.000000",0.0903,0
"6892e90797a4b27ab16d240c","E0H7r1mN6ry0kv4uGZ6L","Radium Development Berhad","WhatsApp Marketing Messages","whatsapp_marketing_message ref: wamid.HBgLNjAxNzMwMDc1ODIVAgARGBIzMEQ3MjUxMUVCRTNDRTI4MUYA","-","Aug 6th 2025, 01:32:55 PM",0.0903,"281.071520","281.071520","0.000000",0.0903,0
"6892e8f2e7eb624a61d782b8","jH41Z47TXtote3u6rh92","OCR Group Berhad","WhatsApp Marketing Messages","whatsapp_marketing_message ref: wamid.HBgLNjAxMjY3MTExNjEVAgARGBJDOEUyREEyNUE4QURBNEQ1Q0MA","-","Aug 6th 2025, 01:32:34 PM",0.0903,"281.161820","281.161820","0.000000",0.0903,0
"6892e8ef52e5294818ca6f7d","E0H7r1mN6ry0kv4uGZ6L","Radium Development Berhad","WhatsApp Marketing Messages","whatsapp_marketing_message ref: wamid.HBgLNjAxMjc0MzM5MzQVAgARGBIxRUM2RDEyNTY0RTA4MjU0OEMA","-","Aug 6th 2025, 01:32:31 PM",0.0903,"281.252120","281.252120","0.000000",0.0903,0
"6892e8e152e5290a07ca68dc","E0H7r1mN6ry0kv4uGZ6L","Radium Development Berhad","WhatsApp Marketing Messages","whatsapp_marketing_message ref: wamid.HBgLNjAxMjc0MzM5MzQVAgARGBIzRkE4NjlDMzRFRjRDQjExNTAA","-","Aug 6th 2025, 01:32:17 PM",0.0903,"281.342420","281.342420","0.000000",0.0903,0
"6892e8df46d1f27bed72433f","tCDIsdPF3Em8dZW3fc0B","MKH Berhad","Workflow - Premium Features","Workflow - Premium Features (inbound_webhook)","-","Aug 6th 2025, 01:32:15 PM",0.01,"281.432720","281.432720","0.000000",0.01,0
"6892e8df97a4b274e36d13b6","tCDIsdPF3Em8dZW3fc0B","MKH Berhad","Workflow - Premium Features","Workflow - Premium Features (inbound_webhook)","-","Aug 6th 2025, 01:32:15 PM",0.01,"281.442720","281.442720","0.000000",0.01,0
"6892e8c1b356b825ed3ded09","jH41Z47TXtote3u6rh92","OCR Group Berhad","WhatsApp Marketing Messages","whatsapp_marketing_message ref: wamid.HBgLNjAxNzM3NzY3NzYVAgARGBI1ODI5QjlENTI5MkIzODY4OUEA","-","Aug 6th 2025, 01:31:45 PM",0.0903,"281.452720","281.452720","0.000000",0.0903,0
"6892e89cde9452c7fbb793c7","E0H7r1mN6ry0kv4uGZ6L","Radium Development Berhad","WhatsApp Marketing Messages","whatsapp_marketing_message ref: wamid.HBgLNjAxNjYyNjYxOTcVAgARGBIxNjRDOTE1RTIzMzgwRjgyQUMA","-","Aug 6th 2025, 01:31:08 PM",0.0903,"281.543020","281.543020","0.000000",0.0903,0
"6892e89297a4b26e5e6cf4d5","E0H7r1mN6ry0kv4uGZ6L","Radium Development Berhad","WhatsApp Marketing Messages","whatsapp_marketing_message ref: wamid.HBgLNjAxNjYyNjYxOTcVAgARGBIzNjg0QURFNDE3MTc5OTk5ODQA","-","Aug 6th 2025, 01:30:59 PM",0.0903,"281.633320","281.633320","0.000000",0.0903,0
"6892e87c52e5290f69ca3b76","E0H7r1mN6ry0kv4uGZ6L","Radium Development Berhad","WhatsApp Marketing Messages","whatsapp_marketing_message ref: wamid.HBgLNjAxNjIyMTUzNTkVAgARGBI1MTUzQTRDMDRGREFGNkEzOUIA","-","Aug 6th 2025, 01:30:36 PM",0.0903,"281.723620","281.723620","0.000000",0.0903,0
"6892e87497a4b206126ce1e0","E0H7r1mN6ry0kv4uGZ6L","Radium Development Berhad","WhatsApp Marketing Messages","whatsapp_marketing_message ref: wamid.HBgLNjAxNjIyMTUzNTkVAgARGBI0NTg4N0VFRjE5RDQ0ODlFNDkA","-","Aug 6th 2025, 01:30:28 PM",0.0903,"281.813920","281.813920","0.000000",0.0903,0
"6892e8545707556f474fcd9f","E0H7r1mN6ry0kv4uGZ6L","Radium Development Berhad","WhatsApp Marketing Messages","whatsapp_marketing_message ref: wamid.HBgLNjAxMjQ5OTc0ODgVAgARGBIwRDNDODU0NjAyMzU0QUU1MkEA","-","Aug 6th 2025, 01:29:56 PM",0.0903,"281.904220","281.904220","0.000000",0.0903,0
"6892e85052e5295ec7ca1ab1","tCDIsdPF3Em8dZW3fc0B","MKH Berhad","Workflow - Premium Features","Workflow - Premium Features (inbound_webhook)","-","Aug 6th 2025, 01:29:52 PM",0.01,"281.994520","281.994520","0.000000",0.01,0
"6892e85046d1f2da3471f56f","tCDIsdPF3Em8dZW3fc0B","MKH Berhad","Workflow - Premium Features","Workflow - Premium Features (inbound_webhook)","-","Aug 6th 2025, 01:29:52 PM",0.01,"282.004520","282.004520","0.000000",0.01,0
"6892e84ab356b8d7643da98b","E0H7r1mN6ry0kv4uGZ6L","Radium Development Berhad","WhatsApp Marketing Messages","whatsapp_marketing_message ref: wamid.HBgLNjAxMjQ5OTc0ODgVAgARGBJGMzBCQjY4QTREMzdGODc1MTMA","-","Aug 6th 2025, 01:29:47 PM",0.0903,"282.014520","282.014520","0.000000",0.0903,0
"6892e823e7eb629d41d720f6","E0H7r1mN6ry0kv4uGZ6L","Radium Development Berhad","WhatsApp Marketing Messages","whatsapp_marketing_message ref: wamid.HBgLNjAxMjcyMTk2NzYVAgARGBIzNjdGRjc0NDQ5MDE3OTdBOTkA","-","Aug 6th 2025, 01:29:07 PM",0.0903,"282.104820","282.104820","0.000000",0.0903,0
"6892e821de9452a670b753ed","tCDIsdPF3Em8dZW3fc0B","MKH Berhad","WhatsApp Marketing Messages","whatsapp_marketing_message ref: wamid.HBgLNjAxNjc3MzI4MTQVAgARGBJGMEYzQ0NBM0IwQ0IzMjFGMjEA","-","Aug 6th 2025, 01:29:06 PM",0.0903,"282.195120","282.195120","0.000000",0.0903,0
"6892e81352e5292998ca047b","E0H7r1mN6ry0kv4uGZ6L","Radium Development Berhad","WhatsApp Marketing Messages","whatsapp_marketing_message ref: wamid.HBgLNjAxMjcyMTk2NzYVAgARGBI0NzhDNDcyRjE1MjA1MzNCNzgA","-","Aug 6th 2025, 01:28:52 PM",0.0903,"282.285420","282.285420","0.000000",0.0903,0
"6892e72b46d1f21cd57154ba","tCDIsdPF3Em8dZW3fc0B","MKH Berhad","Workflow - Premium Features","Workflow - Premium Features (inbound_webhook)","-","Aug 6th 2025, 01:24:59 PM",0.01,"282.375720","282.375720","0.000000",0.01,0
"6892e72b2c0b0be52ad02128","tCDIsdPF3Em8dZW3fc0B","MKH Berhad","Workflow - Premium Features","Workflow - Premium Features (inbound_webhook)","-","Aug 6th 2025, 01:24:59 PM",0.01,"282.385720","282.385720","0.000000",0.01,0
"6892e70f2c0b0b696bd01336","tCDIsdPF3Em8dZW3fc0B","MKH Berhad","Workflow - Premium Features","Workflow - Premium Features (inbound_webhook)","-","Aug 6th 2025, 01:24:31 PM",0.01,"282.395720","282.395720","0.000000",0.01,0
"6892e70e5a5bbc2f09ec2ff4","tCDIsdPF3Em8dZW3fc0B","MKH Berhad","Workflow - Premium Features","Workflow - Premium Features (inbound_webhook)","-","Aug 6th 2025, 01:24:30 PM",0.01,"282.405720","282.405720","0.000000",0.01,0
"6892e5d152e5292410c8c300","tCDIsdPF3Em8dZW3fc0B","MKH Berhad","Workflow - Premium Features","Workflow - Premium Features (inbound_webhook)","-","Aug 6th 2025, 01:19:14 PM",0.01,"282.415720","282.415720","0.000000",0.01,0
"6892e5d146d1f2675d709ba4","tCDIsdPF3Em8dZW3fc0B","MKH Berhad","Workflow - Premium Features","Workflow - Premium Features (inbound_webhook)","-","Aug 6th 2025, 01:19:14 PM",0.01,"282.425720","282.425720","0.000000",0.01,0
"6892e0b480a64f10cc074598","jH41Z47TXtote3u6rh92","OCR Group Berhad","Workflow - Premium Features","Workflow - Premium Features (inbound_webhook)","-","Aug 6th 2025, 12:57:24 PM",0.01,"282.435720","282.435720","0.000000",0.01,0
"6892de07b356b8717c37dd6b","tCDIsdPF3Em8dZW3fc0B","MKH Berhad","Workflow - Premium Features","Workflow - Premium Features (inbound_webhook)","-","Aug 6th 2025, 12:45:59 PM",0.01,"282.445720","282.445720","0.000000",0.01,0
"6892de072c0b0b9ae1cb01da","tCDIsdPF3Em8dZW3fc0B","MKH Berhad","Workflow - Premium Features","Workflow - Premium Features (inbound_webhook)","-","Aug 6th 2025, 12:45:59 PM",0.01,"282.455720","282.455720","0.000000",0.01,0
"6892dded52e5293a81c43fba","tCDIsdPF3Em8dZW3fc0B","MKH Berhad","Workflow - Premium Features","Workflow - Premium Features (inbound_webhook)","-","Aug 6th 2025, 12:45:33 PM",0.01,"282.465720","282.465720","0.000000",0.01,0
"6892dded570755b02b49fafb","tCDIsdPF3Em8dZW3fc0B","MKH Berhad","Workflow - Premium Features","Workflow - Premium Features (inbound_webhook)","-","Aug 6th 2025, 12:45:33 PM",0.01,"282.475720","282.475720","0.000000",0.01,0
"6892ddecde94520e22b17b74","tCDIsdPF3Em8dZW3fc0B","MKH Berhad","Workflow - Premium Features","Workflow - Premium Features (inbound_webhook)","-","Aug 6th 2025, 12:45:32 PM",0.01,"282.485720","282.485720","0.000000",0.01,0
"6892ddecb356b8b4c937c973","tCDIsdPF3Em8dZW3fc0B","MKH Berhad","Workflow - Premium Features","Workflow - Premium Features (inbound_webhook)","-","Aug 6th 2025, 12:45:32 PM",0.01,"282.495720","282.495720","0.000000",0.01,0
"6892d8c546d1f2a75569fefe","tCDIsdPF3Em8dZW3fc0B","MKH Berhad","Workflow - Premium Features","Workflow - Premium Features (inbound_webhook)","-","Aug 6th 2025, 12:23:34 PM",0.01,"282.505720","282.505720","0.000000",0.01,0
"6892d8c52c0b0b4964c8e173","tCDIsdPF3Em8dZW3fc0B","MKH Berhad","Workflow - Premium Features","Workflow - Premium Features (inbound_webhook)","-","Aug 6th 2025, 12:23:34 PM",0.01,"282.515720","282.515720","0.000000",0.01,0
"6892d8ba2c0b0b1f04c8dcec","tCDIsdPF3Em8dZW3fc0B","MKH Berhad","Workflow - Premium Features","Workflow - Premium Features (inbound_webhook)","-","Aug 6th 2025, 12:23:23 PM",0.01,"282.525720","282.525720","0.000000",0.01,0
"6892d8bade9452a1ffaf678c","tCDIsdPF3Em8dZW3fc0B","MKH Berhad","Workflow - Premium Features","Workflow - Premium Features (inbound_webhook)","-","Aug 6th 2025, 12:23:22 PM",0.01,"282.535720","282.535720","0.000000",0.01,0
"6892d88346d1f2150369e59a","WphrMU0x3Ocd2pEpBJcH","Demo","WhatsApp Marketing Messages","whatsapp_marketing_message ref: wamid.HBgLNjAxMjY2MzA3MTMVAgARGBIxQ0Q3NTk0MDVFQ0NDQjMwRUEA","-","Aug 6th 2025, 12:22:27 PM",0.0903,"282.545720","282.545720","0.000000",0.0903,0
"6892d87c46d1f23c9769e300","tCDIsdPF3Em8dZW3fc0B","MKH Berhad","Workflow - Premium Features","Workflow - Premium Features (inbound_webhook)","-","Aug 6th 2025, 12:22:20 PM",0.01,"282.636020","282.636020","0.000000",0.01,0
"6892d87a52e529a618c21753","tCDIsdPF3Em8dZW3fc0B","MKH Berhad","Workflow - Premium Features","Workflow - Premium Features (inbound_webhook)","-","Aug 6th 2025, 12:22:19 PM",0.01,"282.646020","282.646020","0.000000",0.01,0
"6892d6e652e5297236c15060","tCDIsdPF3Em8dZW3fc0B","MKH Berhad","Workflow - Premium Features","Workflow - Premium Features (inbound_webhook)","-","Aug 6th 2025, 12:15:34 PM",0.01,"282.656020","282.656020","0.000000",0.01,0
"6892d6e62c0b0b3f28c80027","tCDIsdPF3Em8dZW3fc0B","MKH Berhad","Workflow - Premium Features","Workflow - Premium Features (inbound_webhook)","-","Aug 6th 2025, 12:15:34 PM",0.01,"282.666020","282.666020","0.000000",0.01,0
"6892d41b570755f694457378","yislM4BFwd5JtlwXtKZM","JM Motor Venture (authorized Honda 3S dealer)","WhatsApp Marketing Messages","whatsapp_marketing_message ref: wamid.HBgLNjAxMjUyMjA5NDYVAgARGBI5QUU0QTI0MTQ4QTREMEUyQjAA","-","Aug 6th 2025, 12:03:39 PM",0.0903,"282.676020","282.676020","0.000000",0.0903,0
"6892d41b5a5bbc6471e26811","yislM4BFwd5JtlwXtKZM","JM Motor Venture (authorized Honda 3S dealer)","WhatsApp Marketing Messages","whatsapp_marketing_message ref: wamid.HBgLNjAxMzM4NTExMDUVAgARGBJENzNFRDIzMjcxREFCRUQ3N0MA","-","Aug 6th 2025, 12:03:39 PM",0.0903,"282.766320","282.766320","0.000000",0.0903,0
"6892d2e32c0b0b03c6c54eb6","E0H7r1mN6ry0kv4uGZ6L","Radium Development Berhad","WhatsApp Marketing Messages","whatsapp_marketing_message ref: wamid.HBgLNjAxMDc4ODU1NTIVAgARGBJFMDQzQTVEMzU2NjJBRjY3NTgA","-","Aug 6th 2025, 11:58:28 AM",0.0903,"282.856620","282.856620","0.000000",0.0903,0
"6892d293b356b8f74132016f","E0H7r1mN6ry0kv4uGZ6L","Radium Development Berhad","WhatsApp Marketing Messages","whatsapp_marketing_message ref: wamid.HBgLNjAxMDIxMTczMjIVAgARGBJFQzM4RTIwNzE1NjBBMUVDQTcA","-","Aug 6th 2025, 11:57:08 AM",0.0903,"282.946920","282.946920","0.000000",0.0903,0
"6892d1e097a4b23eb260d5d7","jH41Z47TXtote3u6rh92","OCR Group Berhad","Workflow - Premium Features","Workflow - Premium Features (inbound_webhook)","-","Aug 6th 2025, 11:54:08 AM",0.01,"283.037220","283.037220","0.000000",0.01,0
"6892d1c646d1f2ce8465f7e5","tCDIsdPF3Em8dZW3fc0B","MKH Berhad","Workflow - Premium Features","Workflow - Premium Features (inbound_webhook)","-","Aug 6th 2025, 11:53:42 AM",0.01,"283.047220","283.047220","0.000000",0.01,0
"6892d1c62c0b0b6acfc4e39e","tCDIsdPF3Em8dZW3fc0B","MKH Berhad","Workflow - Premium Features","Workflow - Premium Features (inbound_webhook)","-","Aug 6th 2025, 11:53:42 AM",0.01,"283.057220","283.057220","0.000000",0.01,0
"6892d0f8de94526679ab2a61","VfZvkCL9M13RPHNpCGPi","Alpha Galaxy Group","WhatsApp Marketing Messages","whatsapp_marketing_message ref: wamid.HBgMNjAxMTI2NDg3NDEzFQIAERgSM0FFMTIwOEU2RjlBNzREMjlGAA==","-","Aug 6th 2025, 11:50:17 AM",0.0903,"283.067220","283.067220","0.000000",0.0903,0
"6892d0eb2c0b0b1ce9c494cf","VfZvkCL9M13RPHNpCGPi","Alpha Galaxy Group","WhatsApp Marketing Messages","whatsapp_marketing_message ref: wamid.HBgMNjAxMTI2NDg3NDEzFQIAERgSREVFOTUwMUM0RUFFQUIyQzBDAA==","-","Aug 6th 2025, 11:50:03 AM",0.0903,"283.157520","283.157520","0.000000",0.0903,0
"6892d0e157075586c343a2ca","WphrMU0x3Ocd2pEpBJcH","Demo","Workflow - Premium Features","Workflow - Premium Features (inbound_webhook)","-","Aug 6th 2025, 11:49:54 AM",0.01,"283.247820","283.247820","0.000000",0.01,0
"6892d0cd2c0b0b6239c48969","VfZvkCL9M13RPHNpCGPi","Alpha Galaxy Group","WhatsApp Marketing Messages","whatsapp_marketing_message ref: wamid.HBgMNjAxMTI2NDg3NDEzFQIAERgSRTdCMURFRjc3RTBEQUM2MTA1AA==","-","Aug 6th 2025, 11:49:33 AM",0.0903,"283.257820","283.257820","0.000000",0.0903,0
"6892d0c152e529ebc8bdd412","VfZvkCL9M13RPHNpCGPi","Alpha Galaxy Group","WhatsApp Marketing Messages","whatsapp_marketing_message ref: wamid.HBgMNjAxMTI2NDg3NDEzFQIAERgSMDAzNzFGRjM1ODgxODU1NUJFAA==","-","Aug 6th 2025, 11:49:21 AM",0.0903,"283.348120","283.348120","0.000000",0.0903,0
"6892d0be52e529304abdd2be","VfZvkCL9M13RPHNpCGPi","Alpha Galaxy Group","WhatsApp Marketing Messages","whatsapp_marketing_message ref: wamid.HBgMNjAxMTI2NDg3NDEzFQIAERgSQzhDMUVENjUzODNDNDRCNDYxAA==","-","Aug 6th 2025, 11:49:18 AM",0.0903,"283.438420","283.438420","0.000000",0.0903,0
"6892d0b02c0b0b0397c47f1d","VfZvkCL9M13RPHNpCGPi","Alpha Galaxy Group","WhatsApp Marketing Messages","whatsapp_marketing_message ref: wamid.HBgMNjAxMTI2NDg3NDEzFQIAERgSRkZCNDIwNUJENTY2MTlFNzU1AA==","-","Aug 6th 2025, 11:49:04 AM",0.0903,"283.528720","283.528720","0.000000",0.0903,0
"6892cef146d1f2eab1650a61","tCDIsdPF3Em8dZW3fc0B","MKH Berhad","Workflow - Premium Features","Workflow - Premium Features (inbound_webhook)","-","Aug 6th 2025, 11:41:37 AM",0.01,"283.619020","283.619020","0.000000",0.01,0
"6892cef152e529ad89bd41ad","tCDIsdPF3Em8dZW3fc0B","MKH Berhad","Workflow - Premium Features","Workflow - Premium Features (inbound_webhook)","-","Aug 6th 2025, 11:41:37 AM",0.01,"283.629020","283.629020","0.000000",0.01,0
"6892ceee2c0b0ba69ec3f491","tCDIsdPF3Em8dZW3fc0B","MKH Berhad","Workflow - Premium Features","Workflow - Premium Features (inbound_webhook)","-","Aug 6th 2025, 11:41:34 AM",0.01,"283.639020","283.639020","0.000000",0.01,0
"6892ceeee7eb622785ca574b","tCDIsdPF3Em8dZW3fc0B","MKH Berhad","Workflow - Premium Features","Workflow - Premium Features (inbound_webhook)","-","Aug 6th 2025, 11:41:34 AM",0.01,"283.649020","283.649020","0.000000",0.01,0
"6892ce8fb356b82d3a30a0fe","tCDIsdPF3Em8dZW3fc0B","MKH Berhad","Workflow - Premium Features","Workflow - Premium Features (inbound_webhook)","-","Aug 6th 2025, 11:40:00 AM",0.01,"283.659020","283.659020","0.000000",0.01,0
"6892cdecde9452440aaa206a","tCDIsdPF3Em8dZW3fc0B","MKH Berhad","Workflow - Premium Features","Workflow - Premium Features (inbound_webhook)","-","Aug 6th 2025, 11:37:16 AM",0.01,"283.669020","283.669020","0.000000",0.01,0
"6892cdecde945237c6aa2055","tCDIsdPF3Em8dZW3fc0B","MKH Berhad","Workflow - Premium Features","Workflow - Premium Features (inbound_webhook)","-","Aug 6th 2025, 11:37:16 AM",0.01,"283.679020","283.679020","0.000000",0.01,0
"6892cdbeb356b836ac305dd7","E0H7r1mN6ry0kv4uGZ6L","Radium Development Berhad","WhatsApp Marketing Messages","whatsapp_marketing_message ref: wamid.HBgLNjAxMjMzNzk5NjYVAgARGBJCMzlBOEYzNzk1ODI0NTI5OEIA","-","Aug 6th 2025, 11:36:30 AM",0.0903,"283.689020","283.689020","0.000000",0.0903,0
"6892cb4e57075540d441aa4e","E0H7r1mN6ry0kv4uGZ6L","Radium Development Berhad","WhatsApp Marketing Messages","whatsapp_marketing_message ref: wamid.HBgLNjAxMjMyMTU2MDkVAgARGBI3OTM1RDlDODZFQjlBNzcyRDUA","-","Aug 6th 2025, 11:26:07 AM",0.0903,"283.779320","283.779320","0.000000",0.0903,0
"6892cb2bb356b8825f2f67e5","tCDIsdPF3Em8dZW3fc0B","MKH Berhad","Workflow - Premium Features","Workflow - Premium Features (inbound_webhook)","-","Aug 6th 2025, 11:25:31 AM",0.01,"283.869620","283.869620","0.000000",0.01,0
"6892cb2b2c0b0bf173c29481","tCDIsdPF3Em8dZW3fc0B","MKH Berhad","Workflow - Premium Features","Workflow - Premium Features (inbound_webhook)","-","Aug 6th 2025, 11:25:31 AM",0.01,"283.879620","283.879620","0.000000",0.01,0
"6892cb28de94529532a91c79","tCDIsdPF3Em8dZW3fc0B","MKH Berhad","Workflow - Premium Features","Workflow - Premium Features (inbound_webhook)","-","Aug 6th 2025, 11:25:29 AM",0.01,"283.889620","283.889620","0.000000",0.01,0
"6892cb28de9452ab2da91c6b","tCDIsdPF3Em8dZW3fc0B","MKH Berhad","Workflow - Premium Features","Workflow - Premium Features (inbound_webhook)","-","Aug 6th 2025, 11:25:29 AM",0.01,"283.899620","283.899620","0.000000",0.01,0
"6892cafb5a5bbc1872de9200","jH41Z47TXtote3u6rh92","OCR Group Berhad","Workflow - Premium Features","Workflow - Premium Features (inbound_webhook)","-","Aug 6th 2025, 11:24:43 AM",0.01,"283.909620","283.909620","0.000000",0.01,0
"6892ca1f46d1f27c18635dda","E0H7r1mN6ry0kv4uGZ6L","Radium Development Berhad","Workflow - Premium Features","Workflow - Premium Features (inbound_webhook)","-","Aug 6th 2025, 11:21:03 AM",0.01,"283.919620","283.919620","0.000000",0.01,0
"6892c8fc97a4b2ba095dcd12","tCDIsdPF3Em8dZW3fc0B","MKH Berhad","Workflow - Premium Features","Workflow - Premium Features (inbound_webhook)","-","Aug 6th 2025, 11:16:12 AM",0.01,"283.929620","283.929620","0.000000",0.01,0
"6892c8fce7eb620d8dc84b71","tCDIsdPF3Em8dZW3fc0B","MKH Berhad","Workflow - Premium Features","Workflow - Premium Features (inbound_webhook)","-","Aug 6th 2025, 11:16:12 AM",0.01,"283.939620","283.939620","0.000000",0.01,0
"6892c886e7eb62cec9c81b6b","tCDIsdPF3Em8dZW3fc0B","MKH Berhad","WhatsApp Marketing Messages","whatsapp_marketing_message ref: wamid.HBgLNjAxOTUxMDgzMzUVAgARGBJDMDFDOUU1OUE4OTlFNTgyMzgA","-","Aug 6th 2025, 11:14:14 AM",0.0903,"283.949620","283.949620","0.000000",0.0903,0
"6892c87f97a4b2e2225d9ac5","tCDIsdPF3Em8dZW3fc0B","MKH Berhad","Workflow - Premium Features","Workflow - Premium Features (inbound_webhook)","-","Aug 6th 2025, 11:14:07 AM",0.01,"284.039920","284.039920","0.000000",0.01,0
"6892c87f52e529a596bb0247","tCDIsdPF3Em8dZW3fc0B","MKH Berhad","Workflow - Premium Features","Workflow - Premium Features (inbound_webhook)","-","Aug 6th 2025, 11:14:07 AM",0.01,"284.049920","284.049920","0.000000",0.01,0
"6892c8255a5bbc4acbddab8b","E0H7r1mN6ry0kv4uGZ6L","Radium Development Berhad","WhatsApp Marketing Messages","whatsapp_marketing_message ref: wamid.HBgLNjAxNDkyMTg1NjAVAgARGBIxMkQ5NjA5NEE4NEREQkJEQzgA","-","Aug 6th 2025, 11:12:37 AM",0.0903,"284.059920","284.059920","0.000000",0.0903,0
"6892c8135a5bbc5967dda7f8","tCDIsdPF3Em8dZW3fc0B","MKH Berhad","WhatsApp Marketing Messages","whatsapp_marketing_message ref: wamid.HBgLNjAxMzkzMDM5MDMVAgARGBJDNzUyRUJENzUzNUVFOTc5RTQA","-","Aug 6th 2025, 11:12:19 AM",0.0903,"284.150220","284.150220","0.000000",0.0903,0
"6892c7fd5707558383409c57","E0H7r1mN6ry0kv4uGZ6L","Radium Development Berhad","WhatsApp Marketing Messages","whatsapp_marketing_message ref: wamid.HBgLNjAxOTI2MzEzNDAVAgARGBI0MENCRTc4NjQyRkQ4N0ExQTMA","-","Aug 6th 2025, 11:11:58 AM",0.0903,"284.240520","284.240520","0.000000",0.0903,0
"6892c7f42c0b0b3016c196b5","tCDIsdPF3Em8dZW3fc0B","MKH Berhad","WhatsApp Marketing Messages","whatsapp_marketing_message ref: wamid.HBgLNjAxNzI3NzY1NTIVAgARGBIxRTVENjVERjZBMzUwQUE2NkQA","-","Aug 6th 2025, 11:11:48 AM",0.0903,"284.330820","284.330820","0.000000",0.0903,0
"6892c7da80a64fe1e6fcdd3d","tCDIsdPF3Em8dZW3fc0B","MKH Berhad","WhatsApp Marketing Messages","whatsapp_marketing_message ref: wamid.HBgLNjAxNjM0MzczNDEVAgARGBI2NDMyRkZGQzU1OEE3QkM1NEMA","-","Aug 6th 2025, 11:11:22 AM",0.0903,"284.421120","284.421120","0.000000",0.0903,0
"6892c78dde94528768a804a0","tCDIsdPF3Em8dZW3fc0B","MKH Berhad","WhatsApp Marketing Messages","whatsapp_marketing_message ref: wamid.HBgLNjAxODIxMzI4NTcVAgARGBI3QkRGNDk0NDZEN0FDRDcxNjEA","-","Aug 6th 2025, 11:10:06 AM",0.0903,"284.511420","284.511420","0.000000",0.0903,0
"6892c75b2c0b0b8227c174d9","tCDIsdPF3Em8dZW3fc0B","MKH Berhad","WhatsApp Marketing Messages","whatsapp_marketing_message ref: wamid.HBgLNjAxOTUxMDgzMzUVAgARGBIyRTM0MDM5REQ5MTQxMTI5NUEA","-","Aug 6th 2025, 11:09:16 AM",0.0903,"284.601720","284.601720","0.000000",0.0903,0
"6892c744570755f77740713a","tCDIsdPF3Em8dZW3fc0B","MKH Berhad","WhatsApp Marketing Messages","whatsapp_marketing_message ref: wamid.HBgLNjAxNzg3NTMyNDkVAgARGBI2OUQ2QjY0OENCRUJCNTZENDEA","-","Aug 6th 2025, 11:08:52 AM",0.0903,"284.692020","284.692020","0.000000",0.0903,0
"6892c743b356b8589e2e3f30","E0H7r1mN6ry0kv4uGZ6L","Radium Development Berhad","WhatsApp Marketing Messages","whatsapp_marketing_message ref: wamid.HBgLNjAxODMyNzMwMTIVAgARGBI4RTUwNTBFRTE5RDU0N0EzNTYA","-","Aug 6th 2025, 11:08:51 AM",0.0903,"284.782320","284.782320","0.000000",0.0903,0
"6892c73052e529fa71bab365","E0H7r1mN6ry0kv4uGZ6L","Radium Development Berhad","WhatsApp Marketing Messages","whatsapp_marketing_message ref: wamid.HBgLNjAxODMyNzMwMTIVAgARGBJGN0Y3MDQ0Q0ZCRDFDOUE3REQA","-","Aug 6th 2025, 11:08:32 AM",0.0903,"284.872620","284.872620","0.000000",0.0903,0
"6892c72ede94527ee8a7eeab","E0H7r1mN6ry0kv4uGZ6L","Radium Development Berhad","WhatsApp Marketing Messages","whatsapp_marketing_message ref: wamid.HBgLNjAxNjgxMDEwNDMVAgARGBIwQzU3MzM5RkNGM0NEMkE3MzgA","-","Aug 6th 2025, 11:08:31 AM",0.0903,"284.962920","284.962920","0.000000",0.0903,0
"6892c71e5707553a864067cc","tCDIsdPF3Em8dZW3fc0B","MKH Berhad","WhatsApp Marketing Messages","whatsapp_marketing_message ref: wamid.HBgLNjAxOTYzNDAxNjAVAgARGBI3QTA5MjM1MTY1OUI0MDU5OEIA","-","Aug 6th 2025, 11:08:14 AM",0.0903,"285.053220","285.053220","0.000000",0.0903,0
"6892c7035a5bbc03f4dd678d","tCDIsdPF3Em8dZW3fc0B","MKH Berhad","WhatsApp Marketing Messages","whatsapp_marketing_message ref: wamid.HBgLNjAxNzI3MjkxNzkVAgARGBJCM0Y1MkNCMUM4OEM1NDZFMzcA","-","Aug 6th 2025, 11:07:47 AM",0.0903,"285.143520","285.143520","0.000000",0.0903,0
"6892c6f35707551574405aa6","tCDIsdPF3Em8dZW3fc0B","MKH Berhad","WhatsApp Marketing Messages","whatsapp_marketing_message ref: wamid.HBgLNjAxMzI2MzA3NzcVAgARGBJFQjY5Mzc5QTNBQjlDREJEOTMA","-","Aug 6th 2025, 11:07:31 AM",0.0903,"285.233820","285.233820","0.000000",0.0903,0
"6892c6dbde94524c35a7d567","E0H7r1mN6ry0kv4uGZ6L","Radium Development Berhad","WhatsApp Marketing Messages","whatsapp_marketing_message ref: wamid.HBgLNjAxOTIyNjU5NzUVAgARGBI4RTlFM0IzMUQ2MkNBNEJBRDkA","-","Aug 6th 2025, 11:07:07 AM",0.0903,"285.324120","285.324120","0.000000",0.0903,0
"6892c6b697a4b217b85d28bf","tCDIsdPF3Em8dZW3fc0B","MKH Berhad","WhatsApp Marketing Messages","whatsapp_marketing_message ref: wamid.HBgLNjAxOTYwNTcxODkVAgARGBJCOEY3MzBFRDVDREUyMEJGMUYA","-","Aug 6th 2025, 11:06:30 AM",0.0903,"285.414420","285.414420","0.000000",0.0903,0
"6892c6a6b356b86f0f2e13a0","tCDIsdPF3Em8dZW3fc0B","MKH Berhad","WhatsApp Marketing Messages","whatsapp_marketing_message ref: wamid.HBgLNjAxMzI2MzA3NzcVAgARGBI2Qjg5NzFDOTE4RTg1RUIwNEQA","-","Aug 6th 2025, 11:06:14 AM",0.0903,"285.504720","285.504720","0.000000",0.0903,0
"6892c6492c0b0bac50c1226d","tCDIsdPF3Em8dZW3fc0B","MKH Berhad","WhatsApp Marketing Messages","whatsapp_marketing_message ref: wamid.HBgLNjAxODI4Mjg5NDkVAgARGBJDQzEzOEVCODU1MUQ4QkE3MzQA","-","Aug 6th 2025, 11:04:41 AM",0.0903,"285.595020","285.595020","0.000000",0.0903,0
"6892c4fcb356b8f5d82cdb6e","E0H7r1mN6ry0kv4uGZ6L","Radium Development Berhad","WhatsApp Marketing Messages","whatsapp_marketing_message ref: wamid.HBgLNjAxNjc4MzgzMzgVAgARGBIyMEZGRkEyODI3MUY2N0RFMTkA","-","Aug 6th 2025, 10:59:08 AM",0.0903,"285.685320","285.685320","0.000000",0.0903,0
"6892c40897a4b2f5625b7fa3","tCDIsdPF3Em8dZW3fc0B","MKH Berhad","Workflow - Premium Features","Workflow - Premium Features (inbound_webhook)","-","Aug 6th 2025, 10:55:04 AM",0.01,"285.775620","285.775620","0.000000",0.01,0
"6892c3eb5a5bbc7012dba02c","tCDIsdPF3Em8dZW3fc0B","MKH Berhad","Workflow - Premium Features","Workflow - Premium Features (inbound_webhook)","-","Aug 6th 2025, 10:54:35 AM",0.01,"285.785620","285.785620","0.000000",0.01,0
"6892c3e8de9452cb9ca617c8","rsdW1sEFWbzzULIapmdQ","Platinum Victory","WhatsApp Marketing Messages","whatsapp_marketing_message ref: wamid.HBgLNjAxMzg2ODg5OTgVAgARGBI4QURCMEYyQTYwMTc2QjE4MjgA","-","Aug 6th 2025, 10:54:32 AM",0.0903,"285.795620","285.795620","0.000000",0.0903,0
"6892c3e75a5bbc0e09db9eb3","tCDIsdPF3Em8dZW3fc0B","MKH Berhad","Workflow - Premium Features","Workflow - Premium Features (inbound_webhook)","-","Aug 6th 2025, 10:54:31 AM",0.01,"285.885920","285.885920","0.000000",0.01,0
"6892c3e5de9452452ea616b9","tCDIsdPF3Em8dZW3fc0B","MKH Berhad","Workflow - Premium Features","Workflow - Premium Features (inbound_webhook)","-","Aug 6th 2025, 10:54:29 AM",0.01,"285.895920","285.895920","0.000000",0.01,0
"6892c3e45707554ce53e9308","tCDIsdPF3Em8dZW3fc0B","MKH Berhad","Workflow - Premium Features","Workflow - Premium Features (inbound_webhook)","-","Aug 6th 2025, 10:54:29 AM",0.01,"285.905920","285.905920","0.000000",0.01,0
"6892c3cb57075516833e89f5","rsdW1sEFWbzzULIapmdQ","Platinum Victory","WhatsApp Marketing Messages","whatsapp_marketing_message ref: wamid.HBgLNjAxMzg2ODg5OTgVAgARGBJEMDk1NDZGMjA1ODU2NUZFQjUA","-","Aug 6th 2025, 10:54:03 AM",0.0903,"285.915920","285.915920","0.000000",0.0903,0
"6892c34d80a64fe52dfaac58","E0H7r1mN6ry0kv4uGZ6L","Radium Development Berhad","WhatsApp Marketing Messages","whatsapp_marketing_message ref: wamid.HBgLNjAxNjc2NjMwNjEVAgARGBJDMEU0MDM2M0FENUM2OTA5REQA","-","Aug 6th 2025, 10:51:57 AM",0.0903,"286.006220","286.006220","0.000000",0.0903,0
"6892c2d45a5bbcd074db3f33","E0H7r1mN6ry0kv4uGZ6L","Radium Development Berhad","WhatsApp Marketing Messages","whatsapp_marketing_message ref: wamid.HBgLNjAxMjIzNTY2MzkVAgARGBI4OTRCRTU1OTBBNDBEOTM3M0EA","-","Aug 6th 2025, 10:49:56 AM",0.0903,"286.096520","286.096520","0.000000",0.0903,0
"6892c09652e5291e9bb7a4e6","jH41Z47TXtote3u6rh92","OCR Group Berhad","Workflow - Premium Features","Workflow - Premium Features (inbound_webhook)","-","Aug 6th 2025, 10:40:23 AM",0.01,"286.186820","286.186820","0.000000",0.01,0
"6892ba952c0b0b7a77bac5ec","E0H7r1mN6ry0kv4uGZ6L","Radium Development Berhad","WhatsApp Marketing Messages","whatsapp_marketing_message ref: wamid.HBgLNjAxMzgwOTg4MDAVAgARGBJBRjY3RUIxRTQzRTk3OUM5RjAA","-","Aug 6th 2025, 10:14:46 AM",0.0903,"286.196820","286.196820","0.000000",0.0903,0
"6892ba7cde9452266fa133e6","jH41Z47TXtote3u6rh92","OCR Group Berhad","Workflow - Premium Features","Workflow - Premium Features (inbound_webhook)","-","Aug 6th 2025, 10:14:20 AM",0.01,"286.287120","286.287120","0.000000",0.01,0
"6892ba6f5707555e5639a882","E0H7r1mN6ry0kv4uGZ6L","Radium Development Berhad","WhatsApp Marketing Messages","whatsapp_marketing_message ref: wamid.HBgLNjAxMzgwOTg4MDAVAgARGBIwNTgwODZEMUVBRjJDRDFENTcA","-","Aug 6th 2025, 10:14:07 AM",0.0903,"286.297120","286.297120","0.000000",0.0903,0
"6892ba675707551d5039a4a0","E0H7r1mN6ry0kv4uGZ6L","Radium Development Berhad","WhatsApp Marketing Messages","whatsapp_marketing_message ref: wamid.HBgLNjAxMzgwOTg4MDAVAgARGBJGMUNGNDdFNUVEODZBQzY4QjkA","-","Aug 6th 2025, 10:13:59 AM",0.0903,"286.387420","286.387420","0.000000",0.0903,0
"6892ba49c2a7f519342a4cee","E0H7r1mN6ry0kv4uGZ6L","Radium Development Berhad","WhatsApp Marketing Messages","whatsapp_marketing_message ref: wamid.HBgLNjAxNzMyNTAyMTkVAgARGBJFNUFCOTgyMTcxRDY4RjI2M0EA","-","Aug 6th 2025, 10:13:29 AM",0.0903,"286.477720","286.477720","0.000000",0.0903,0
"6892ba3f2c0b0b6500ba9144","E0H7r1mN6ry0kv4uGZ6L","Radium Development Berhad","WhatsApp Marketing Messages","whatsapp_marketing_message ref: wamid.HBgLNjAxNzMyNTAyMTkVAgARGBJCRjg5NDUzRUM3NkVBNjBBNDgA","-","Aug 6th 2025, 10:13:19 AM",0.0903,"286.568020","286.568020","0.000000",0.0903,0
"6892ba1b52e5297ac5b3bdc5","E0H7r1mN6ry0kv4uGZ6L","Radium Development Berhad","WhatsApp Marketing Messages","whatsapp_marketing_message ref: wamid.HBgLNjAxMDI2NjExMjIVAgARGBI1NjNERUFGMEE5RDg2QzhCREEA","-","Aug 6th 2025, 10:12:43 AM",0.0903,"286.658320","286.658320","0.000000",0.0903,0
"6892ba115a5bbcb3ebd68541","E0H7r1mN6ry0kv4uGZ6L","Radium Development Berhad","WhatsApp Marketing Messages","whatsapp_marketing_message ref: wamid.HBgLNjAxMDI2NjExMjIVAgARGBI5MDQzQkU5NTFGREI4OTE4MzgA","-","Aug 6th 2025, 10:12:33 AM",0.0903,"286.748620","286.748620","0.000000",0.0903,0
"6892b9dc5a5bbc1061d66eee","E0H7r1mN6ry0kv4uGZ6L","Radium Development Berhad","WhatsApp Marketing Messages","whatsapp_marketing_message ref: wamid.HBgLNjAxNjIyOTg2ODAVAgARGBJGNDZERjExN0JEQkYzQzEwRjgA","-","Aug 6th 2025, 10:11:40 AM",0.0903,"286.838920","286.838920","0.000000",0.0903,0
"6892b9d280a64f0954f5ad98","E0H7r1mN6ry0kv4uGZ6L","Radium Development Berhad","WhatsApp Marketing Messages","whatsapp_marketing_message ref: wamid.HBgLNjAxNjIyOTg2ODAVAgARGBI0NkQyQkY0NjMwN0FCN0I5MUUA","-","Aug 6th 2025, 10:11:31 AM",0.0903,"286.929220","286.929220","0.000000",0.0903,0
"6892b9ccc2a7f5ad9e2a10f8","jH41Z47TXtote3u6rh92","OCR Group Berhad","Workflow - Premium Features","Workflow - Premium Features (inbound_webhook)","-","Aug 6th 2025, 10:11:24 AM",0.01,"287.019520","287.019520","0.000000",0.01,0
"6892b9ba52e5294f21b38f85","jH41Z47TXtote3u6rh92","OCR Group Berhad","Workflow - Premium Features","Workflow - Premium Features (inbound_webhook)","-","Aug 6th 2025, 10:11:06 AM",0.01,"287.029520","287.029520","0.000000",0.01,0
"6892b9b91cac3386bab8ca9a","VfZvkCL9M13RPHNpCGPi","Alpha Galaxy Group","Workflow - Premium Features","Workflow - Premium Features (inbound_webhook)","-","Aug 6th 2025, 10:11:05 AM",0.01,"287.039520","287.039520","0.000000",0.01,0
"6892b8efe7eb621b58c030c5","WphrMU0x3Ocd2pEpBJcH","Demo","Workflow - Premium Features","Workflow - Premium Features (inbound_webhook)","-","Aug 6th 2025, 10:07:43 AM",0.01,"287.049520","287.049520","0.000000",0.01,0
"6892b8ed46d1f2812b5ad8ee","E0H7r1mN6ry0kv4uGZ6L","Radium Development Berhad","WhatsApp Marketing Messages","whatsapp_marketing_message ref: wamid.HBgLNjAxODI1ODQ1NzIVAgARGBI3RUFGRjFFN0E4NjBGQzZCNjYA","-","Aug 6th 2025, 10:07:42 AM",0.0903,"287.059520","287.059520","0.000000",0.0903,0
"6892b8dbe7eb6275a8c02770","E0H7r1mN6ry0kv4uGZ6L","Radium Development Berhad","Workflow - Premium Features","Workflow - Premium Features (inbound_webhook)","-","Aug 6th 2025, 10:07:24 AM",0.01,"287.149820","287.149820","0.000000",0.01,0
"6892b87a52e529feb6b2ccf3","E0H7r1mN6ry0kv4uGZ6L","Radium Development Berhad","WhatsApp Marketing Messages","whatsapp_marketing_message ref: wamid.HBgLNjAxODI1ODQ1NzIVAgARGBJGOThBQUZGODRBMzY0MTY4MUIA","-","Aug 6th 2025, 10:05:46 AM",0.0903,"287.159820","287.159820","0.000000",0.0903,0
"6892b844de9452f0729fe35b","rsdW1sEFWbzzULIapmdQ","Platinum Victory","Workflow - Premium Features","Workflow - Premium Features (inbound_webhook)","-","Aug 6th 2025, 10:04:52 AM",0.01,"287.250120","287.250120","0.000000",0.01,0
"6892b8242c0b0bc86ab94837","jH41Z47TXtote3u6rh92","OCR Group Berhad","Workflow - Premium Features","Workflow - Premium Features (inbound_webhook)","-","Aug 6th 2025, 10:04:20 AM",0.01,"287.260120","287.260120","0.000000",0.01,0
"6892b7d8de9452b9079f621e","jH41Z47TXtote3u6rh92","OCR Group Berhad","Workflow - Premium Features","Workflow - Premium Features (inbound_webhook)","-","Aug 6th 2025, 10:03:05 AM",0.01,"287.270120","287.270120","0.000000",0.01,0
"6892b7d0c2a7f5aaa2289080","E0H7r1mN6ry0kv4uGZ6L","Radium Development Berhad","Workflow - Premium Features","Workflow - Premium Features (inbound_webhook)","-","Aug 6th 2025, 10:02:56 AM",0.01,"287.280120","287.280120","0.000000",0.01,0
"6892b7cf2c0b0b5893b8d6b9","jH41Z47TXtote3u6rh92","OCR Group Berhad","Workflow - Premium Features","Workflow - Premium Features (inbound_webhook)","-","Aug 6th 2025, 10:02:55 AM",0.01,"287.290120","287.290120","0.000000",0.01,0
"6892b79ff1d1dd854ad6bdbf","tCDIsdPF3Em8dZW3fc0B","MKH Berhad","Workflow - Premium Features","Workflow - Premium Features (inbound_webhook)","-","Aug 6th 2025, 10:02:07 AM",0.01,"287.300120","287.300120","0.000000",0.01,0
"6892b79f2c0b0b32b4b8a111","tCDIsdPF3Em8dZW3fc0B","MKH Berhad","Workflow - Premium Features","Workflow - Premium Features (inbound_webhook)","-","Aug 6th 2025, 10:02:07 AM",0.01,"287.310120","287.310120","0.000000",0.01,0
"6892b78a46d1f2e04a599bc0","jH41Z47TXtote3u6rh92","OCR Group Berhad","Workflow - Premium Features","Workflow - Premium Features (inbound_webhook)","-","Aug 6th 2025, 10:01:47 AM",0.01,"287.320120","287.320120","0.000000",0.01,0
"6892b787d4b46ece4383e193","jH41Z47TXtote3u6rh92","OCR Group Berhad","Workflow - Premium Features","Workflow - Premium Features (inbound_webhook)","-","Aug 6th 2025, 10:01:43 AM",0.01,"287.330120","287.330120","0.000000",0.01,0
"6892b78120fbf948b75af335","jH41Z47TXtote3u6rh92","OCR Group Berhad","Workflow - Premium Features","Workflow - Premium Features (inbound_webhook)","-","Aug 6th 2025, 10:01:37 AM",0.01,"287.340120","287.340120","0.000000",0.01,0
"6892b72c46d1f254e35928b8","jH41Z47TXtote3u6rh92","OCR Group Berhad","Workflow - Premium Features","Workflow - Premium Features (inbound_webhook)","-","Aug 6th 2025, 10:00:13 AM",0.01,"287.350120","287.350120","0.000000",0.01,0
"6892b60220fbf90a6c5a18a4","jH41Z47TXtote3u6rh92","OCR Group Berhad","Workflow - Premium Features","Workflow - Premium Features (inbound_webhook)","-","Aug 6th 2025, 09:55:14 AM",0.01,"287.360120","287.360120","0.000000",0.01,0
"6892b6011cac3377bab61eee","VfZvkCL9M13RPHNpCGPi","Alpha Galaxy Group","Workflow - Premium Features","Workflow - Premium Features (inbound_webhook)","-","Aug 6th 2025, 09:55:13 AM",0.01,"287.370120","287.370120","0.000000",0.01,0
"6892b5fb52e52939c3b0e5bb","aIzvZ3CF67w8uUjkPchx","Triple Three Properties Sdn Bhd (Asia Green)","Workflow - Premium Features","Workflow - Premium Features (inbound_webhook)","-","Aug 6th 2025, 09:55:07 AM",0.01,"287.380120","287.380120","0.000000",0.01,0
"6892b5e620fbf933b05a0b4e","tCDIsdPF3Em8dZW3fc0B","MKH Berhad","Workflow - Premium Features","Workflow - Premium Features (inbound_webhook)","-","Aug 6th 2025, 09:54:47 AM",0.01,"287.390120","287.390120","0.000000",0.01,0
"6892b5e620fbf9135c5a0b45","tCDIsdPF3Em8dZW3fc0B","MKH Berhad","Workflow - Premium Features","Workflow - Premium Features (inbound_webhook)","-","Aug 6th 2025, 09:54:47 AM",0.01,"287.400120","287.400120","0.000000",0.01,0
"6892b5bc80a64f7a19f2ed05","jH41Z47TXtote3u6rh92","OCR Group Berhad","Workflow - Premium Features","Workflow - Premium Features (inbound_webhook)","-","Aug 6th 2025, 09:54:04 AM",0.01,"287.410120","287.410120","0.000000",0.01,0
"6892b55646d1f28656587a56","jH41Z47TXtote3u6rh92","OCR Group Berhad","Workflow - Premium Features","Workflow - Premium Features (inbound_webhook)","-","Aug 6th 2025, 09:52:23 AM",0.01,"287.420120","287.420120","0.000000",0.01,0
"6892b551c6a34619fb6cfce6","jH41Z47TXtote3u6rh92","OCR Group Berhad","Workflow - Premium Features","Workflow - Premium Features (inbound_webhook)","-","Aug 6th 2025, 09:52:17 AM",0.01,"287.430120","287.430120","0.000000",0.01,0
"6892b4f32c0b0b0c91b75375","aIzvZ3CF67w8uUjkPchx","Triple Three Properties Sdn Bhd (Asia Green)","Workflow - Premium Features","Workflow - Premium Features (inbound_webhook)","-","Aug 6th 2025, 09:50:43 AM",0.01,"287.440120","287.440120","0.000000",0.01,0
"6892b4e85707550e27364097","WphrMU0x3Ocd2pEpBJcH","Demo","Workflow - Premium Features","Workflow - Premium Features (inbound_webhook)","-","Aug 6th 2025, 09:50:33 AM",0.01,"287.450120","287.450120","0.000000",0.01,0
"6892b4a1570755396b36257d","E0H7r1mN6ry0kv4uGZ6L","Radium Development Berhad","WhatsApp Marketing Messages","whatsapp_marketing_message ref: wamid.HBgLNjAxNjg0MjQ1ODYVAgARGBI2REI2Q0E4ODE0MTM3RkU1M0QA","-","Aug 6th 2025, 09:49:21 AM",0.0903,"287.460120","287.460120","0.000000",0.0903,0
"6892b48e20fbf900c9599226","jH41Z47TXtote3u6rh92","OCR Group Berhad","Workflow - Premium Features","Workflow - Premium Features (inbound_webhook)","-","Aug 6th 2025, 09:49:02 AM",0.01,"287.550420","287.550420","0.000000",0.01,0
"6892b18480a64fc974f15f15","tCDIsdPF3Em8dZW3fc0B","MKH Berhad","Workflow - Premium Features","Workflow - Premium Features (inbound_webhook)","-","Aug 6th 2025, 09:36:05 AM",0.01,"287.560420","287.560420","0.000000",0.01,0
"6892b18480a64fc2bff15efc","tCDIsdPF3Em8dZW3fc0B","MKH Berhad","Workflow - Premium Features","Workflow - Premium Features (inbound_webhook)","-","Aug 6th 2025, 09:36:04 AM",0.01,"287.570420","287.570420","0.000000",0.01,0
"6892b0a8d4b46ef8578101e2","tCDIsdPF3Em8dZW3fc0B","MKH Berhad","Workflow - Premium Features","Workflow - Premium Features (inbound_webhook)","-","Aug 6th 2025, 09:32:24 AM",0.01,"287.580420","287.580420","0.000000",0.01,0
"6892ae9480a64f5ec6f0256d","tCDIsdPF3Em8dZW3fc0B","MKH Berhad","WhatsApp Marketing Messages","whatsapp_marketing_message ref: wamid.HBgLNjAxNjMxMTgwOTgVAgARGBI0NEFGRjgyOEE3Q0ZEMkE1QjkA","-","Aug 6th 2025, 09:23:32 AM",0.0903,"287.590420","287.590420","0.000000",0.0903,0
"6892ae90b1f732380b171d98","tCDIsdPF3Em8dZW3fc0B","MKH Berhad","WhatsApp Marketing Messages","whatsapp_marketing_message ref: wamid.HBgLNjAxNjMxMTgwOTgVAgARGBI5NEM5OTg2QUZGMzA1MjM5RTIA","-","Aug 6th 2025, 09:23:28 AM",0.0903,"287.680720","287.680720","0.000000",0.0903,0
"6892ae4620fbf94a8e572127","tCDIsdPF3Em8dZW3fc0B","MKH Berhad","Workflow - Premium Features","Workflow - Premium Features (inbound_webhook)","-","Aug 6th 2025, 09:22:14 AM",0.01,"287.771020","287.771020","0.000000",0.01,0
"6892ae46e7eb6286f4bb1f69","tCDIsdPF3Em8dZW3fc0B","MKH Berhad","Workflow - Premium Features","Workflow - Premium Features (inbound_webhook)","-","Aug 6th 2025, 09:22:14 AM",0.01,"287.781020","287.781020","0.000000",0.01,0
"6892ab1952e529bbf7ac8224","jH41Z47TXtote3u6rh92","OCR Group Berhad","WhatsApp Marketing Messages","whatsapp_marketing_message ref: wamid.HBgLNjAxMjM5NzcxMzUVAgARGBI3QUE5QURBNDJCRDBFOEY2MTIA","-","Aug 6th 2025, 09:08:42 AM",0.0903,"287.791020","287.791020","0.000000",0.0903,0
"6892aaf480a64f8ffeee8041","tCDIsdPF3Em8dZW3fc0B","MKH Berhad","Workflow - Premium Features","Workflow - Premium Features (inbound_webhook)","-","Aug 6th 2025, 09:08:04 AM",0.01,"287.881320","287.881320","0.000000",0.01,0
"6892aaf4b1f7321597157895","tCDIsdPF3Em8dZW3fc0B","MKH Berhad","Workflow - Premium Features","Workflow - Premium Features (inbound_webhook)","-","Aug 6th 2025, 09:08:04 AM",0.01,"287.891320","287.891320","0.000000",0.01,0
"6892a81480a64f19dcec5de4","VfZvkCL9M13RPHNpCGPi","Alpha Galaxy Group","WhatsApp Marketing Messages","whatsapp_marketing_message ref: wamid.HBgLNjAxMjMzMzM5NjYVAgARGBI3Q0RFREYwNzU1Mjc4RERFNkUA","-","Aug 6th 2025, 08:55:49 AM",0.0903,"287.901320","287.901320","0.000000",0.0903,0
"6892a7f6570755127a2feaff","VfZvkCL9M13RPHNpCGPi","Alpha Galaxy Group","WhatsApp Marketing Messages","whatsapp_marketing_message ref: wamid.HBgLNjAxOTk2OTMzMzEVAgARGBJCOEY3QTIzNDlFRkIxRjQ4MDkA","-","Aug 6th 2025, 08:55:18 AM",0.0903,"287.991620","287.991620","0.000000",0.0903,0
"6892a4d7c2a7f5031d1eaf95","tCDIsdPF3Em8dZW3fc0B","MKH Berhad","Workflow - Premium Features","Workflow - Premium Features (inbound_webhook)","-","Aug 6th 2025, 08:41:59 AM",0.01,"288.081920","288.081920","0.000000",0.01,0
"6892a4d752e529442ca82f13","tCDIsdPF3Em8dZW3fc0B","MKH Berhad","Workflow - Premium Features","Workflow - Premium Features (inbound_webhook)","-","Aug 6th 2025, 08:41:59 AM",0.01,"288.091920","288.091920","0.000000",0.01,0
"6892a47cf1d1dd16f3ccc4aa","tCDIsdPF3Em8dZW3fc0B","MKH Berhad","Workflow - Premium Features","Workflow - Premium Features (inbound_webhook)","-","Aug 6th 2025, 08:40:29 AM",0.01,"288.101920","288.101920","0.000000",0.01,0
"6892a47ce7eb620ceeb51231","tCDIsdPF3Em8dZW3fc0B","MKH Berhad","Workflow - Premium Features","Workflow - Premium Features (inbound_webhook)","-","Aug 6th 2025, 08:40:29 AM",0.01,"288.111920","288.111920","0.000000",0.01,0
"6892a056f1d1dd5931c96c22","jH41Z47TXtote3u6rh92","OCR Group Berhad","Workflow - Premium Features","Workflow - Premium Features (inbound_webhook)","-","Aug 6th 2025, 08:22:46 AM",0.01,"288.121920","288.121920","0.000000",0.01,0
"68929bdcc6a34685fa5c5fc7","yislM4BFwd5JtlwXtKZM","JM Motor Venture (authorized Honda 3S dealer)","WhatsApp Marketing Messages","whatsapp_marketing_message ref: wamid.HBgLNjAxODY2ODE5ODEVAgARGBJFNDAwMDdCQTA2MDBDRjY0Q0MA","-","Aug 6th 2025, 08:03:41 AM",0.0903,"288.131920","288.131920","0.000000",0.0903,0
"68929bda52e5294318a0113d","yislM4BFwd5JtlwXtKZM","JM Motor Venture (authorized Honda 3S dealer)","WhatsApp Marketing Messages","whatsapp_marketing_message ref: wamid.HBgLNjAxMjUyMjA5NDYVAgARGBI2Q0ZCMzQyMkMzMDE4RDAyMUYA","-","Aug 6th 2025, 08:03:40 AM",0.0903,"288.222220","288.222220","0.000000",0.0903,0
"68929bd980a64fb86de21d25","yislM4BFwd5JtlwXtKZM","JM Motor Venture (authorized Honda 3S dealer)","WhatsApp Marketing Messages","whatsapp_marketing_message ref: wamid.HBgLNjAxMzM4NTExMDUVAgARGBJCOEQ1NjVBMjNEQjVFMkM0RkUA","-","Aug 6th 2025, 08:03:38 AM",0.0903,"288.312520","288.312520","0.000000",0.0903,0
"68929ba846d1f2f438479413","jH41Z47TXtote3u6rh92","OCR Group Berhad","Workflow - Premium Features","Workflow - Premium Features (inbound_webhook)","-","Aug 6th 2025, 08:02:49 AM",0.01,"288.402820","288.402820","0.000000",0.01,0
"689296abd4b46e61536cff81","tCDIsdPF3Em8dZW3fc0B","MKH Berhad","Workflow - Premium Features","Workflow - Premium Features (inbound_webhook)","-","Aug 6th 2025, 07:41:31 AM",0.01,"288.412820","288.412820","0.000000",0.01,0
"689296abb1f73260ad03f97f","tCDIsdPF3Em8dZW3fc0B","MKH Berhad","Workflow - Premium Features","Workflow - Premium Features (inbound_webhook)","-","Aug 6th 2025, 07:41:31 AM",0.01,"288.422820","288.422820","0.000000",0.01,0
"689296a852e52955d19af9f2","tCDIsdPF3Em8dZW3fc0B","MKH Berhad","Workflow - Premium Features","Workflow - Premium Features (inbound_webhook)","-","Aug 6th 2025, 07:41:29 AM",0.01,"288.432820","288.432820","0.000000",0.01,0
"689296a880a64f9e35dd01ed","tCDIsdPF3Em8dZW3fc0B","MKH Berhad","Workflow - Premium Features","Workflow - Premium Features (inbound_webhook)","-","Aug 6th 2025, 07:41:28 AM",0.01,"288.442820","288.442820","0.000000",0.01,0
"6892928420fbf916cb405244","tCDIsdPF3Em8dZW3fc0B","MKH Berhad","Workflow - Premium Features","Workflow - Premium Features (inbound_webhook)","-","Aug 6th 2025, 07:23:49 AM",0.01,"288.452820","288.452820","0.000000",0.01,0
"68929283d4b46e16d56932fe","tCDIsdPF3Em8dZW3fc0B","MKH Berhad","Workflow - Premium Features","Workflow - Premium Features (inbound_webhook)","-","Aug 6th 2025, 07:23:47 AM",0.01,"288.462820","288.462820","0.000000",0.01,0
"68929080e7eb623d55a26fcf","tCDIsdPF3Em8dZW3fc0B","MKH Berhad","Workflow - Premium Features","Workflow - Premium Features (inbound_webhook)","-","Aug 6th 2025, 07:15:13 AM",0.01,"288.472820","288.472820","0.000000",0.01,0
"6892907ec6a346009851a2ce","tCDIsdPF3Em8dZW3fc0B","MKH Berhad","Workflow - Premium Features","Workflow - Premium Features (inbound_webhook)","-","Aug 6th 2025, 07:15:10 AM",0.01,"288.482820","288.482820","0.000000",0.01,0
"68928fe1b1f732dc00fdfdc4","rsdW1sEFWbzzULIapmdQ","Platinum Victory","Workflow - Premium Features","Workflow - Premium Features (inbound_webhook)","-","Aug 6th 2025, 07:12:34 AM",0.01,"288.492820","288.492820","0.000000",0.01,0
"6892728257075582c3f8e667","tCDIsdPF3Em8dZW3fc0B","MKH Berhad","Workflow - Premium Features","Workflow - Premium Features (inbound_webhook)","-","Aug 6th 2025, 05:07:47 AM",0.01,"288.502820","288.502820","0.000000",0.01,0
"6892728135c5744cdd1fc153","tCDIsdPF3Em8dZW3fc0B","MKH Berhad","Workflow - Premium Features","Workflow - Premium Features (inbound_webhook)","-","Aug 6th 2025, 05:07:15 AM",0.01,"288.512820","288.512820","0.000000",0.01,0
"6892727f35c574b0721fbb07","tCDIsdPF3Em8dZW3fc0B","MKH Berhad","Workflow - Premium Features","Workflow - Premium Features (inbound_webhook)","-","Aug 6th 2025, 05:07:13 AM",0.01,"288.522820","288.522820","0.000000",0.01,0
"6892727ae7eb6212128020e0","tCDIsdPF3Em8dZW3fc0B","MKH Berhad","Workflow - Premium Features","Workflow - Premium Features (inbound_webhook)","-","Aug 6th 2025, 05:07:12 AM",0.01,"288.532820","288.532820","0.000000",0.01,0
"689264fb20fbf929c10b5294","jH41Z47TXtote3u6rh92","OCR Group Berhad","Workflow - Premium Features","Workflow - Premium Features (inbound_webhook)","-","Aug 6th 2025, 04:09:31 AM",0.01,"288.542820","288.542820","0.000000",0.01,0
"6892553752e52944b44b04e4","tCDIsdPF3Em8dZW3fc0B","MKH Berhad","Workflow - Premium Features","Workflow - Premium Features (inbound_webhook)","-","Aug 6th 2025, 03:02:16 AM",0.01,"288.552820","288.552820","0.000000",0.01,0
"6892553152e52932564afc1f","tCDIsdPF3Em8dZW3fc0B","MKH Berhad","Workflow - Premium Features","Workflow - Premium Features (inbound_webhook)","-","Aug 6th 2025, 03:02:10 AM",0.01,"288.562820","288.562820","0.000000",0.01,0
"6892552d35c5741dcbf8076e","tCDIsdPF3Em8dZW3fc0B","MKH Berhad","Workflow - Premium Features","Workflow - Premium Features (inbound_webhook)","-","Aug 6th 2025, 03:02:06 AM",0.01,"288.572820","288.572820","0.000000",0.01,0
"6892552d35c574791ff8073a","tCDIsdPF3Em8dZW3fc0B","MKH Berhad","Workflow - Premium Features","Workflow - Premium Features (inbound_webhook)","-","Aug 6th 2025, 03:02:06 AM",0.01,"288.582820","288.582820","0.000000",0.01,0
"68924bd4b1f732a483a71cfd","tCDIsdPF3Em8dZW3fc0B","MKH Berhad","Workflow - Premium Features","Workflow - Premium Features (inbound_webhook)","-","Aug 6th 2025, 02:22:16 AM",0.01,"288.592820","288.592820","0.000000",0.01,0
"68924bd71cac3324934317db","tCDIsdPF3Em8dZW3fc0B","MKH Berhad","Workflow - Premium Features","Workflow - Premium Features (inbound_webhook)","-","Aug 6th 2025, 02:22:15 AM",0.01,"288.602820","288.602820","0.000000",0.01,0
"68924bd652e529dc4c3d9e90","tCDIsdPF3Em8dZW3fc0B","MKH Berhad","Workflow - Premium Features","Workflow - Premium Features (inbound_webhook)","-","Aug 6th 2025, 02:22:15 AM",0.01,"288.612820","288.612820","0.000000",0.01,0
"68924bd51cac3395ba43159b","tCDIsdPF3Em8dZW3fc0B","MKH Berhad","Workflow - Premium Features","Workflow - Premium Features (inbound_webhook)","-","Aug 6th 2025, 02:22:14 AM",0.01,"288.622820","288.622820","0.000000",0.01,0
"68924531e7eb62065a3ef293","tCDIsdPF3Em8dZW3fc0B","MKH Berhad","Workflow - Premium Features","Workflow - Premium Features (inbound_webhook)","-","Aug 6th 2025, 01:53:53 AM",0.01,"288.632820","288.632820","0.000000",0.01,0
"68924531570755816bb7adb8","tCDIsdPF3Em8dZW3fc0B","MKH Berhad","Workflow - Premium Features","Workflow - Premium Features (inbound_webhook)","-","Aug 6th 2025, 01:53:53 AM",0.01,"288.642820","288.642820","0.000000",0.01,0
"6892452e80a64f460e741d6d","tCDIsdPF3Em8dZW3fc0B","MKH Berhad","Workflow - Premium Features","Workflow - Premium Features (inbound_webhook)","-","Aug 6th 2025, 01:53:51 AM",0.01,"288.652820","288.652820","0.000000",0.01,0
"6892452eb1f73209559ac788","tCDIsdPF3Em8dZW3fc0B","MKH Berhad","Workflow - Premium Features","Workflow - Premium Features (inbound_webhook)","-","Aug 6th 2025, 01:53:51 AM",0.01,"288.662820","288.662820","0.000000",0.01,0
"68923ebb80a64f4455699d2d","tCDIsdPF3Em8dZW3fc0B","MKH Berhad","Workflow - Premium Features","Workflow - Premium Features (inbound_webhook)","-","Aug 6th 2025, 01:28:33 AM",0.01,"288.672820","288.672820","0.000000",0.01,0
"68923ebbf1d1ddfef24c23c7","tCDIsdPF3Em8dZW3fc0B","MKH Berhad","Workflow - Premium Features","Workflow - Premium Features (inbound_webhook)","-","Aug 6th 2025, 01:26:19 AM",0.01,"288.682820","288.682820","0.000000",0.01,0
"68923eb935c57410c3d3f18c","tCDIsdPF3Em8dZW3fc0B","MKH Berhad","Workflow - Premium Features","Workflow - Premium Features (inbound_webhook)","-","Aug 6th 2025, 01:26:19 AM",0.01,"288.692820","288.692820","0.000000",0.01,0
"68923eb780a64ffe45699900","tCDIsdPF3Em8dZW3fc0B","MKH Berhad","Workflow - Premium Features","Workflow - Premium Features (inbound_webhook)","-","Aug 6th 2025, 01:26:17 AM",0.01,"288.702820","288.702820","0.000000",0.01,0
"6892290735c5748606a5addf","tCDIsdPF3Em8dZW3fc0B","MKH Berhad","Workflow - Premium Features","Workflow - Premium Features (inbound_webhook)","-","Aug 5th 2025, 11:53:43 PM",0.01,"288.712820","288.712820","0.000000",0.01,0
"6892290735c5745525a5add3","tCDIsdPF3Em8dZW3fc0B","MKH Berhad","Workflow - Premium Features","Workflow - Premium Features (inbound_webhook)","-","Aug 5th 2025, 11:53:43 PM",0.01,"288.722820","288.722820","0.000000",0.01,0
"689228dce7eb6299be060688","tCDIsdPF3Em8dZW3fc0B","MKH Berhad","Workflow - Premium Features","Workflow - Premium Features (inbound_webhook)","-","Aug 5th 2025, 11:53:01 PM",0.01,"288.732820","288.732820","0.000000",0.01,0
"689228dc80a64f83503b791f","tCDIsdPF3Em8dZW3fc0B","MKH Berhad","Workflow - Premium Features","Workflow - Premium Features (inbound_webhook)","-","Aug 5th 2025, 11:53:01 PM",0.01,"288.742820","288.742820","0.000000",0.01,0
"689228d7c2a7f52d3a6f35eb","tCDIsdPF3Em8dZW3fc0B","MKH Berhad","Workflow - Premium Features","Workflow - Premium Features (inbound_webhook)","-","Aug 5th 2025, 11:52:56 PM",0.01,"288.752820","288.752820","0.000000",0.01,0
"689228d746d1f2a6c2a1701a","tCDIsdPF3Em8dZW3fc0B","MKH Berhad","Workflow - Premium Features","Workflow - Premium Features (inbound_webhook)","-","Aug 5th 2025, 11:52:56 PM",0.01,"288.762820","288.762820","0.000000",0.01,0
"689228a2e7eb62227605b1e8","E0H7r1mN6ry0kv4uGZ6L","Radium Development Berhad","Workflow - Premium Features","Workflow - Premium Features (inbound_webhook)","-","Aug 5th 2025, 11:52:03 PM",0.01,"288.772820","288.772820","0.000000",0.01,0
"689222a935c57470d599c8e0","tCDIsdPF3Em8dZW3fc0B","MKH Berhad","Workflow - Premium Features","Workflow - Premium Features (inbound_webhook)","-","Aug 5th 2025, 11:29:56 PM",0.01,"288.782820","288.782820","0.000000",0.01,0
"689222a952e52916acecc8f9","tCDIsdPF3Em8dZW3fc0B","MKH Berhad","Workflow - Premium Features","Workflow - Premium Features (inbound_webhook)","-","Aug 5th 2025, 11:29:56 PM",0.01,"288.792820","288.792820","0.000000",0.01,0
"689222a820fbf954cd9668d4","tCDIsdPF3Em8dZW3fc0B","MKH Berhad","Workflow - Premium Features","Workflow - Premium Features (inbound_webhook)","-","Aug 5th 2025, 11:26:33 PM",0.01,"288.802820","288.802820","0.000000",0.01,0
"689222a6f1d1dd02d911c271","tCDIsdPF3Em8dZW3fc0B","MKH Berhad","Workflow - Premium Features","Workflow - Premium Features (inbound_webhook)","-","Aug 5th 2025, 11:26:32 PM",0.01,"288.812820","288.812820","0.000000",0.01,0
"68921f7e35c574c35492f6bb","tCDIsdPF3Em8dZW3fc0B","MKH Berhad","Workflow - Premium Features","Workflow - Premium Features (inbound_webhook)","-","Aug 5th 2025, 11:15:10 PM",0.01,"288.822820","288.822820","0.000000",0.01,0
"68921f4dd4b46ee8bfb71e47","tCDIsdPF3Em8dZW3fc0B","MKH Berhad","Workflow - Premium Features","Workflow - Premium Features (inbound_webhook)","-","Aug 5th 2025, 11:13:02 PM",0.01,"288.832820","288.832820","0.000000",0.01,0
"68921b0cf1d1ddb18c001c7a","jH41Z47TXtote3u6rh92","OCR Group Berhad","Workflow - Premium Features","Workflow - Premium Features (inbound_webhook)","-","Aug 5th 2025, 10:54:14 PM",0.01,"288.842820","288.842820","0.000000",0.01,0
"689218ff46d1f21f2982172b","tCDIsdPF3Em8dZW3fc0B","MKH Berhad","Workflow - Premium Features","Workflow - Premium Features (inbound_webhook)","-","Aug 5th 2025, 10:46:53 PM",0.01,"288.852820","288.852820","0.000000",0.01,0
"689218fede94526381c5fc3b","tCDIsdPF3Em8dZW3fc0B","MKH Berhad","Workflow - Premium Features","Workflow - Premium Features (inbound_webhook)","-","Aug 5th 2025, 10:45:19 PM",0.01,"288.862820","288.862820","0.000000",0.01,0
"6892183046d1f286708116a1","tCDIsdPF3Em8dZW3fc0B","MKH Berhad","Workflow - Premium Features","Workflow - Premium Features (inbound_webhook)","-","Aug 5th 2025, 10:45:15 PM",0.01,"288.872820","288.872820","0.000000",0.01,0
"68921830de9452f8cac4f9bb","tCDIsdPF3Em8dZW3fc0B","MKH Berhad","Workflow - Premium Features","Workflow - Premium Features (inbound_webhook)","-","Aug 5th 2025, 10:41:53 PM",0.01,"288.882820","288.882820","0.000000",0.01,0
"6892182ec2a7f572c54e046e","tCDIsdPF3Em8dZW3fc0B","MKH Berhad","Workflow - Premium Features","Workflow - Premium Features (inbound_webhook)","-","Aug 5th 2025, 10:41:52 PM",0.01,"288.892820","288.892820","0.000000",0.01,0
"6892182ede94525cddc4f638","tCDIsdPF3Em8dZW3fc0B","MKH Berhad","Workflow - Premium Features","Workflow - Premium Features (inbound_webhook)","-","Aug 5th 2025, 10:41:50 PM",0.01,"288.902820","288.902820","0.000000",0.01,0
"68921600f1d1dda00cf88512","tCDIsdPF3Em8dZW3fc0B","MKH Berhad","Workflow - Premium Features","Workflow - Premium Features (inbound_webhook)","-","Aug 5th 2025, 10:35:12 PM",0.01,"288.912820","288.912820","0.000000",0.01,0
"6892160035c574219780acce","tCDIsdPF3Em8dZW3fc0B","MKH Berhad","Workflow - Premium Features","Workflow - Premium Features (inbound_webhook)","-","Aug 5th 2025, 10:32:32 PM",0.01,"288.922820","288.922820","0.000000",0.01,0
"6892150a35c5742e9d7e7d28","VfZvkCL9M13RPHNpCGPi","Alpha Galaxy Group","WhatsApp Marketing Messages","whatsapp_marketing_message ref: wamid.HBgLNjAxNjI4MTcyMDkVAgARGBJBNTI2RjVCRjIyQUY3MTM1MTkA","-","Aug 5th 2025, 10:30:09 PM",0.0903,"288.932820","288.932820","0.000000",0.0903,0
"68920fa7b1f732424829087b","tCDIsdPF3Em8dZW3fc0B","MKH Berhad","WhatsApp Marketing Messages","whatsapp_marketing_message ref: wamid.HBgLNjAxMzQwMjA4NTMVAgARGBI2RDI0MTZCODQzQjdGQzYwNUUA","-","Aug 5th 2025, 10:05:28 PM",0.0903,"289.023120","289.023120","0.000000",0.0903,0
"68920dcc2c0b0b93aec0266e","tCDIsdPF3Em8dZW3fc0B","MKH Berhad","Workflow - Premium Features","Workflow - Premium Features (inbound_webhook)","-","Aug 5th 2025, 09:57:33 PM",0.01,"289.113420","289.113420","0.000000",0.01,0
"68920dcc2c0b0b00c1c0266c","tCDIsdPF3Em8dZW3fc0B","MKH Berhad","Workflow - Premium Features","Workflow - Premium Features (inbound_webhook)","-","Aug 5th 2025, 09:57:33 PM",0.01,"289.123420","289.123420","0.000000",0.01,0
"68920ba2d4b46eaa378b5829","tCDIsdPF3Em8dZW3fc0B","MKH Berhad","Workflow - Premium Features","Workflow - Premium Features (inbound_webhook)","-","Aug 5th 2025, 09:48:19 PM",0.01,"289.133420","289.133420","0.000000",0.01,0
"68920ba152e529302abb04df","tCDIsdPF3Em8dZW3fc0B","MKH Berhad","Workflow - Premium Features","Workflow - Premium Features (inbound_webhook)","-","Aug 5th 2025, 09:48:18 PM",0.01,"289.143420","289.143420","0.000000",0.01,0
"68920b91b1f7324a1f231689","tCDIsdPF3Em8dZW3fc0B","MKH Berhad","Workflow - Premium Features","Workflow - Premium Features (inbound_webhook)","-","Aug 5th 2025, 09:48:01 PM",0.01,"289.153420","289.153420","0.000000",0.01,0
"68920b9020fbf9c8dd63b1b9","tCDIsdPF3Em8dZW3fc0B","MKH Berhad","Workflow - Premium Features","Workflow - Premium Features (inbound_webhook)","-","Aug 5th 2025, 09:48:01 PM",0.01,"289.163420","289.163420","0.000000",0.01,0
"68920b8c80a64f757cfbeae9","tCDIsdPF3Em8dZW3fc0B","MKH Berhad","Workflow - Premium Features","Workflow - Premium Features (inbound_webhook)","-","Aug 5th 2025, 09:47:57 PM",0.01,"289.173420","289.173420","0.000000",0.01,0
"68920b8c2c0b0b2b2bbdb7e5","tCDIsdPF3Em8dZW3fc0B","MKH Berhad","Workflow - Premium Features","Workflow - Premium Features (inbound_webhook)","-","Aug 5th 2025, 09:47:57 PM",0.01,"289.183420","289.183420","0.000000",0.01,0
"68920ac5c2a7f51be02fc800","tCDIsdPF3Em8dZW3fc0B","MKH Berhad","Workflow - Premium Features","Workflow - Premium Features (inbound_webhook)","-","Aug 5th 2025, 09:44:37 PM",0.01,"289.193420","289.193420","0.000000",0.01,0
"68920ac535c5742cc765822d","tCDIsdPF3Em8dZW3fc0B","MKH Berhad","Workflow - Premium Features","Workflow - Premium Features (inbound_webhook)","-","Aug 5th 2025, 09:44:37 PM",0.01,"289.203420","289.203420","0.000000",0.01,0
"68920ab22c0b0b1645bc75ba","tCDIsdPF3Em8dZW3fc0B","MKH Berhad","Workflow - Premium Features","Workflow - Premium Features (inbound_webhook)","-","Aug 5th 2025, 09:44:19 PM",0.01,"289.213420","289.213420","0.000000",0.01,0
"68920ab2b1f73267e621ca6c","tCDIsdPF3Em8dZW3fc0B","MKH Berhad","Workflow - Premium Features","Workflow - Premium Features (inbound_webhook)","-","Aug 5th 2025, 09:44:19 PM",0.01,"289.223420","289.223420","0.000000",0.01,0
"68920ab0e7eb626c02c55c7e","tCDIsdPF3Em8dZW3fc0B","MKH Berhad","Workflow - Premium Features","Workflow - Premium Features (inbound_webhook)","-","Aug 5th 2025, 09:44:16 PM",0.01,"289.233420","289.233420","0.000000",0.01,0
"68920ab0c2a7f53f982fb516","tCDIsdPF3Em8dZW3fc0B","MKH Berhad","Workflow - Premium Features","Workflow - Premium Features (inbound_webhook)","-","Aug 5th 2025, 09:44:16 PM",0.01,"289.243420","289.243420","0.000000",0.01,0
"68920831c2a7f506932cb5a7","tCDIsdPF3Em8dZW3fc0B","MKH Berhad","Workflow - Premium Features","Workflow - Premium Features (inbound_webhook)","-","Aug 5th 2025, 09:33:45 PM",0.01,"289.253420","289.253420","0.000000",0.01,0
"6892083035c574c2026269f8","tCDIsdPF3Em8dZW3fc0B","MKH Berhad","Workflow - Premium Features","Workflow - Premium Features (inbound_webhook)","-","Aug 5th 2025, 09:33:37 PM",0.01,"289.263420","289.263420","0.000000",0.01,0
"6892042b20fbf9d9e6591b7b","tCDIsdPF3Em8dZW3fc0B","MKH Berhad","Workflow - Premium Features","Workflow - Premium Features (inbound_webhook)","-","Aug 5th 2025, 09:19:27 PM",0.01,"289.273420","289.273420","0.000000",0.01,0
"6892042b52e529fae8b0541b","tCDIsdPF3Em8dZW3fc0B","MKH Berhad","Workflow - Premium Features","Workflow - Premium Features (inbound_webhook)","-","Aug 5th 2025, 09:19:27 PM",0.01,"289.283420","289.283420","0.000000",0.01,0
"6892042446d1f25b8e5bfe51","tCDIsdPF3Em8dZW3fc0B","MKH Berhad","Workflow - Premium Features","Workflow - Premium Features (inbound_webhook)","-","Aug 5th 2025, 09:16:22 PM",0.01,"289.293420","289.293420","0.000000",0.01,0
"6892042480a64f2003f15fb5","tCDIsdPF3Em8dZW3fc0B","MKH Berhad","Workflow - Premium Features","Workflow - Premium Features (inbound_webhook)","-","Aug 5th 2025, 09:16:20 PM",0.01,"289.303420","289.303420","0.000000",0.01,0
"6892035a1cac3313d1b115c0","rsdW1sEFWbzzULIapmdQ","Platinum Victory","Workflow - Premium Features","Workflow - Premium Features (inbound_webhook)","-","Aug 5th 2025, 09:15:10 PM",0.01,"289.313420","289.313420","0.000000",0.01,0
"689202d1c6a346596e68c906","tCDIsdPF3Em8dZW3fc0B","MKH Berhad","Workflow - Premium Features","Workflow - Premium Features (inbound_webhook)","-","Aug 5th 2025, 09:12:53 PM",0.01,"289.323420","289.323420","0.000000",0.01,0
"689202d01cac336c3daf0ead","tCDIsdPF3Em8dZW3fc0B","MKH Berhad","Workflow - Premium Features","Workflow - Premium Features (inbound_webhook)","-","Aug 5th 2025, 09:10:41 PM",0.01,"289.333420","289.333420","0.000000",0.01,0
"6892021cf1d1dd147cce002d","tCDIsdPF3Em8dZW3fc0B","MKH Berhad","Workflow - Premium Features","Workflow - Premium Features (inbound_webhook)","-","Aug 5th 2025, 09:08:01 PM",0.01,"289.343420","289.343420","0.000000",0.01,0
"6892021be7eb624889b5e165","tCDIsdPF3Em8dZW3fc0B","MKH Berhad","Workflow - Premium Features","Workflow - Premium Features (inbound_webhook)","-","Aug 5th 2025, 09:07:40 PM",0.01,"289.353420","289.353420","0.000000",0.01,0
"6892014420fbf905e950e37c","tCDIsdPF3Em8dZW3fc0B","MKH Berhad","Workflow - Premium Features","Workflow - Premium Features (inbound_webhook)","-","Aug 5th 2025, 09:05:02 PM",0.01,"289.363420","289.363420","0.000000",0.01,0
"68920144f1d1ddeee8cc0ae0","tCDIsdPF3Em8dZW3fc0B","MKH Berhad","Workflow - Premium Features","Workflow - Premium Features (inbound_webhook)","-","Aug 5th 2025, 09:04:04 PM",0.01,"289.373420","289.373420","0.000000",0.01,0
"689200e5de94522ef2956b01","E0H7r1mN6ry0kv4uGZ6L","Radium Development Berhad","WhatsApp Marketing Messages","whatsapp_marketing_message ref: wamid.HBgLNjAxODI1ODQ1NzIVAgARGBI2RjIxMjM2M0JEQzY4NjdFNDcA","-","Aug 5th 2025, 09:02:30 PM",0.0903,"289.383420","289.383420","0.000000",0.0903,0
"68920075c2a7f50bdc1cca38","tCDIsdPF3Em8dZW3fc0B","MKH Berhad","Workflow - Premium Features","Workflow - Premium Features (inbound_webhook)","-","Aug 5th 2025, 09:00:38 PM",0.01,"289.473720","289.473720","0.000000",0.01,0
"6892007520fbf927de4f4e66","tCDIsdPF3Em8dZW3fc0B","MKH Berhad","Workflow - Premium Features","Workflow - Premium Features (inbound_webhook)","-","Aug 5th 2025, 09:00:38 PM",0.01,"289.483720","289.483720","0.000000",0.01,0
"6892006a52e5293bd5a6a1f6","tCDIsdPF3Em8dZW3fc0B","MKH Berhad","Workflow - Premium Features","Workflow - Premium Features (inbound_webhook)","-","Aug 5th 2025, 09:00:27 PM",0.01,"289.493720","289.493720","0.000000",0.01,0
"6892006a46d1f2b78852b699","tCDIsdPF3Em8dZW3fc0B","MKH Berhad","Workflow - Premium Features","Workflow - Premium Features (inbound_webhook)","-","Aug 5th 2025, 09:00:27 PM",0.01,"289.503720","289.503720","0.000000",0.01,0
"6891ffd6d4b46e89cb762a53","tCDIsdPF3Em8dZW3fc0B","MKH Berhad","WhatsApp Marketing Messages","whatsapp_marketing_message ref: wamid.HBgLNjAxNzIzMjEyNjMVAgARGBIzOURGNThCRUQ1QjhDRTY4Q0EA","-","Aug 5th 2025, 08:57:58 PM",0.0903,"289.513720","289.513720","0.000000",0.0903,0
"6891ffccf1d1dd7b5bc9ee1f","tCDIsdPF3Em8dZW3fc0B","MKH Berhad","WhatsApp Marketing Messages","whatsapp_marketing_message ref: wamid.HBgLNjAxNzIzMjEyNjMVAgARGBI1NkFGNzk1Mjg3NzE1RDhDOEMA","-","Aug 5th 2025, 08:57:49 PM",0.0903,"289.604020","289.604020","0.000000",0.0903,0
"6891ffc0e7eb62a68fb1c22a","tCDIsdPF3Em8dZW3fc0B","MKH Berhad","WhatsApp Marketing Messages","whatsapp_marketing_message ref: wamid.HBgLNjAxMjI2MzIzMDQVAgARGBI2RkUyNjQ5RDcwMzMyNEYzMkUA","-","Aug 5th 2025, 08:57:36 PM",0.0903,"289.694320","289.694320","0.000000",0.0903,0
"6891ffb646d1f2c067523726","tCDIsdPF3Em8dZW3fc0B","MKH Berhad","WhatsApp Marketing Messages","whatsapp_marketing_message ref: wamid.HBgLNjAxMjI2MzIzMDQVAgARGBIyNTA4QjNEQTE0Q0U1NDY2NzAA","-","Aug 5th 2025, 08:57:26 PM",0.0903,"289.784620","289.784620","0.000000",0.0903,0
"6891ffb0d4b46eb09b7614b4","tCDIsdPF3Em8dZW3fc0B","MKH Berhad","WhatsApp Marketing Messages","whatsapp_marketing_message ref: wamid.HBgLNjAxNzI2NzkxOTIVAgARGBI5NEQ1QjEyMjlERDg0RjVDOTUA","-","Aug 5th 2025, 08:57:20 PM",0.0903,"289.874920","289.874920","0.000000",0.0903,0
"6891ffa735c574d2f451acb7","tCDIsdPF3Em8dZW3fc0B","MKH Berhad","WhatsApp Marketing Messages","whatsapp_marketing_message ref: wamid.HBgLNjAxNzI2NzkxOTIVAgARGBI0QUI5RUZDMUZCREZCOEJFMTYA","-","Aug 5th 2025, 08:57:12 PM",0.0903,"289.965220","289.965220","0.000000",0.0903,0
"6891ff9d2c0b0b0a59a892eb","tCDIsdPF3Em8dZW3fc0B","MKH Berhad","WhatsApp Marketing Messages","whatsapp_marketing_message ref: wamid.HBgMNjAxMTEwMjcyNjYwFQIAERgSNkNEMTBCMEFFQzJBQzlENzA2AA==","-","Aug 5th 2025, 08:57:01 PM",0.0903,"290.055520","290.055520","0.000000",0.0903,0
"6891ff9252e5295c74a60d6b","tCDIsdPF3Em8dZW3fc0B","MKH Berhad","WhatsApp Marketing Messages","whatsapp_marketing_message ref: wamid.HBgMNjAxMTEwMjcyNjYwFQIAERgSNzM4RjcwNzQ1QTAzQjIzMUM2AA==","-","Aug 5th 2025, 08:56:50 PM",0.0903,"290.145820","290.145820","0.000000",0.0903,0
"6891ff8c1cac33ad20a829d9","tCDIsdPF3Em8dZW3fc0B","MKH Berhad","WhatsApp Marketing Messages","whatsapp_marketing_message ref: wamid.HBgLNjAxOTI4MTk2OTUVAgARGBI1MUEzQkMxNjcxMEJGNEVFODcA","-","Aug 5th 2025, 08:56:44 PM",0.0903,"290.236120","290.236120","0.000000",0.0903,0
"6891ff82de945215bc93d4bc","tCDIsdPF3Em8dZW3fc0B","MKH Berhad","WhatsApp Marketing Messages","whatsapp_marketing_message ref: wamid.HBgLNjAxOTI4MTk2OTUVAgARGBIwQTJBMzc0Q0ZFMkE2Qjg4REUA","-","Aug 5th 2025, 08:56:34 PM",0.0903,"290.326420","290.326420","0.000000",0.0903,0
"6891ff7546d1f2e9cd520e30","tCDIsdPF3Em8dZW3fc0B","MKH Berhad","WhatsApp Marketing Messages","whatsapp_marketing_message ref: wamid.HBgLNjAxNjIxNTk5NTIVAgARGBIwNDZBNjI2QTE0OEEwNUQ1MjIA","-","Aug 5th 2025, 08:56:21 PM",0.0903,"290.416720","290.416720","0.000000",0.0903,0
"6891ff6bc6a346186f61fe8a","tCDIsdPF3Em8dZW3fc0B","MKH Berhad","WhatsApp Marketing Messages","whatsapp_marketing_message ref: wamid.HBgLNjAxNjIxNTk5NTIVAgARGBI2NjU0QzY2MEUxNDg4MjU3RTgA","-","Aug 5th 2025, 08:56:12 PM",0.0903,"290.507020","290.507020","0.000000",0.0903,0
"6891ff665707555b4b2b18b8","tCDIsdPF3Em8dZW3fc0B","MKH Berhad","WhatsApp Marketing Messages","whatsapp_marketing_message ref: wamid.HBgLNjAxNzk0OTkwOTUVAgARGBJDOUEwNzA3MDU1QTI4QjEzRUIA","-","Aug 5th 2025, 08:56:06 PM",0.0903,"290.597320","290.597320","0.000000",0.0903,0
"6891ff642c0b0b589ba86a89","tCDIsdPF3Em8dZW3fc0B","MKH Berhad","WhatsApp Marketing Messages","whatsapp_marketing_message ref: wamid.HBgLNjAxNzk0OTkwOTUVAgARGBIyNjY0RDhDMDA3NEQyOTBBRjkA","-","Aug 5th 2025, 08:56:04 PM",0.0903,"290.687620","290.687620","0.000000",0.0903,0
"6891ff5735c574b34e5175d1","tCDIsdPF3Em8dZW3fc0B","MKH Berhad","WhatsApp Marketing Messages","whatsapp_marketing_message ref: wamid.HBgLNjAxOTQ0MTc4NTEVAgARGBJCRTI0RjRCNjcwNENCMzdBMzAA","-","Aug 5th 2025, 08:55:51 PM",0.0903,"290.777920","290.777920","0.000000",0.0903,0
"6891ff4c1cac33301ba7fd17","tCDIsdPF3Em8dZW3fc0B","MKH Berhad","WhatsApp Marketing Messages","whatsapp_marketing_message ref: wamid.HBgLNjAxOTQ0MTc4NTEVAgARGBIzRUNDM0QzM0VFOTZCRjBEQ0QA","-","Aug 5th 2025, 08:55:40 PM",0.0903,"290.868220","290.868220","0.000000",0.0903,0
"6891ff3cf1d1dd73c1c99050","tCDIsdPF3Em8dZW3fc0B","MKH Berhad","WhatsApp Marketing Messages","whatsapp_marketing_message ref: wamid.HBgLNjAxMzU3ODUzNTMVAgARGBJDRjE5N0RCNUM2RTkwMURCQkIA","-","Aug 5th 2025, 08:55:24 PM",0.0903,"290.958520","290.958520","0.000000",0.0903,0
"6891ff2bf1d1ddf80fc982fe","tCDIsdPF3Em8dZW3fc0B","MKH Berhad","WhatsApp Marketing Messages","whatsapp_marketing_message ref: wamid.HBgLNjAxMzczMzAzMjUVAgARGBJFN0M1Rjg1OURFRjc2RjU1QjYA","-","Aug 5th 2025, 08:55:07 PM",0.0903,"291.048820","291.048820","0.000000",0.0903,0
"6891ff1f52e529ea26a5be50","tCDIsdPF3Em8dZW3fc0B","MKH Berhad","WhatsApp Marketing Messages","whatsapp_marketing_message ref: wamid.HBgLNjAxMzczMzAzMjUVAgARGBJEODEyN0E5NjU1QkUxQTk5NkEA","-","Aug 5th 2025, 08:54:56 PM",0.0903,"291.139120","291.139120","0.000000",0.0903,0
"6891ff1680a64f8fb9e6c23a","tCDIsdPF3Em8dZW3fc0B","MKH Berhad","WhatsApp Marketing Messages","whatsapp_marketing_message ref: wamid.HBgLNjAxMzQwMjA4NTMVAgARGBJFNTk1NkU4MjZGREFDREZCMkEA","-","Aug 5th 2025, 08:54:47 PM",0.0903,"291.229420","291.229420","0.000000",0.0903,0
"6891ff0d46d1f27d7251c6f8","tCDIsdPF3Em8dZW3fc0B","MKH Berhad","WhatsApp Marketing Messages","whatsapp_marketing_message ref: wamid.HBgLNjAxMzQwMjA4NTMVAgARGBJDMEQ2NTlCMDdBRkI0NTRERDEA","-","Aug 5th 2025, 08:54:37 PM",0.0903,"291.319720","291.319720","0.000000",0.0903,0
"6891fee4c2a7f5e6931ba8de","tCDIsdPF3Em8dZW3fc0B","MKH Berhad","WhatsApp Marketing Messages","whatsapp_marketing_message ref: wamid.HBgLNjAxMjI0OTQzNTMVAgARGBIyMkVGQzNGMDNGODFEQTY1RjIA","-","Aug 5th 2025, 08:53:57 PM",0.0903,"291.410020","291.410020","0.000000",0.0903,0
"6891fedc570755d8b52abab5","tCDIsdPF3Em8dZW3fc0B","MKH Berhad","WhatsApp Marketing Messages","whatsapp_marketing_message ref: wamid.HBgLNjAxMjI0OTQzNTMVAgARGBI0NDNBOEY5NkE2NjlBMEVCMzYA","-","Aug 5th 2025, 08:53:49 PM",0.0903,"291.500320","291.500320","0.000000",0.0903,0
"6891fec120fbf958c54e1514","tCDIsdPF3Em8dZW3fc0B","MKH Berhad","WhatsApp Marketing Messages","whatsapp_marketing_message ref: wamid.HBgLNjAxOTUyMjE5OTQVAgARGBJFNzA3MUYxRDMwNkMyODgxOEYA","-","Aug 5th 2025, 08:53:21 PM",0.0903,"291.590620","291.590620","0.000000",0.0903,0
"6891febcf1d1dd137dc93801","tCDIsdPF3Em8dZW3fc0B","MKH Berhad","WhatsApp Marketing Messages","whatsapp_marketing_message ref: wamid.HBgLNjAxOTUyMjE5OTQVAgARGBI1QTYwODNDRDVBQjZFM0U5ODIA","-","Aug 5th 2025, 08:53:16 PM",0.0903,"291.680920","291.680920","0.000000",0.0903,0
"6891fea046d1f252c4517e79","tCDIsdPF3Em8dZW3fc0B","MKH Berhad","WhatsApp Marketing Messages","whatsapp_marketing_message ref: wamid.HBgLNjAxMzU5NjY4NjgVAgARGBI5QTI3NkI4MEVGNzczREZCM0EA","-","Aug 5th 2025, 08:52:48 PM",0.0903,"291.771220","291.771220","0.000000",0.0903,0
"6891fe9ec2a7f5f4701b793c","tCDIsdPF3Em8dZW3fc0B","MKH Berhad","WhatsApp Marketing Messages","whatsapp_marketing_message ref: wamid.HBgLNjAxMzU5NjY4NjgVAgARGBJDRTNEMTBGMTFDMTY0MTM0OUIA","-","Aug 5th 2025, 08:52:46 PM",0.0903,"291.861520","291.861520","0.000000",0.0903,0
"6891fcb32c0b0bb302a61825","VfZvkCL9M13RPHNpCGPi","Alpha Galaxy Group","WhatsApp Marketing Messages","whatsapp_marketing_message ref: wamid.HBgMNjAxMTY2ODA4ODkwFQIAERgSMTkwMzMwQURBMUY2MEM1RjQ0AA==","-","Aug 5th 2025, 08:44:35 PM",0.0903,"291.951820","291.951820","0.000000",0.0903,0
"6891fbe4f1d1dd17c7c6d4ab","VfZvkCL9M13RPHNpCGPi","Alpha Galaxy Group","WhatsApp Marketing Messages","whatsapp_marketing_message ref: wamid.HBgLNjAxNjY3NDIzMDgVAgARGBIwODdFMUY4RERBMzM2NTZDODIA","-","Aug 5th 2025, 08:41:08 PM",0.0903,"292.042120","292.042120","0.000000",0.0903,0
"6891fb8520fbf991ff4b7c54","tCDIsdPF3Em8dZW3fc0B","MKH Berhad","Workflow - Premium Features","Workflow - Premium Features (inbound_webhook)","-","Aug 5th 2025, 08:39:33 PM",0.01,"292.132420","292.132420","0.000000",0.01,0
"6891fb85b1f732120a0ab788","tCDIsdPF3Em8dZW3fc0B","MKH Berhad","Workflow - Premium Features","Workflow - Premium Features (inbound_webhook)","-","Aug 5th 2025, 08:39:33 PM",0.01,"292.142420","292.142420","0.000000",0.01,0
"6891fb7135c574455a4e76b2","tCDIsdPF3Em8dZW3fc0B","MKH Berhad","Workflow - Premium Features","Workflow - Premium Features (inbound_webhook)","-","Aug 5th 2025, 08:39:13 PM",0.01,"292.152420","292.152420","0.000000",0.01,0
"6891fb711cac334534a4f6a1","tCDIsdPF3Em8dZW3fc0B","MKH Berhad","Workflow - Premium Features","Workflow - Premium Features (inbound_webhook)","-","Aug 5th 2025, 08:39:13 PM",0.01,"292.162420","292.162420","0.000000",0.01,0
"6891fb6ff1d1dd2e7cc691e3","tCDIsdPF3Em8dZW3fc0B","MKH Berhad","Workflow - Premium Features","Workflow - Premium Features (inbound_webhook)","-","Aug 5th 2025, 08:39:11 PM",0.01,"292.172420","292.172420","0.000000",0.01,0
"6891fb6f20fbf9c0344b70a6","tCDIsdPF3Em8dZW3fc0B","MKH Berhad","Workflow - Premium Features","Workflow - Premium Features (inbound_webhook)","-","Aug 5th 2025, 08:39:11 PM",0.01,"292.182420","292.182420","0.000000",0.01,0
"6891fb101cac336f06a4b546","tCDIsdPF3Em8dZW3fc0B","MKH Berhad","Workflow - Premium Features","Workflow - Premium Features (inbound_webhook)","-","Aug 5th 2025, 08:37:36 PM",0.01,"292.192420","292.192420","0.000000",0.01,0
"6891fb0f80a64f61d2e3a3a7","tCDIsdPF3Em8dZW3fc0B","MKH Berhad","Workflow - Premium Features","Workflow - Premium Features (inbound_webhook)","-","Aug 5th 2025, 08:37:36 PM",0.01,"292.202420","292.202420","0.000000",0.01,0
"6891f3f535c5740ec54622b7","tCDIsdPF3Em8dZW3fc0B","MKH Berhad","Workflow - Premium Features","Workflow - Premium Features (inbound_webhook)","-","Aug 5th 2025, 08:08:12 PM",0.01,"292.212420","292.212420","0.000000",0.01,0
"6891f3f488fa3d6b7833fea7","tCDIsdPF3Em8dZW3fc0B","MKH Berhad","Workflow - Premium Features","Workflow - Premium Features (inbound_webhook)","-","Aug 5th 2025, 08:07:17 PM",0.01,"292.222420","292.222420","0.000000",0.01,0
"6891f2fa2c0b0b5c8d99c810","tCDIsdPF3Em8dZW3fc0B","MKH Berhad","Workflow - Premium Features","Workflow - Premium Features (inbound_webhook)","-","Aug 5th 2025, 08:03:11 PM",0.01,"292.232420","292.232420","0.000000",0.01,0
"6891f2f935c57468c942ff26","tCDIsdPF3Em8dZW3fc0B","MKH Berhad","Workflow - Premium Features","Workflow - Premium Features (inbound_webhook)","-","Aug 5th 2025, 08:03:06 PM",0.01,"292.242420","292.242420","0.000000",0.01,0
"6891f1972c0b0bf083975c3f","rsdW1sEFWbzzULIapmdQ","Platinum Victory","Workflow - Premium Features","Workflow - Premium Features (inbound_webhook)","-","Aug 5th 2025, 07:57:11 PM",0.01,"292.252420","292.252420","0.000000",0.01,0
"6891efd2d4b46e348e639b45","tCDIsdPF3Em8dZW3fc0B","MKH Berhad","Workflow - Premium Features","Workflow - Premium Features (inbound_webhook)","-","Aug 5th 2025, 07:49:38 PM",0.01,"292.262420","292.262420","0.000000",0.01,0
"6891efd2de94528e4581a87b","tCDIsdPF3Em8dZW3fc0B","MKH Berhad","Workflow - Premium Features","Workflow - Premium Features (inbound_webhook)","-","Aug 5th 2025, 07:49:38 PM",0.01,"292.272420","292.272420","0.000000",0.01,0
"6891ef17d4b46e115262e7a0","tCDIsdPF3Em8dZW3fc0B","MKH Berhad","Workflow - Premium Features","Workflow - Premium Features (inbound_webhook)","-","Aug 5th 2025, 07:46:31 PM",0.01,"292.282420","292.282420","0.000000",0.01,0
"6891ef1746d1f235aa3f5d41","tCDIsdPF3Em8dZW3fc0B","MKH Berhad","Workflow - Premium Features","Workflow - Premium Features (inbound_webhook)","-","Aug 5th 2025, 07:46:31 PM",0.01,"292.292420","292.292420","0.000000",0.01,0
"6891ef15de9452f97c80f0e5","tCDIsdPF3Em8dZW3fc0B","MKH Berhad","Workflow - Premium Features","Workflow - Premium Features (inbound_webhook)","-","Aug 5th 2025, 07:46:29 PM",0.01,"292.302420","292.302420","0.000000",0.01,0
"6891ef15b1f7326d8dfacf43","tCDIsdPF3Em8dZW3fc0B","MKH Berhad","Workflow - Premium Features","Workflow - Premium Features (inbound_webhook)","-","Aug 5th 2025, 07:46:29 PM",0.01,"292.312420","292.312420","0.000000",0.01,0
"6891eeec46d1f219693f26df","jH41Z47TXtote3u6rh92","OCR Group Berhad","WhatsApp Marketing Messages","whatsapp_marketing_message ref: wamid.HBgMNjAxMTI4Mzg4NjY5FQIAERgSRkVGMzhDQzc3QkE2MUIzNjQ2AA==","-","Aug 5th 2025, 07:45:48 PM",0.0903,"292.322420","292.322420","0.000000",0.0903,0
"6891eda1f1d1dd1ad2b53a8c","tCDIsdPF3Em8dZW3fc0B","MKH Berhad","Workflow - Premium Features","Workflow - Premium Features (inbound_webhook)","-","Aug 5th 2025, 07:40:18 PM",0.01,"292.412720","292.412720","0.000000",0.01,0
"6891eda135c574e44f3d2da7","tCDIsdPF3Em8dZW3fc0B","MKH Berhad","Workflow - Premium Features","Workflow - Premium Features (inbound_webhook)","-","Aug 5th 2025, 07:40:17 PM",0.01,"292.422720","292.422720","0.000000",0.01,0
"6891ed9e52e529131791a371","tCDIsdPF3Em8dZW3fc0B","MKH Berhad","Workflow - Premium Features","Workflow - Premium Features (inbound_webhook)","-","Aug 5th 2025, 07:40:15 PM",0.01,"292.432720","292.432720","0.000000",0.01,0
"6891ed9e35c574b8e63d2bdd","tCDIsdPF3Em8dZW3fc0B","MKH Berhad","Workflow - Premium Features","Workflow - Premium Features (inbound_webhook)","-","Aug 5th 2025, 07:40:15 PM",0.01,"292.442720","292.442720","0.000000",0.01,0
"6891ed4f52e52995ac915a4a","tCDIsdPF3Em8dZW3fc0B","MKH Berhad","Workflow - Premium Features","Workflow - Premium Features (inbound_webhook)","-","Aug 5th 2025, 07:38:55 PM",0.01,"292.452720","292.452720","0.000000",0.01,0
"6891ed4fb1f7328185f91210","tCDIsdPF3Em8dZW3fc0B","MKH Berhad","Workflow - Premium Features","Workflow - Premium Features (inbound_webhook)","-","Aug 5th 2025, 07:38:55 PM",0.01,"292.462720","292.462720","0.000000",0.01,0
"6891ed4bc2a7f5257b0757d8","tCDIsdPF3Em8dZW3fc0B","MKH Berhad","Workflow - Premium Features","Workflow - Premium Features (inbound_webhook)","-","Aug 5th 2025, 07:38:51 PM",0.01,"292.472720","292.472720","0.000000",0.01,0
"6891ed4ade94525b637f3118","tCDIsdPF3Em8dZW3fc0B","MKH Berhad","Workflow - Premium Features","Workflow - Premium Features (inbound_webhook)","-","Aug 5th 2025, 07:38:51 PM",0.01,"292.482720","292.482720","0.000000",0.01,0
"6891ec3f35c5743ef93be31d","jH41Z47TXtote3u6rh92","OCR Group Berhad","Workflow - Premium Features","Workflow - Premium Features (inbound_webhook)","-","Aug 5th 2025, 07:34:23 PM",0.01,"292.492720","292.492720","0.000000",0.01,0
"6891e7b046d1f2570336e88e","tCDIsdPF3Em8dZW3fc0B","MKH Berhad","Workflow - Premium Features","Workflow - Premium Features (inbound_webhook)","-","Aug 5th 2025, 07:14:56 PM",0.01,"292.502720","292.502720","0.000000",0.01,0
"6891e7b035c574229a362ed7","tCDIsdPF3Em8dZW3fc0B","MKH Berhad","Workflow - Premium Features","Workflow - Premium Features (inbound_webhook)","-","Aug 5th 2025, 07:14:56 PM",0.01,"292.512720","292.512720","0.000000",0.01,0
"6891e7abd4b46e008d5a7005","tCDIsdPF3Em8dZW3fc0B","MKH Berhad","Workflow - Premium Features","Workflow - Premium Features (inbound_webhook)","-","Aug 5th 2025, 07:14:52 PM",0.01,"292.522720","292.522720","0.000000",0.01,0
"6891e7abde945211f2787b4e","tCDIsdPF3Em8dZW3fc0B","MKH Berhad","Workflow - Premium Features","Workflow - Premium Features (inbound_webhook)","-","Aug 5th 2025, 07:14:51 PM",0.01,"292.532720","292.532720","0.000000",0.01,0
"6891e5f9f1d1dde64cac6950","yislM4BFwd5JtlwXtKZM","JM Motor Venture (authorized Honda 3S dealer)","WhatsApp Marketing Messages","whatsapp_marketing_message ref: wamid.HBgLNjAxMjIzMDcyOTkVAgARGBIxMDRBNjYwRTI3MzlFRjVFOTYA","-","Aug 5th 2025, 07:07:38 PM",0.0903,"292.542720","292.542720","0.000000",0.0903,0
"6891e586f1d1dd056aab4c05","UH6LDXjqUpp906LIRgXJ","Honda Butterworth - Formula Venture Sdn Bhd","WhatsApp Marketing Messages","whatsapp_marketing_message ref: wamid.HBgMNjAxMTMyMTc2MDQwFQIAERgSN0NGN0EzOUQ1RTZDMDU0MDAzAA==","-","Aug 5th 2025, 07:05:43 PM",0.0903,"292.633020","292.633020","0.000000",0.0903,0
"6891e4f852e5295eb386425a","yislM4BFwd5JtlwXtKZM","JM Motor Venture (authorized Honda 3S dealer)","WhatsApp Marketing Messages","whatsapp_marketing_message ref: wamid.HBgLNjAxOTQ5NzQ5MjQVAgARGBJFRTNGNkIxOUNCNUVDRTI0OTEA","-","Aug 5th 2025, 07:03:21 PM",0.0903,"292.723320","292.723320","0.000000",0.0903,0
"6891e4f446d1f269e4327c5b","yislM4BFwd5JtlwXtKZM","JM Motor Venture (authorized Honda 3S dealer)","WhatsApp Marketing Messages","whatsapp_marketing_message ref: wamid.HBgLNjAxMjQ5NTYwMjYVAgARGBI4MEUyOEQxNTRGRjIwRTBDRkQA","-","Aug 5th 2025, 07:03:17 PM",0.0903,"292.813620","292.813620","0.000000",0.0903,0
"6891e4f3b1f7323184edf512","yislM4BFwd5JtlwXtKZM","JM Motor Venture (authorized Honda 3S dealer)","WhatsApp Marketing Messages","whatsapp_marketing_message ref: wamid.HBgLNjAxMjQ3NTE1MDkVAgARGBJCM0UwNUI5RjYxN0U1NjNBRjUA","-","Aug 5th 2025, 07:03:16 PM",0.0903,"292.903920","292.903920","0.000000",0.0903,0
"6891e4ecd4b46e08f155fcaa","UH6LDXjqUpp906LIRgXJ","Honda Butterworth - Formula Venture Sdn Bhd","WhatsApp Marketing Messages","whatsapp_marketing_message ref: wamid.HBgLNjAxMjQ5NDY1NjYVAgARGBJDN0I5NjQzOUFCQkRBNDBDNEMA","-","Aug 5th 2025, 07:03:09 PM",0.0903,"292.994220","292.994220","0.000000",0.0903,0
"6891e4ebd4b46e1bae55f982","UH6LDXjqUpp906LIRgXJ","Honda Butterworth - Formula Venture Sdn Bhd","WhatsApp Marketing Messages","whatsapp_marketing_message ref: wamid.HBgLNjAxMjUyOTY5NjkVAgARGBJDQzVGNEJBQkQ0OTE1NUZCMTMA","-","Aug 5th 2025, 07:03:07 PM",0.0903,"293.084520","293.084520","0.000000",0.0903,0
"6891e4e6de9452897673f038","yislM4BFwd5JtlwXtKZM","JM Motor Venture (authorized Honda 3S dealer)","WhatsApp Marketing Messages","whatsapp_marketing_message ref: wamid.HBgLNjAxOTIzMDA2MjYVAgARGBJFOTNDNTIxMTU0Q0MyOEU0QzcA","-","Aug 5th 2025, 07:03:03 PM",0.0903,"293.174820","293.174820","0.000000",0.0903,0
"6891e1fc46d1f232a12f9ee9","VfZvkCL9M13RPHNpCGPi","Alpha Galaxy Group","Workflow - Premium Features","Workflow - Premium Features (inbound_webhook)","-","Aug 5th 2025, 06:50:36 PM",0.01,"293.265120","293.265120","0.000000",0.01,0
"6891e0e7d4b46e0b535287bd","tCDIsdPF3Em8dZW3fc0B","MKH Berhad","Workflow - Premium Features","Workflow - Premium Features (inbound_webhook)","-","Aug 5th 2025, 06:45:59 PM",0.01,"293.275120","293.275120","0.000000",0.01,0
"6891e0e6de94525ac670868a","tCDIsdPF3Em8dZW3fc0B","MKH Berhad","Workflow - Premium Features","Workflow - Premium Features (inbound_webhook)","-","Aug 5th 2025, 06:45:59 PM",0.01,"293.285120","293.285120","0.000000",0.01,0
"6891df1ade945215766f2e4e","tCDIsdPF3Em8dZW3fc0B","MKH Berhad","Workflow - Premium Features","Workflow - Premium Features (inbound_webhook)","-","Aug 5th 2025, 06:38:18 PM",0.01,"293.295120","293.295120","0.000000",0.01,0
"6891df19d4b46ea30d512d97","tCDIsdPF3Em8dZW3fc0B","MKH Berhad","Workflow - Premium Features","Workflow - Premium Features (inbound_webhook)","-","Aug 5th 2025, 06:38:18 PM",0.01,"293.305120","293.305120","0.000000",0.01,0
"6891df1752e529e54981414d","tCDIsdPF3Em8dZW3fc0B","MKH Berhad","Workflow - Premium Features","Workflow - Premium Features (inbound_webhook)","-","Aug 5th 2025, 06:38:15 PM",0.01,"293.315120","293.315120","0.000000",0.01,0
"6891df1746d1f274952d8551","tCDIsdPF3Em8dZW3fc0B","MKH Berhad","Workflow - Premium Features","Workflow - Premium Features (inbound_webhook)","-","Aug 5th 2025, 06:38:15 PM",0.01,"293.325120","293.325120","0.000000",0.01,0
"6891daea35c5743d7b292ba4","tCDIsdPF3Em8dZW3fc0B","MKH Berhad","Workflow - Premium Features","Workflow - Premium Features (inbound_webhook)","-","Aug 5th 2025, 06:20:26 PM",0.01,"293.335120","293.335120","0.000000",0.01,0
"6891daead4b46e00e24d80ec","tCDIsdPF3Em8dZW3fc0B","MKH Berhad","Workflow - Premium Features","Workflow - Premium Features (inbound_webhook)","-","Aug 5th 2025, 06:20:26 PM",0.01,"293.345120","293.345120","0.000000",0.01,0
"6891dae646d1f2cd6829cdfb","tCDIsdPF3Em8dZW3fc0B","MKH Berhad","Workflow - Premium Features","Workflow - Premium Features (inbound_webhook)","-","Aug 5th 2025, 06:20:23 PM",0.01,"293.355120","293.355120","0.000000",0.01,0
"6891dae6d4b46e7cb34d7b79","tCDIsdPF3Em8dZW3fc0B","MKH Berhad","Workflow - Premium Features","Workflow - Premium Features (inbound_webhook)","-","Aug 5th 2025, 06:20:22 PM",0.01,"293.365120","293.365120","0.000000",0.01,0
"6891da3ec2a7f56d60f311ae","tCDIsdPF3Em8dZW3fc0B","MKH Berhad","Workflow - Premium Features","Workflow - Premium Features (inbound_webhook)","-","Aug 5th 2025, 06:17:35 PM",0.01,"293.375120","293.375120","0.000000",0.01,0
"6891da3e35c574c4972893a1","tCDIsdPF3Em8dZW3fc0B","MKH Berhad","Workflow - Premium Features","Workflow - Premium Features (inbound_webhook)","-","Aug 5th 2025, 06:17:34 PM",0.01,"293.385120","293.385120","0.000000",0.01,0
"6891da3746d1f203af293186","tCDIsdPF3Em8dZW3fc0B","MKH Berhad","Workflow - Premium Features","Workflow - Premium Features (inbound_webhook)","-","Aug 5th 2025, 06:17:28 PM",0.01,"293.395120","293.395120","0.000000",0.01,0
"6891da3746d1f23915293184","tCDIsdPF3Em8dZW3fc0B","MKH Berhad","Workflow - Premium Features","Workflow - Premium Features (inbound_webhook)","-","Aug 5th 2025, 06:17:28 PM",0.01,"293.405120","293.405120","0.000000",0.01,0
"6891d6f3de9452794367dfa3","tCDIsdPF3Em8dZW3fc0B","MKH Berhad","Workflow - Premium Features","Workflow - Premium Features (inbound_webhook)","-","Aug 5th 2025, 06:03:31 PM",0.01,"293.415120","293.415120","0.000000",0.01,0
"6891d6f3b1f732953be1d29d","tCDIsdPF3Em8dZW3fc0B","MKH Berhad","Workflow - Premium Features","Workflow - Premium Features (inbound_webhook)","-","Aug 5th 2025, 06:03:31 PM",0.01,"293.425120","293.425120","0.000000",0.01,0
"6891d6efb1f732c723e1c879","tCDIsdPF3Em8dZW3fc0B","MKH Berhad","Workflow - Premium Features","Workflow - Premium Features (inbound_webhook)","-","Aug 5th 2025, 06:03:27 PM",0.01,"293.435120","293.435120","0.000000",0.01,0
"6891d6ef2c0b0b85127c3155","tCDIsdPF3Em8dZW3fc0B","MKH Berhad","Workflow - Premium Features","Workflow - Premium Features (inbound_webhook)","-","Aug 5th 2025, 06:03:27 PM",0.01,"293.445120","293.445120","0.000000",0.01,0
"6891d41935c57469d822cb86","tCDIsdPF3Em8dZW3fc0B","MKH Berhad","Workflow - Premium Features","Workflow - Premium Features (inbound_webhook)","-","Aug 5th 2025, 05:51:21 PM",0.01,"293.455120","293.455120","0.000000",0.01,0
"6891d419d4b46e1fcf4719f4","tCDIsdPF3Em8dZW3fc0B","MKH Berhad","Workflow - Premium Features","Workflow - Premium Features (inbound_webhook)","-","Aug 5th 2025, 05:51:21 PM",0.01,"293.465120","293.465120","0.000000",0.01,0
"6891d411b1f73208afdf0ac6","tCDIsdPF3Em8dZW3fc0B","MKH Berhad","Workflow - Premium Features","Workflow - Premium Features (inbound_webhook)","-","Aug 5th 2025, 05:51:13 PM",0.01,"293.475120","293.475120","0.000000",0.01,0
"6891d4102c0b0b3e897978b9","tCDIsdPF3Em8dZW3fc0B","MKH Berhad","Workflow - Premium Features","Workflow - Premium Features (inbound_webhook)","-","Aug 5th 2025, 05:51:12 PM",0.01,"293.485120","293.485120","0.000000",0.01,0
"6891d288d4b46e056045c852","tCDIsdPF3Em8dZW3fc0B","MKH Berhad","Workflow - Premium Features","Workflow - Premium Features (inbound_webhook)","-","Aug 5th 2025, 05:44:40 PM",0.01,"293.495120","293.495120","0.000000",0.01,0
"6891d288d4b46e4c4745c846","tCDIsdPF3Em8dZW3fc0B","MKH Berhad","Workflow - Premium Features","Workflow - Premium Features (inbound_webhook)","-","Aug 5th 2025, 05:44:40 PM",0.01,"293.505120","293.505120","0.000000",0.01,0
"6891d283b1f7321dc6ddc00b","tCDIsdPF3Em8dZW3fc0B","MKH Berhad","Workflow - Premium Features","Workflow - Premium Features (inbound_webhook)","-","Aug 5th 2025, 05:44:35 PM",0.01,"293.515120","293.515120","0.000000",0.01,0
"6891d283f1d1ddac9e9992c5","tCDIsdPF3Em8dZW3fc0B","MKH Berhad","Workflow - Premium Features","Workflow - Premium Features (inbound_webhook)","-","Aug 5th 2025, 05:44:35 PM",0.01,"293.525120","293.525120","0.000000",0.01,0
"6891cf3152e52921047413cb","E0H7r1mN6ry0kv4uGZ6L","Radium Development Berhad","WhatsApp Marketing Messages","whatsapp_marketing_message ref: wamid.HBgLNjAxNzU0NjU2NDQVAgARGBIyNkExMTJCMDE5MkNDMDVDQkMA","-","Aug 5th 2025, 05:30:26 PM",0.0903,"293.535120","293.535120","0.000000",0.0903,0
"6891cf222c0b0b322176388b","E0H7r1mN6ry0kv4uGZ6L","Radium Development Berhad","WhatsApp Marketing Messages","whatsapp_marketing_message ref: wamid.HBgLNjAxNzU0NjU2NDQVAgARGBI3RjkzN0E5OEZBNEM3Qjg3M0YA","-","Aug 5th 2025, 05:30:11 PM",0.0903,"293.625420","293.625420","0.000000",0.0903,0
"6891cea4f1d1ddb2bc977759","E0H7r1mN6ry0kv4uGZ6L","Radium Development Berhad","WhatsApp Marketing Messages","whatsapp_marketing_message ref: wamid.HBgLNjAxNjc1MzgzMzcVAgARGBIyMkExOTlDOTM5OUJFODZEQTMA","-","Aug 5th 2025, 05:28:05 PM",0.0903,"293.715720","293.715720","0.000000",0.0903,0
"6891cea0d4b46e2bd443a043","E0H7r1mN6ry0kv4uGZ6L","Radium Development Berhad","WhatsApp Marketing Messages","whatsapp_marketing_message ref: wamid.HBgLNjAxNjc1MzgzMzcVAgARGBJEQUIxMDZENEUyQjRGNzkxRjAA","-","Aug 5th 2025, 05:28:01 PM",0.0903,"293.806020","293.806020","0.000000",0.0903,0
"6891ce32de94521a1d6186aa","E0H7r1mN6ry0kv4uGZ6L","Radium Development Berhad","WhatsApp Marketing Messages","whatsapp_marketing_message ref: wamid.HBgLNjAxODMxMjQxMjEVAgARGBIzODA5MkQyQjY3RTUwRTA0OTUA","-","Aug 5th 2025, 05:26:10 PM",0.0903,"293.896320","293.896320","0.000000",0.0903,0
"6891ce2ff1d1dd3160974e3a","E0H7r1mN6ry0kv4uGZ6L","Radium Development Berhad","WhatsApp Marketing Messages","whatsapp_marketing_message ref: wamid.HBgLNjAxODMxMjQxMjEVAgARGBJGMEVGRUMzMDU0MkRFRDg4RjAA","-","Aug 5th 2025, 05:26:07 PM",0.0903,"293.986620","293.986620","0.000000",0.0903,0
"6891cd54b1f7325d79db2468","E0H7r1mN6ry0kv4uGZ6L","Radium Development Berhad","WhatsApp Marketing Messages","whatsapp_marketing_message ref: wamid.HBgLNjAxOTI2NzUxNTMVAgARGBIwQzgxQzM4QzZBQkNFNTRCRTMA","-","Aug 5th 2025, 05:22:29 PM",0.0903,"294.076920","294.076920","0.000000",0.0903,0
"6891cd5152e5293cab735082","E0H7r1mN6ry0kv4uGZ6L","Radium Development Berhad","WhatsApp Marketing Messages","whatsapp_marketing_message ref: wamid.HBgLNjAxOTI2NzUxNTMVAgARGBJEQUJGRjM4NTlFQUM0OEI2N0QA","-","Aug 5th 2025, 05:22:25 PM",0.0903,"294.167220","294.167220","0.000000",0.0903,0
"6891ccf846d1f222de1f4b29","E0H7r1mN6ry0kv4uGZ6L","Radium Development Berhad","WhatsApp Marketing Messages","whatsapp_marketing_message ref: wamid.HBgLNjAxMjc2ODExODgVAgARGBI4RTlEQjlGNDQyQkFBNDc3MEMA","-","Aug 5th 2025, 05:20:56 PM",0.0903,"294.257520","294.257520","0.000000",0.0903,0
"6891ccf3f1d1dd1adf96c7e1","E0H7r1mN6ry0kv4uGZ6L","Radium Development Berhad","WhatsApp Marketing Messages","whatsapp_marketing_message ref: wamid.HBgLNjAxMjc2ODExODgVAgARGBJGQUZEN0RDRjVERERDNkRBQTYA","-","Aug 5th 2025, 05:20:51 PM",0.0903,"294.347820","294.347820","0.000000",0.0903,0
"6891cbae52e529713472631a","tCDIsdPF3Em8dZW3fc0B","MKH Berhad","Workflow - Premium Features","Workflow - Premium Features (inbound_webhook)","-","Aug 5th 2025, 05:15:26 PM",0.01,"294.438120","294.438120","0.000000",0.01,0
"6891cbae2c0b0bcb827496f6","tCDIsdPF3Em8dZW3fc0B","MKH Berhad","Workflow - Premium Features","Workflow - Premium Features (inbound_webhook)","-","Aug 5th 2025, 05:15:26 PM",0.01,"294.448120","294.448120","0.000000",0.01,0
"6891cbab35c57405b01dea83","E0H7r1mN6ry0kv4uGZ6L","Radium Development Berhad","WhatsApp Marketing Messages","whatsapp_marketing_message ref: wamid.HBgLNjAxOTQxNDQ4NzUVAgARGBI5OTAxMzNCQUFGQjFBRDY3MDEA","-","Aug 5th 2025, 05:15:24 PM",0.0903,"294.458120","294.458120","0.000000",0.0903,0
"6891cba9f1d1ddedfd95fef8","tCDIsdPF3Em8dZW3fc0B","MKH Berhad","Workflow - Premium Features","Workflow - Premium Features (inbound_webhook)","-","Aug 5th 2025, 05:15:22 PM",0.01,"294.548420","294.548420","0.000000",0.01,0
"6891cba952e5293a0f725c1f","tCDIsdPF3Em8dZW3fc0B","MKH Berhad","Workflow - Premium Features","Workflow - Premium Features (inbound_webhook)","-","Aug 5th 2025, 05:15:21 PM",0.01,"294.558420","294.558420","0.000000",0.01,0
"6891cba846d1f23e9e1e8021","E0H7r1mN6ry0kv4uGZ6L","Radium Development Berhad","WhatsApp Marketing Messages","whatsapp_marketing_message ref: wamid.HBgLNjAxOTQxNDQ4NzUVAgARGBI4MDdENTczN0IyNzkyQTFGOTQA","-","Aug 5th 2025, 05:15:21 PM",0.0903,"294.568420","294.568420","0.000000",0.0903,0
"6891cb2735c5743d841d92cf","E0H7r1mN6ry0kv4uGZ6L","Radium Development Berhad","WhatsApp Marketing Messages","whatsapp_marketing_message ref: wamid.HBgLNjAxNzIxMDgwNjEVAgARGBJGNUVENUZDMjU5QkMyM0IzM0EA","-","Aug 5th 2025, 05:13:12 PM",0.0903,"294.658720","294.658720","0.000000",0.0903,0
"6891cb2020fbf911581a7fd6","E0H7r1mN6ry0kv4uGZ6L","Radium Development Berhad","WhatsApp Marketing Messages","whatsapp_marketing_message ref: wamid.HBgLNjAxNzIxMDgwNjEVAgARGBI4OEQyMjRGREI0REM2MDQ2QzcA","-","Aug 5th 2025, 05:13:05 PM",0.0903,"294.749020","294.749020","0.000000",0.0903,0
"6891ca66d4b46e79cf418232","tCDIsdPF3Em8dZW3fc0B","MKH Berhad","Workflow - Premium Features","Workflow - Premium Features (inbound_webhook)","-","Aug 5th 2025, 05:09:58 PM",0.01,"294.839320","294.839320","0.000000",0.01,0
"6891ca66b1f732736bd985a1","tCDIsdPF3Em8dZW3fc0B","MKH Berhad","Workflow - Premium Features","Workflow - Premium Features (inbound_webhook)","-","Aug 5th 2025, 05:09:58 PM",0.01,"294.849320","294.849320","0.000000",0.01,0
"6891ca61b1f7327f91d982f6","tCDIsdPF3Em8dZW3fc0B","MKH Berhad","Workflow - Premium Features","Workflow - Premium Features (inbound_webhook)","-","Aug 5th 2025, 05:09:53 PM",0.01,"294.859320","294.859320","0.000000",0.01,0
"6891ca61f1d1dd473795537e","tCDIsdPF3Em8dZW3fc0B","MKH Berhad","Workflow - Premium Features","Workflow - Premium Features (inbound_webhook)","-","Aug 5th 2025, 05:09:53 PM",0.01,"294.869320","294.869320","0.000000",0.01,0
"6891c9b2f1d1dd3ac494de69","E0H7r1mN6ry0kv4uGZ6L","Radium Development Berhad","WhatsApp Marketing Messages","whatsapp_marketing_message ref: wamid.HBgLNjAxMjY2MTMyOTAVAgARGBIxMUFEMEVGODAwN0E1NEU2QUEA","-","Aug 5th 2025, 05:06:59 PM",0.0903,"294.879320","294.879320","0.000000",0.0903,0
"6891c9abde945262365f0e7c","E0H7r1mN6ry0kv4uGZ6L","Radium Development Berhad","WhatsApp Marketing Messages","whatsapp_marketing_message ref: wamid.HBgLNjAxMjY2MTMyOTAVAgARGBI4MzVDNkFEMzE1OEU5Q0Y4QTkA","-","Aug 5th 2025, 05:06:51 PM",0.0903,"294.969620","294.969620","0.000000",0.0903,0
"6891c93df1d1ddf6aa940c80","tCDIsdPF3Em8dZW3fc0B","MKH Berhad","Workflow - Premium Features","Workflow - Premium Features (inbound_webhook)","-","Aug 5th 2025, 05:05:01 PM",0.01,"295.059920","295.059920","0.000000",0.01,0
"6891c93dc2a7f5ecede67026","tCDIsdPF3Em8dZW3fc0B","MKH Berhad","Workflow - Premium Features","Workflow - Premium Features (inbound_webhook)","-","Aug 5th 2025, 05:05:01 PM",0.01,"295.069920","295.069920","0.000000",0.01,0
"6891c93652e529a075705d38","tCDIsdPF3Em8dZW3fc0B","MKH Berhad","Workflow - Premium Features","Workflow - Premium Features (inbound_webhook)","-","Aug 5th 2025, 05:04:54 PM",0.01,"295.079920","295.079920","0.000000",0.01,0
"6891c936f1d1dd2faa940143","tCDIsdPF3Em8dZW3fc0B","MKH Berhad","Workflow - Premium Features","Workflow - Premium Features (inbound_webhook)","-","Aug 5th 2025, 05:04:54 PM",0.01,"295.089920","295.089920","0.000000",0.01,0
"6891c8fade945230b55dd4c7","jhK98wkjheNkRJlKPQPt","Lim Seong Hai Capital Berhad","WhatsApp Marketing Messages","whatsapp_marketing_message ref: wamid.HBgLNjAxMjI1NDQyNjAVAgARGBJFRjg5OEY4NEU1QUVDQTZCQzIA","-","Aug 5th 2025, 05:03:54 PM",0.0903,"295.099920","295.099920","0.000000",0.0903,0
"6891c7fdf1d1dd63e191eb26","rsdW1sEFWbzzULIapmdQ","Platinum Victory","WhatsApp Marketing Messages","whatsapp_marketing_message ref: wamid.HBgLNjAxNzYxNDgwNjcVAgARGBIwRDFDOEQ1OTlGRTMyQ0QzRDUA","-","Aug 5th 2025, 04:59:41 PM",0.0903,"295.190220","295.190220","0.000000",0.0903,0
"6891c7dd52e5296d796e39e1","rsdW1sEFWbzzULIapmdQ","Platinum Victory","WhatsApp Marketing Messages","whatsapp_marketing_message ref: wamid.HBgMOTcxNTUzOTUyNDIyFQIAERgSMTY0MTkyRDM5N0ZFQTAzOEJFAA==","-","Aug 5th 2025, 04:59:10 PM",0.04032,"295.280520","295.280520","0.000000",0.04032,0
"6891c6dc20fbf9bafc164955","E0H7r1mN6ry0kv4uGZ6L","Radium Development Berhad","WhatsApp Marketing Messages","whatsapp_marketing_message ref: wamid.HBgLNjAxNjYzNjEzODMVAgARGBIyMjQxNjFEM0EzNDM0Rjg2M0YA","-","Aug 5th 2025, 04:54:53 PM",0.0903,"295.320840","295.320840","0.000000",0.0903,0
"6891c6d646d1f294bb19e90e","E0H7r1mN6ry0kv4uGZ6L","Radium Development Berhad","WhatsApp Marketing Messages","whatsapp_marketing_message ref: wamid.HBgLNjAxNjYzNjEzODMVAgARGBIyRTg1QkYwMkFFRjU2OEY2RTYA","-","Aug 5th 2025, 04:54:47 PM",0.0903,"295.411140","295.411140","0.000000",0.0903,0
"6891c646de9452f2bf5b6b16","E0H7r1mN6ry0kv4uGZ6L","Radium Development Berhad","WhatsApp Marketing Messages","whatsapp_marketing_message ref: wamid.HBgLNjAxNjY2ODQ1NTMVAgARGBI0OTdDOTRFRkNGRjQ5MDc3RkQA","-","Aug 5th 2025, 04:52:22 PM",0.0903,"295.501440","295.501440","0.000000",0.0903,0
"6891c63f2c0b0b44b66fb756","E0H7r1mN6ry0kv4uGZ6L","Radium Development Berhad","WhatsApp Marketing Messages","whatsapp_marketing_message ref: wamid.HBgLNjAxNjY2ODQ1NTMVAgARGBIwMzFEQUY4QTcyODYyMjFDMTEA","-","Aug 5th 2025, 04:52:15 PM",0.0903,"295.591740","295.591740","0.000000",0.0903,0
"6891c515c2a7f5d468e3156a","jH41Z47TXtote3u6rh92","OCR Group Berhad","Workflow - Premium Features","Workflow - Premium Features (inbound_webhook)","-","Aug 5th 2025, 04:47:18 PM",0.01,"295.682040","295.682040","0.000000",0.01,0
"6891c4af35c574a665186d96","rsdW1sEFWbzzULIapmdQ","Platinum Victory","WhatsApp Marketing Messages","whatsapp_marketing_message ref: wamid.HBgLNjAxOTU3NTYyOTYVAgARGBIyMjJDQ0FCRkFEQ0NDQzYxODQA","-","Aug 5th 2025, 04:45:35 PM",0.0903,"295.692040","295.692040","0.000000",0.0903,0
"6891c498d4b46ec70e3ca843","rsdW1sEFWbzzULIapmdQ","Platinum Victory","WhatsApp Marketing Messages","whatsapp_marketing_message ref: wamid.HBgLNjAxOTU3NTYyOTYVAgARGBI3NkFDNDk4QjNCMzhDQjRENkYA","-","Aug 5th 2025, 04:45:13 PM",0.0903,"295.782340","295.782340","0.000000",0.0903,0
"6891c37dde94525c325a0882","rsdW1sEFWbzzULIapmdQ","Platinum Victory","Email Notifications","EmailNotification ref: 6891c37c28fa05154eef8034","-","Aug 5th 2025, 04:40:30 PM",0.000675,"295.872640","295.872640","0.000000",0.000675,0
"6891c3752c0b0b213c6e51a5","rsdW1sEFWbzzULIapmdQ","Platinum Victory","Workflow - Premium Features","Workflow - Premium Features (inbound_webhook)","-","Aug 5th 2025, 04:40:21 PM",0.01,"295.873315","295.873315","0.000000",0.01,0
"6891bff0f1d1dd6a908db6c2","rsdW1sEFWbzzULIapmdQ","Platinum Victory","WhatsApp Marketing Messages","whatsapp_marketing_message ref: wamid.HBgLNjAxNjk2MzU3ODEVAgARGBJDNjJBMzVFNDM5REY0NEY2MDcA","-","Aug 5th 2025, 04:25:20 PM",0.0903,"295.883315","295.883315","0.000000",0.0903,0
"6891bf3c46d1f2d7d015eaed","E0H7r1mN6ry0kv4uGZ6L","Radium Development Berhad","WhatsApp Marketing Messages","whatsapp_marketing_message ref: wamid.HBgLNjAxMjczNzk0MzAVAgARGBI3OUUxMDA2MDhEMDk1MTQ3MDUA","-","Aug 5th 2025, 04:22:20 PM",0.0903,"295.973615","295.973615","0.000000",0.0903,0
"6891bf3246d1f2072215e658","E0H7r1mN6ry0kv4uGZ6L","Radium Development Berhad","WhatsApp Marketing Messages","whatsapp_marketing_message ref: wamid.HBgLNjAxMjczNzk0MzAVAgARGBJBMkU2MkE4NEY4MUJDNjgwRUMA","-","Aug 5th 2025, 04:22:10 PM",0.0903,"296.063915","296.063915","0.000000",0.0903,0
"6891ba7eb1f732d66dcd2b66","tCDIsdPF3Em8dZW3fc0B","MKH Berhad","Workflow - Premium Features","Workflow - Premium Features (inbound_webhook)","-","Aug 5th 2025, 04:02:07 PM",0.01,"296.154215","296.154215","0.000000",0.01,0
"6891ba7eb1f7327ad1cd2b68","tCDIsdPF3Em8dZW3fc0B","MKH Berhad","Workflow - Premium Features","Workflow - Premium Features (inbound_webhook)","-","Aug 5th 2025, 04:02:07 PM",0.01,"296.164215","296.164215","0.000000",0.01,0
"6891b8bac2a7f51096d9ce97","tCDIsdPF3Em8dZW3fc0B","MKH Berhad","Workflow - Premium Features","Workflow - Premium Features (inbound_webhook)","-","Aug 5th 2025, 03:54:34 PM",0.01,"296.174215","296.174215","0.000000",0.01,0
"6891b8ba20fbf982bc0c398a","tCDIsdPF3Em8dZW3fc0B","MKH Berhad","Workflow - Premium Features","Workflow - Premium Features (inbound_webhook)","-","Aug 5th 2025, 03:54:34 PM",0.01,"296.184215","296.184215","0.000000",0.01,0
"6891b72d52e52999656309c9","e9bA8duUxZTuI4HbWSaY","GL Play","Emails","Email ref: hCLw1HEjgtxUL6rkJSHn","-","Aug 5th 2025, 03:47:58 PM",0.000675,"296.194215","296.194215","0.000000",0.000675,0
"6891b72a20fbf9d8b90b7543","e9bA8duUxZTuI4HbWSaY","GL Play","Workflow - Premium Features","Workflow - Premium Features (google_sheets)","-","Aug 5th 2025, 03:47:54 PM",0,"296.194890","296.194890","0.000000",0,0
"6891b72852e5298606630872","e9bA8duUxZTuI4HbWSaY","GL Play","Workflow - Premium Features","Workflow - Premium Features (google_sheets)","-","Aug 5th 2025, 03:47:52 PM",0,"296.194890","296.194890","0.000000",0,0
"6891b72320fbf9c5af0b72a9","e9bA8duUxZTuI4HbWSaY","GL Play","Workflow - Premium Features","Workflow - Premium Features (google_sheets)","-","Aug 5th 2025, 03:47:47 PM",0,"296.194890","296.194890","0.000000",0,0
"6891b5d42c0b0b197c647c3c","VfZvkCL9M13RPHNpCGPi","Alpha Galaxy Group","WhatsApp Marketing Messages","whatsapp_marketing_message ref: wamid.HBgMNjAxMTYzMzk5ODM0FQIAERgSNjZDNDI1OEI3RjgwNUZEMDJGAA==","-","Aug 5th 2025, 03:42:12 PM",0.0903,"296.194890","296.194890","0.000000",0.0903,0
"6891b541d4b46e632f31d970","tCDIsdPF3Em8dZW3fc0B","MKH Berhad","Workflow - Premium Features","Workflow - Premium Features (inbound_webhook)","-","Aug 5th 2025, 03:39:45 PM",0.01,"296.285190","296.285190","0.000000",0.01,0
"6891b5402c0b0b6756642b23","tCDIsdPF3Em8dZW3fc0B","MKH Berhad","Workflow - Premium Features","Workflow - Premium Features (inbound_webhook)","-","Aug 5th 2025, 03:39:44 PM",0.01,"296.295190","296.295190","0.000000",0.01,0
"6891b4e146d1f282c70e0a6f","VfZvkCL9M13RPHNpCGPi","Alpha Galaxy Group","Workflow - Premium Features","Workflow - Premium Features (inbound_webhook)","-","Aug 5th 2025, 03:38:09 PM",0.01,"296.305190","296.305190","0.000000",0.01,0
"6891b4a12c0b0bf0f963f510","jH41Z47TXtote3u6rh92","OCR Group Berhad","Workflow - Premium Features","Workflow - Premium Features (inbound_webhook)","-","Aug 5th 2025, 03:37:05 PM",0.01,"296.315190","296.315190","0.000000",0.01,0
"6891b36120fbf906e609827b","E0H7r1mN6ry0kv4uGZ6L","Radium Development Berhad","WhatsApp Marketing Messages","whatsapp_marketing_message ref: wamid.HBgLNjAxNzI4NTE1NDIVAgARGBI4Q0YxRjkzNzFGRURBMkQxRDMA","-","Aug 5th 2025, 03:31:46 PM",0.0903,"296.325190","296.325190","0.000000",0.0903,0
"6891aec535c5742e2209d28a","rsdW1sEFWbzzULIapmdQ","Platinum Victory","WhatsApp Marketing Messages","whatsapp_marketing_message ref: wamid.HBgLNjAxMjUxNTg3NjMVAgARGBJFN0ZBNDQzNEU2Q0FCMTEwQjEA","-","Aug 5th 2025, 03:12:05 PM",0.0903,"296.415490","296.415490","0.000000",0.0903,0
"6891aebed4b46e0af92e19d3","rsdW1sEFWbzzULIapmdQ","Platinum Victory","WhatsApp Marketing Messages","whatsapp_marketing_message ref: wamid.HBgLNjAxMjUxNTg3NjMVAgARGBI5QjJBNEQ2MkY0OEVFNzc5MzAA","-","Aug 5th 2025, 03:11:58 PM",0.0903,"296.505790","296.505790","0.000000",0.0903,0
"6891aea646d1f252560a5873","rsdW1sEFWbzzULIapmdQ","Platinum Victory","WhatsApp Marketing Messages","whatsapp_marketing_message ref: wamid.HBgLNjAxMzQ3OTQzNjMVAgARGBI4MUY5QkVBNjU5QTcyRkJCRkIA","-","Aug 5th 2025, 03:11:34 PM",0.0903,"296.596090","296.596090","0.000000",0.0903,0
"6891ae9fc2a7f52ceed431ac","rsdW1sEFWbzzULIapmdQ","Platinum Victory","WhatsApp Marketing Messages","whatsapp_marketing_message ref: wamid.HBgLNjAxMzQ3OTQzNjMVAgARGBIxQjRFMTJDRTIzMDY3MTYzQTIA","-","Aug 5th 2025, 03:11:27 PM",0.0903,"296.686390","296.686390","0.000000",0.0903,0
"6891ae8ef1d1dd3bc181b3b9","rsdW1sEFWbzzULIapmdQ","Platinum Victory","WhatsApp Marketing Messages","whatsapp_marketing_message ref: wamid.HBgLNjAxMDk0MTU1NzQVAgARGBJBOTIxQzc0NDQzMEQyRDdFRTIA","-","Aug 5th 2025, 03:11:11 PM",0.0903,"296.776690","296.776690","0.000000",0.0903,0
"6891ae86d4b46e44262dea4d","rsdW1sEFWbzzULIapmdQ","Platinum Victory","WhatsApp Marketing Messages","whatsapp_marketing_message ref: wamid.HBgLNjAxMDk0MTU1NzQVAgARGBI3MkYyNjFEOEM1QzEyQUU5ODUA","-","Aug 5th 2025, 03:11:03 PM",0.0903,"296.866990","296.866990","0.000000",0.0903,0
"6891ae6eb1f7328f00c5d83d","rsdW1sEFWbzzULIapmdQ","Platinum Victory","WhatsApp Marketing Messages","whatsapp_marketing_message ref: wamid.HBgLNjAxODI5MTEyNDcVAgARGBIzQjYzRTAzMEM0NzZGMUUxMkEA","-","Aug 5th 2025, 03:10:39 PM",0.0903,"296.957290","296.957290","0.000000",0.0903,0
"6891ae6452e5298b0f5dfd7a","rsdW1sEFWbzzULIapmdQ","Platinum Victory","WhatsApp Marketing Messages","whatsapp_marketing_message ref: wamid.HBgLNjAxODI5MTEyNDcVAgARGBJBMUYyRThFMzJGQjZGN0E0RDcA","-","Aug 5th 2025, 03:10:28 PM",0.0903,"297.047590","297.047590","0.000000",0.0903,0
"6891ae47c2a7f50823d3d66c","rsdW1sEFWbzzULIapmdQ","Platinum Victory","WhatsApp Marketing Messages","whatsapp_marketing_message ref: wamid.HBgLNjAxMjkxNTcwMTIVAgARGBJENTA3RjkzMEMzNUFGQTIyQUEA","-","Aug 5th 2025, 03:09:59 PM",0.0903,"297.137890","297.137890","0.000000",0.0903,0
"6891ae4146d1f275d909f0cf","rsdW1sEFWbzzULIapmdQ","Platinum Victory","WhatsApp Marketing Messages","whatsapp_marketing_message ref: wamid.HBgLNjAxMjkxNTcwMTIVAgARGBJGRDIzQUFDNDVDNkFGNjEzREIA","-","Aug 5th 2025, 03:09:54 PM",0.0903,"297.228190","297.228190","0.000000",0.0903,0
"6891ae2e20fbf9182b0626a8","rsdW1sEFWbzzULIapmdQ","Platinum Victory","WhatsApp Marketing Messages","whatsapp_marketing_message ref: wamid.HBgLNjAxNDU1MjI5MjAVAgARGBIwNkM0M0IyQzZDMDBBMkU0QjAA","-","Aug 5th 2025, 03:09:35 PM",0.0903,"297.318490","297.318490","0.000000",0.0903,0
"6891ae23c2a7f5bce4d3aa3b","rsdW1sEFWbzzULIapmdQ","Platinum Victory","Workflow - Premium Features","Workflow - Premium Features (inbound_webhook)","-","Aug 5th 2025, 03:09:24 PM",0.01,"297.408790","297.408790","0.000000",0.01,0
"6891ae1cb1f73262d4c575f4","rsdW1sEFWbzzULIapmdQ","Platinum Victory","WhatsApp Marketing Messages","whatsapp_marketing_message ref: wamid.HBgLNjAxODI2MTAzMTAVAgARGBJFMjZFQkExQTVFMEM2RTkyOTAA","-","Aug 5th 2025, 03:09:16 PM",0.0903,"297.418790","297.418790","0.000000",0.0903,0
"6891ae1cf1d1ddd002813864","rsdW1sEFWbzzULIapmdQ","Platinum Victory","WhatsApp Marketing Messages","whatsapp_marketing_message ref: wamid.HBgLNjAxNDU1MjI5MjAVAgARGBJBRTJBQzA1MjU2MEZEQTM4QzcA","-","Aug 5th 2025, 03:09:16 PM",0.0903,"297.509090","297.509090","0.000000",0.0903,0
"6891ae1720fbf97be8060a50","rsdW1sEFWbzzULIapmdQ","Platinum Victory","WhatsApp Marketing Messages","whatsapp_marketing_message ref: wamid.HBgLNjAxODI2MTAzMTAVAgARGBJGMUIwMzE4MjVGNTgyODFBRTUA","-","Aug 5th 2025, 03:09:11 PM",0.0903,"297.599390","297.599390","0.000000",0.0903,0
"6891ac3d2c0b0b4bb15d42f1","WphrMU0x3Ocd2pEpBJcH","Demo","Email Notifications","EmailNotification ref: 6891ac3a84c051db3f75a8c7","-","Aug 5th 2025, 03:01:19 PM",0.0027,"297.689690","297.689690","0.000000",0.0027,0
"6891ac3b46d1f22355073520","WphrMU0x3Ocd2pEpBJcH","Demo","Email Notifications","EmailNotification ref: 6891ac396cf1f828bc6b78f6","-","Aug 5th 2025, 03:01:16 PM",0.0027,"297.692390","297.692390","0.000000",0.0027,0
"6891ac3452e52978a25b0697","WphrMU0x3Ocd2pEpBJcH","Demo","Workflow - Premium Features","Workflow - Premium Features (custom_webhook)","-","Aug 5th 2025, 03:01:09 PM",0.01,"297.695090","297.695090","0.000000",0.01,0
"6891aa3520fbf90c6402260c","E0H7r1mN6ry0kv4uGZ6L","Radium Development Berhad","WhatsApp Marketing Messages","whatsapp_marketing_message ref: wamid.HBgLNjAxMjI2NzQyNjYVAgARGBIxOUM3MDFBRUE5OTQwNTQ1OTYA","-","Aug 5th 2025, 02:52:38 PM",0.0903,"297.705090","297.705090","0.000000",0.0903,0
"6891aa31de945200094788c9","E0H7r1mN6ry0kv4uGZ6L","Radium Development Berhad","WhatsApp Marketing Messages","whatsapp_marketing_message ref: wamid.HBgLNjAxMjI2NzQyNjYVAgARGBJBMzE4Njc1QTIyMEExREU5M0EA","-","Aug 5th 2025, 02:52:33 PM",0.0903,"297.795390","297.795390","0.000000",0.0903,0
"6891aa30f1d1dd82107d4566","rsdW1sEFWbzzULIapmdQ","Platinum Victory","WhatsApp Marketing Messages","whatsapp_marketing_message ref: wamid.HBgLNjAxNzIzMzc0NTkVAgARGBJFMkREQjNDQjMxQUExQjkxNTQA","-","Aug 5th 2025, 02:52:33 PM",0.0903,"297.885690","297.885690","0.000000",0.0903,0
"6891aa25c2a7f59af8cfb17b","rsdW1sEFWbzzULIapmdQ","Platinum Victory","WhatsApp Marketing Messages","whatsapp_marketing_message ref: wamid.HBgLNjAxNzIzMzc0NTkVAgARGBI1MUJBRjBCRDY1NjE1MzJBNTMA","-","Aug 5th 2025, 02:52:21 PM",0.0903,"297.975990","297.975990","0.000000",0.0903,0
"6891a9ae52e529b44e59674a","E0H7r1mN6ry0kv4uGZ6L","Radium Development Berhad","WhatsApp Marketing Messages","whatsapp_marketing_message ref: wamid.HBgLNjAxNjczNzA4OTAVAgARGBJEMjU0NzkxMkRDMEM1QkFGOUQA","-","Aug 5th 2025, 02:50:22 PM",0.0903,"298.066290","298.066290","0.000000",0.0903,0
"6891a9a7d4b46e6b1429297d","E0H7r1mN6ry0kv4uGZ6L","Radium Development Berhad","WhatsApp Marketing Messages","whatsapp_marketing_message ref: wamid.HBgLNjAxNjczNzA4OTAVAgARGBI2NUJFRkIzNDQxNDU4RTRFRjYA","-","Aug 5th 2025, 02:50:15 PM",0.0903,"298.156590","298.156590","0.000000",0.0903,0
"6891a91352e5290fc4591161","rsdW1sEFWbzzULIapmdQ","Platinum Victory","WhatsApp Marketing Messages","whatsapp_marketing_message ref: wamid.HBgNODgwMTMwMTczMjk2MRUCABEYEjcyNjI2MUUzMEI5NENDMjE2MAA=","-","Aug 5th 2025, 02:47:47 PM",0.07686,"298.246890","298.246890","0.000000",0.07686,0
"6891a90cde9452dcb746df94","rsdW1sEFWbzzULIapmdQ","Platinum Victory","WhatsApp Marketing Messages","whatsapp_marketing_message ref: wamid.HBgLNjAxNDY0ODY3ODYVAgARGBJEOTM4MkIxNEUxMDc1NEZCMzUA","-","Aug 5th 2025, 02:47:40 PM",0.0903,"298.323750","298.323750","0.000000",0.0903,0
"6891a909c2a7f5dcdecf1437","tCDIsdPF3Em8dZW3fc0B","MKH Berhad","Workflow - Premium Features","Workflow - Premium Features (inbound_webhook)","-","Aug 5th 2025, 02:47:38 PM",0.01,"298.414050","298.414050","0.000000",0.01,0
"6891a9092c0b0b79675b372c","tCDIsdPF3Em8dZW3fc0B","MKH Berhad","Workflow - Premium Features","Workflow - Premium Features (inbound_webhook)","-","Aug 5th 2025, 02:47:37 PM",0.01,"298.424050","298.424050","0.000000",0.01,0
"6891a8bc46d1f2f6f6050429","rsdW1sEFWbzzULIapmdQ","Platinum Victory","WhatsApp Marketing Messages","whatsapp_marketing_message ref: wamid.HBgMNjAxMTE2Mjc0ODk4FQIAERgSQTkxQjcxQURBRDg3QTlDMzgzAA==","-","Aug 5th 2025, 02:46:20 PM",0.0903,"298.434050","298.434050","0.000000",0.0903,0
"6891a8aaf1d1dd21eb7c6855","E0H7r1mN6ry0kv4uGZ6L","Radium Development Berhad","WhatsApp Marketing Messages","whatsapp_marketing_message ref: wamid.HBgLNjAxNjM3MDk5NTkVAgARGBJBQTUwQTExMUNGQURBMzI1NDkA","-","Aug 5th 2025, 02:46:02 PM",0.0903,"298.524350","298.524350","0.000000",0.0903,0
"6891a899c2a7f536ffced867","E0H7r1mN6ry0kv4uGZ6L","Radium Development Berhad","WhatsApp Marketing Messages","whatsapp_marketing_message ref: wamid.HBgLNjAxNjM3MDk5NTkVAgARGBIwQ0U1NzI1NDc5NjczNDZERjMA","-","Aug 5th 2025, 02:45:45 PM",0.0903,"298.614650","298.614650","0.000000",0.0903,0
"6891a85fb1f732563cc07cc2","tCDIsdPF3Em8dZW3fc0B","MKH Berhad","Workflow - Premium Features","Workflow - Premium Features (inbound_webhook)","-","Aug 5th 2025, 02:44:47 PM",0.01,"298.704950","298.704950","0.000000",0.01,0
"6891a85fc2a7f5b605ceb002","tCDIsdPF3Em8dZW3fc0B","MKH Berhad","Workflow - Premium Features","Workflow - Premium Features (inbound_webhook)","-","Aug 5th 2025, 02:44:47 PM",0.01,"298.714950","298.714950","0.000000",0.01,0
"6891a80052e529d1a0587f6f","tCDIsdPF3Em8dZW3fc0B","MKH Berhad","Workflow - Premium Features","Workflow - Premium Features (inbound_webhook)","-","Aug 5th 2025, 02:44:47 PM",0.01,"298.724950","298.724950","0.000000",0.01,0
"6891a800f1d1dda8747c0f56","tCDIsdPF3Em8dZW3fc0B","MKH Berhad","Workflow - Premium Features","Workflow - Premium Features (inbound_webhook)","-","Aug 5th 2025, 02:43:12 PM",0.01,"298.734950","298.734950","0.000000",0.01,0
"6891a7ae46d1f266b0047c09","E0H7r1mN6ry0kv4uGZ6L","Radium Development Berhad","WhatsApp Marketing Messages","whatsapp_marketing_message ref: wamid.HBgLNjAxMjIxNDc1NzcVAgARGBJFMTg5Qzg3ODk5NTg0QTJCQ0YA","-","Aug 5th 2025, 02:41:51 PM",0.0903,"298.744950","298.744950","0.000000",0.0903,0
"6891a79e35c5746d1703d836","E0H7r1mN6ry0kv4uGZ6L","Radium Development Berhad","WhatsApp Marketing Messages","whatsapp_marketing_message ref: wamid.HBgLNjAxMjIxNDc1NzcVAgARGBI2Q0E4RkZDQkIyNEI5MzhBM0IA","-","Aug 5th 2025, 02:41:34 PM",0.0903,"298.835250","298.835250","0.000000",0.0903,0
"6891a745c2a7f531ddce3687","tCDIsdPF3Em8dZW3fc0B","MKH Berhad","Workflow - Premium Features","Workflow - Premium Features (inbound_webhook)","-","Aug 5th 2025, 02:40:06 PM",0.01,"298.925550","298.925550","0.000000",0.01,0
"6891a745c2a7f506f3ce367f","tCDIsdPF3Em8dZW3fc0B","MKH Berhad","Workflow - Premium Features","Workflow - Premium Features (inbound_webhook)","-","Aug 5th 2025, 02:40:06 PM",0.01,"298.935550","298.935550","0.000000",0.01,0
"6891a6f2f1d1dd79637ba0a8","E0H7r1mN6ry0kv4uGZ6L","Radium Development Berhad","WhatsApp Marketing Messages","whatsapp_marketing_message ref: wamid.HBgLNjAxMjIxNDc1NzcVAgARGBI0NDZEN0FEOTdCNkQwMjRENTcA","-","Aug 5th 2025, 02:38:42 PM",0.0903,"298.945550","298.945550","0.000000",0.0903,0
"6891a66420fbf913f0005221","tCDIsdPF3Em8dZW3fc0B","MKH Berhad","Workflow - Premium Features","Workflow - Premium Features (inbound_webhook)","-","Aug 5th 2025, 02:36:21 PM",0.01,"299.035850","299.035850","0.000000",0.01,0
"6891a664c2a7f51ad1cdecf3","tCDIsdPF3Em8dZW3fc0B","MKH Berhad","Workflow - Premium Features","Workflow - Premium Features (inbound_webhook)","-","Aug 5th 2025, 02:36:21 PM",0.01,"299.045850","299.045850","0.000000",0.01,0
"6891a57c35c574da8002f74f","E0H7r1mN6ry0kv4uGZ6L","Radium Development Berhad","WhatsApp Marketing Messages","whatsapp_marketing_message ref: wamid.HBgLNjAxNzczNjYzMzgVAgARGBIwRkQyRkY3QjlBOENDMTA0N0MA","-","Aug 5th 2025, 02:32:29 PM",0.0903,"299.055850","299.055850","0.000000",0.0903,0
"6891a57ade945274a44547d0","tCDIsdPF3Em8dZW3fc0B","MKH Berhad","Workflow - Premium Features","Workflow - Premium Features (inbound_webhook)","-","Aug 5th 2025, 02:32:27 PM",0.01,"299.146150","299.146150","0.000000",0.01,0
"6891a57ade945269a84547c4","tCDIsdPF3Em8dZW3fc0B","MKH Berhad","Workflow - Premium Features","Workflow - Premium Features (inbound_webhook)","-","Aug 5th 2025, 02:32:27 PM",0.01,"299.156150","299.156150","0.000000",0.01,0
"6891a550d4b46ec9f127201b","E0H7r1mN6ry0kv4uGZ6L","Radium Development Berhad","WhatsApp Marketing Messages","whatsapp_marketing_message ref: wamid.HBgLNjAxNzczNjYzMzgVAgARGBIwREZEMUI5MDA3NzYzMzcxMTIA","-","Aug 5th 2025, 02:31:45 PM",0.0903,"299.166150","299.166150","0.000000",0.0903,0
"6891a466de94522c0844a148","tCDIsdPF3Em8dZW3fc0B","MKH Berhad","Workflow - Premium Features","Workflow - Premium Features (inbound_webhook)","-","Aug 5th 2025, 02:27:50 PM",0.01,"299.256450","299.256450","0.000000",0.01,0
"6891a465de9452251d44a136","tCDIsdPF3Em8dZW3fc0B","MKH Berhad","Workflow - Premium Features","Workflow - Premium Features (inbound_webhook)","-","Aug 5th 2025, 02:27:50 PM",0.01,"299.266450","299.266450","0.000000",0.01,0
"6891a3f820fbf9f997ff2126","tCDIsdPF3Em8dZW3fc0B","MKH Berhad","Workflow - Premium Features","Workflow - Premium Features (inbound_webhook)","-","Aug 5th 2025, 02:26:01 PM",0.01,"299.276450","299.276450","0.000000",0.01,0
"6891a3f820fbf96317ff2124","tCDIsdPF3Em8dZW3fc0B","MKH Berhad","Workflow - Premium Features","Workflow - Premium Features (inbound_webhook)","-","Aug 5th 2025, 02:26:01 PM",0.01,"299.286450","299.286450","0.000000",0.01,0
"6891a2d735c574591a01dd93","tCDIsdPF3Em8dZW3fc0B","MKH Berhad","Workflow - Premium Features","Workflow - Premium Features (inbound_webhook)","-","Aug 5th 2025, 02:21:12 PM",0.01,"299.296450","299.296450","0.000000",0.01,0
"6891a2d720fbf99306fec980","tCDIsdPF3Em8dZW3fc0B","MKH Berhad","Workflow - Premium Features","Workflow - Premium Features (inbound_webhook)","-","Aug 5th 2025, 02:21:12 PM",0.01,"299.306450","299.306450","0.000000",0.01,0
"6891a2d2c2a7f565bfcc61be","tCDIsdPF3Em8dZW3fc0B","MKH Berhad","Workflow - Premium Features","Workflow - Premium Features (inbound_webhook)","-","Aug 5th 2025, 02:21:06 PM",0.01,"299.316450","299.316450","0.000000",0.01,0
"6891a2d22c0b0b40735882f5","tCDIsdPF3Em8dZW3fc0B","MKH Berhad","Workflow - Premium Features","Workflow - Premium Features (inbound_webhook)","-","Aug 5th 2025, 02:21:06 PM",0.01,"299.326450","299.326450","0.000000",0.01,0
"6891a247f1d1dd343f79a0e3","BXuCudh2EKUEmv1gC4ai","SJ360","Emails","Email ref: L7hg0XGugbtCmnrjB8EC","-","Aug 5th 2025, 02:18:47 PM",0.000675,"299.336450","299.336450","0.000000",0.000675,0
"6891a22935c574207101824e","BXuCudh2EKUEmv1gC4ai","SJ360","Emails","Email ref: VKCSoe8o6fVo0RnB6bW3","-","Aug 5th 2025, 02:18:17 PM",0.000675,"299.337125","299.337125","0.000000",0.000675,0
"6891a21d35c574617401781b","BXuCudh2EKUEmv1gC4ai","SJ360","Email Notifications","EmailNotification ref: 6891a21b6b5eadaa5f5e8570","-","Aug 5th 2025, 02:18:05 PM",0.002025,"299.337800","299.337800","0.000000",0.002025,0
"6891a21c2c0b0b286a581fc3","BXuCudh2EKUEmv1gC4ai","SJ360","LC Email Verification","EmailVerification ref: CRoKV756deXwiEuLUtXV-1754374684","-","Aug 5th 2025, 02:18:05 PM",0.0025,"299.339825","299.339825","0.000000",0.0025,0
"6891a0a3c2a7f539cecb0653","E0H7r1mN6ry0kv4uGZ6L","Radium Development Berhad","WhatsApp Marketing Messages","whatsapp_marketing_message ref: wamid.HBgLNjAxNzM2MjU3NjIVAgARGBJDODZCMTAwQkREREE5NTUxRTQA","-","Aug 5th 2025, 02:11:48 PM",0.0903,"299.342325","299.342325","0.000000",0.0903,0
"6891a00152e5297f74549469","E0H7r1mN6ry0kv4uGZ6L","Radium Development Berhad","WhatsApp Marketing Messages","whatsapp_marketing_message ref: wamid.HBgLNjAxOTc5MDI3MzAVAgARGBIxMTYwNUJEQzFDMTUwOEMyNUYA","-","Aug 5th 2025, 02:09:08 PM",0.0903,"299.432625","299.432625","0.000000",0.0903,0
"68919ffc35c574c1560015af","tCDIsdPF3Em8dZW3fc0B","MKH Berhad","WhatsApp Marketing Messages","whatsapp_marketing_message ref: wamid.HBgLNjAxOTY0NTQzNjQVAgARGBI4MDlENzE5MzM5RTlCMDA0MUQA","-","Aug 5th 2025, 02:09:03 PM",0.0903,"299.522925","299.522925","0.000000",0.0903,0
"68919ff846d1f23f4c00ac41","tCDIsdPF3Em8dZW3fc0B","MKH Berhad","Workflow - Premium Features","Workflow - Premium Features (inbound_webhook)","-","Aug 5th 2025, 02:09:00 PM",0.01,"299.613225","299.613225","0.000000",0.01,0
"68919ff820fbf9079afcf56f","tCDIsdPF3Em8dZW3fc0B","MKH Berhad","Workflow - Premium Features","Workflow - Premium Features (inbound_webhook)","-","Aug 5th 2025, 02:09:00 PM",0.01,"299.623225","299.623225","0.000000",0.01,0
"68919ff0b1f732f3e9bc59b3","tCDIsdPF3Em8dZW3fc0B","MKH Berhad","WhatsApp Marketing Messages","whatsapp_marketing_message ref: wamid.HBgLNjAxOTY0NTQzNjQVAgARGBJEODE1ODBCN0JDQUI2MjMyMTUA","-","Aug 5th 2025, 02:08:53 PM",0.0903,"299.633225","299.633225","0.000000",0.0903,0
"68919fe635c574f3fd000081","tCDIsdPF3Em8dZW3fc0B","MKH Berhad","WhatsApp Marketing Messages","whatsapp_marketing_message ref: wamid.HBgLNjAxNDcxNjM0MjIVAgARGBJGNEFBMEFFQkQzNUJGODNEM0UA","-","Aug 5th 2025, 02:08:42 PM",0.0903,"299.723525","299.723525","0.000000",0.0903,0
"68919fd82c0b0b3a7b5699e8","tCDIsdPF3Em8dZW3fc0B","MKH Berhad","WhatsApp Marketing Messages","whatsapp_marketing_message ref: wamid.HBgLNjAxNDcxNjM0MjIVAgARGBI4M0QyRjc2RUYzQUQ1N0VBREEA","-","Aug 5th 2025, 02:08:38 PM",0.0903,"299.813825","299.813825","0.000000",0.0903,0
"68919fba20fbf904fffcc131","tCDIsdPF3Em8dZW3fc0B","MKH Berhad","WhatsApp Marketing Messages","whatsapp_marketing_message ref: wamid.HBgMNjAxMTE1MDc0MzUwFQIAERgSMUQ2MkEyQ0Y4RTkwMDU5Q0UxAA==","-","Aug 5th 2025, 02:07:55 PM",0.0903,"299.904125","299.904125","0.000000",0.0903,0
"68919fa6b1f732319cbc1c09","tCDIsdPF3Em8dZW3fc0B","MKH Berhad","Workflow - Premium Features","Workflow - Premium Features (inbound_webhook)","-","Aug 5th 2025, 02:07:40 PM",0.01,"299.994425","299.994425","0.000000",0.01,0
"68919fa6b1f732fc9abc1bdf","tCDIsdPF3Em8dZW3fc0B","MKH Berhad","Workflow - Premium Features","Workflow - Premium Features (inbound_webhook)","-","Aug 5th 2025, 02:07:40 PM",0.01,"300.004425","300.004425","0.000000",0.01,0
"68919fa4c2a7f5c1c6ca47cd","tCDIsdPF3Em8dZW3fc0B","MKH Berhad","Workflow - Premium Features","Workflow - Premium Features (inbound_webhook)","-","Aug 5th 2025, 02:07:34 PM",0.01,"300.014425","300.014425","0.000000",0.01,0
"68919fa435c57419caffc881","tCDIsdPF3Em8dZW3fc0B","MKH Berhad","Workflow - Premium Features","Workflow - Premium Features (inbound_webhook)","-","Aug 5th 2025, 02:07:32 PM",0.01,"300.024425","300.024425","0.000000",0.01,0
"68919fa220fbf98b67fcacc6","tCDIsdPF3Em8dZW3fc0B","MKH Berhad","WhatsApp Marketing Messages","whatsapp_marketing_message ref: wamid.HBgLNjAxMjI4ODgzNTMVAgARGBI5RTlEOTQ0QTMxNEU5OEMxOTYA","-","Aug 5th 2025, 02:07:31 PM",0.0903,"300.034425","300.034425","0.000000",0.0903,0
"68919f96d4b46e836223fc3c","tCDIsdPF3Em8dZW3fc0B","MKH Berhad","WhatsApp Marketing Messages","whatsapp_marketing_message ref: wamid.HBgLNjAxMjI4ODgzNTMVAgARGBIwQzEzRUY3NTdFMzc2MTEzMTIA","-","Aug 5th 2025, 02:07:18 PM",0.0903,"300.124725","300.124725","0.000000",0.0903,0
"68919f0f52e52906fb5399e3","tCDIsdPF3Em8dZW3fc0B","MKH Berhad","WhatsApp Marketing Messages","whatsapp_marketing_message ref: wamid.HBgLNjAxMjM3NzA3NjAVAgARGBI5N0U1QzJFRUI3QURFQTE2MjAA","-","Aug 5th 2025, 02:05:31 PM",0.0903,"300.215025","300.215025","0.000000",0.0903,0
"68919ee5f1d1dd83b576ed60","E0H7r1mN6ry0kv4uGZ6L","Radium Development Berhad","WhatsApp Marketing Messages","whatsapp_marketing_message ref: wamid.HBgLNjAxNjc2NjMwNjEVAgARGBJFRUI3NzIzRURGMzc4MUIzRkQA","-","Aug 5th 2025, 02:04:21 PM",0.0903,"300.305325","300.305325","0.000000",0.0903,0
"68919ee02c0b0b447255840e","tCDIsdPF3Em8dZW3fc0B","MKH Berhad","WhatsApp Marketing Messages","whatsapp_marketing_message ref: wamid.HBgLNjAxNzY1NjkxNzMVAgARGBJFNUNFMjBEQzMyRUZFRTU3QzUA","-","Aug 5th 2025, 02:04:21 PM",0.0903,"300.395625","300.395625","0.000000",0.0903,0
"68919ed920fbf977dffbb6df","tCDIsdPF3Em8dZW3fc0B","MKH Berhad","WhatsApp Marketing Messages","whatsapp_marketing_message ref: wamid.HBgLNjAxNzY1NjkxNzMVAgARGBI2MzNCQzAxODUyNEUxNDc5QzkA","-","Aug 5th 2025, 02:04:10 PM",0.0903,"300.485925","300.485925","0.000000",0.0903,0
"68919e8a35c57476f4fe5f20","tCDIsdPF3Em8dZW3fc0B","MKH Berhad","WhatsApp Marketing Messages","whatsapp_marketing_message ref: wamid.HBgLNjAxMjMxMDE3MDAVAgARGBIwREZENjZEMEVBRDU5NzNENzQA","-","Aug 5th 2025, 02:03:10 PM",0.0903,"300.576225","300.576225","0.000000",0.0903,0
"68919e8635c5743eaafe5ae5","tCDIsdPF3Em8dZW3fc0B","MKH Berhad","WhatsApp Marketing Messages","whatsapp_marketing_message ref: wamid.HBgLNjAxMjMxMDE3MDAVAgARGBI1NTQ0NUFCMzQzMzAxMTQ5NTMA","-","Aug 5th 2025, 02:02:50 PM",0.0903,"300.666525","300.666525","0.000000",0.0903,0
"68919e2b52e529091952322a","E0H7r1mN6ry0kv4uGZ6L","Radium Development Berhad","WhatsApp Marketing Messages","whatsapp_marketing_message ref: wamid.HBgLNjAxNjc2NjMwNjEVAgARGBI5MjU2RkM5ODk3REM5RTZCQTAA","-","Aug 5th 2025, 02:01:16 PM",0.0903,"300.756825","300.756825","0.000000",0.0903,0
"68919dd635c574a3acfd3fe0","E0H7r1mN6ry0kv4uGZ6L","Radium Development Berhad","WhatsApp Marketing Messages","whatsapp_marketing_message ref: wamid.HBgLNjAxOTM4NjMzMTEVAgARGBJFRDEyNDlDREYwQTY2RDQ3NEIA","-","Aug 5th 2025, 01:59:50 PM",0.0903,"300.847125","300.847125","0.000000",0.0903,0
"68919d75b1f7326fd4b98042","E0H7r1mN6ry0kv4uGZ6L","Radium Development Berhad","WhatsApp Marketing Messages","whatsapp_marketing_message ref: wamid.HBgLNjAxMjM3MTg4MDEVAgARGBJCQUU1QkIyMTc2NTYxNkZGNUIA","-","Aug 5th 2025, 01:58:14 PM",0.0903,"300.937425","300.937425","0.000000",0.0903,0
"6891989020fbf9daf0f87519","tCDIsdPF3Em8dZW3fc0B","MKH Berhad","Workflow - Premium Features","Workflow - Premium Features (inbound_webhook)","-","Aug 5th 2025, 01:37:20 PM",0.01,"301.027725","301.027725","0.000000",0.01,0
"68919890c2a7f552e0c610c2","tCDIsdPF3Em8dZW3fc0B","MKH Berhad","Workflow - Premium Features","Workflow - Premium Features (inbound_webhook)","-","Aug 5th 2025, 01:37:20 PM",0.01,"301.037725","301.037725","0.000000",0.01,0
"6891983435c5748b37fb6943","rsdW1sEFWbzzULIapmdQ","Platinum Victory","WhatsApp Marketing Messages","whatsapp_marketing_message ref: wamid.HBgMNjAxMTE3NTY0MzkwFQIAERgSMUE1NzhCRUFFNjE2OTMzNUVEAA==","-","Aug 5th 2025, 01:35:48 PM",0.0903,"301.047725","301.047725","0.000000",0.0903,0
"68919827d4b46edb841fa77d","rsdW1sEFWbzzULIapmdQ","Platinum Victory","WhatsApp Marketing Messages","whatsapp_marketing_message ref: wamid.HBgMNjAxMTE3NTY0MzkwFQIAERgSOEQzREU1Q0E2QzVEODU0RDQ3AA==","-","Aug 5th 2025, 01:35:35 PM",0.0903,"301.138025","301.138025","0.000000",0.0903,0
"68919792c2a7f51af0c5b23a","tCDIsdPF3Em8dZW3fc0B","MKH Berhad","Workflow - Premium Features","Workflow - Premium Features (inbound_webhook)","-","Aug 5th 2025, 01:33:06 PM",0.01,"301.228325","301.228325","0.000000",0.01,0
"689197922c0b0bd0db51d3d6","tCDIsdPF3Em8dZW3fc0B","MKH Berhad","Workflow - Premium Features","Workflow - Premium Features (inbound_webhook)","-","Aug 5th 2025, 01:33:06 PM",0.01,"301.238325","301.238325","0.000000",0.01,0
"689196f746d1f2a274fb8168","tCDIsdPF3Em8dZW3fc0B","MKH Berhad","Workflow - Premium Features","Workflow - Premium Features (inbound_webhook)","-","Aug 5th 2025, 01:30:32 PM",0.01,"301.248325","301.248325","0.000000",0.01,0
"689196f746d1f21f86fb815c","tCDIsdPF3Em8dZW3fc0B","MKH Berhad","Workflow - Premium Features","Workflow - Premium Features (inbound_webhook)","-","Aug 5th 2025, 01:30:32 PM",0.01,"301.258325","301.258325","0.000000",0.01,0
"689196f535c5748dc9fae693","tCDIsdPF3Em8dZW3fc0B","MKH Berhad","Workflow - Premium Features","Workflow - Premium Features (inbound_webhook)","-","Aug 5th 2025, 01:30:30 PM",0.01,"301.268325","301.268325","0.000000",0.01,0
"689196f552e529b7914f5fd8","tCDIsdPF3Em8dZW3fc0B","MKH Berhad","Workflow - Premium Features","Workflow - Premium Features (inbound_webhook)","-","Aug 5th 2025, 01:30:30 PM",0.01,"301.278325","301.278325","0.000000",0.01,0
"689196e8b1f7320fdeb73122","rsdW1sEFWbzzULIapmdQ","Platinum Victory","WhatsApp Marketing Messages","whatsapp_marketing_message ref: wamid.HBgLNjAxNjIxMjk3ODAVAgARGBJDREJCMEZFRkMwRTdCMzcxOTIA","-","Aug 5th 2025, 01:30:17 PM",0.0903,"301.288325","301.288325","0.000000",0.0903,0
"689194d620fbf948d9f73c28","E0H7r1mN6ry0kv4uGZ6L","Radium Development Berhad","WhatsApp Marketing Messages","whatsapp_marketing_message ref: wamid.HBgLNjAxMzM0NDQ1OTUVAgARGBI3N0RDREUxN0NFMEZGODdFNTEA","-","Aug 5th 2025, 01:21:26 PM",0.0903,"301.378625","301.378625","0.000000",0.0903,0
"68919465de94521e2e3c752f","E0H7r1mN6ry0kv4uGZ6L","Radium Development Berhad","WhatsApp Marketing Messages","whatsapp_marketing_message ref: wamid.HBgLNjAxOTQ2NDUyNzgVAgARGBI5QURGRUJEREM1NTZDM0E3MjgA","-","Aug 5th 2025, 01:19:33 PM",0.0903,"301.468925","301.468925","0.000000",0.0903,0
"689193d9c2a7f519d1c47924","E0H7r1mN6ry0kv4uGZ6L","Radium Development Berhad","WhatsApp Marketing Messages","whatsapp_marketing_message ref: wamid.HBgMNjAxMTM3NTcyNDI2FQIAERgSQ0Q2QjlCOUI4Mjg1QkNGQzU1AA==","-","Aug 5th 2025, 01:17:13 PM",0.0903,"301.559225","301.559225","0.000000",0.0903,0
"6891930f20fbf920c3f67cf1","rsdW1sEFWbzzULIapmdQ","Platinum Victory","WhatsApp Marketing Messages","whatsapp_marketing_message ref: wamid.HBgLNjAxNzU4MDQ1ODMVAgARGBJDRTM2ODE0Njg1MzVDRDhBN0IA","-","Aug 5th 2025, 01:13:51 PM",0.0903,"301.649525","301.649525","0.000000",0.0903,0
"6891925cb1f732530cb5b1e6","E0H7r1mN6ry0kv4uGZ6L","Radium Development Berhad","WhatsApp Marketing Messages","whatsapp_marketing_message ref: wamid.HBgLNjAxMjU0ODA3NzMVAgARGBIxRkM0MTQyNURBQTMzMDQyQzUA","-","Aug 5th 2025, 01:10:53 PM",0.0903,"301.739825","301.739825","0.000000",0.0903,0
"6891925620fbf9fee0f64828","E0H7r1mN6ry0kv4uGZ6L","Radium Development Berhad","WhatsApp Marketing Messages","whatsapp_marketing_message ref: wamid.HBgLNjAxMjU0ODA3NzMVAgARGBJGMTc4M0VGODNEMkVBODRBMjIA","-","Aug 5th 2025, 01:10:46 PM",0.0903,"301.830125","301.830125","0.000000",0.0903,0
"689190baf1d1dd4d6770a20b","tCDIsdPF3Em8dZW3fc0B","MKH Berhad","Workflow - Premium Features","Workflow - Premium Features (inbound_webhook)","-","Aug 5th 2025, 01:03:55 PM",0.01,"301.920425","301.920425","0.000000",0.01,0
"689190baf1d1ddf3dc70a1f9","tCDIsdPF3Em8dZW3fc0B","MKH Berhad","Workflow - Premium Features","Workflow - Premium Features (inbound_webhook)","-","Aug 5th 2025, 01:03:55 PM",0.01,"301.930425","301.930425","0.000000",0.01,0
"689190b9de9452460a3ae754","E0H7r1mN6ry0kv4uGZ6L","Radium Development Berhad","WhatsApp Marketing Messages","whatsapp_marketing_message ref: wamid.HBgLNjAxMjcwOTQzMjMVAgARGBI1RDRCN0QwMjAxOEFBMjg2REEA","-","Aug 5th 2025, 01:03:54 PM",0.0903,"301.940425","301.940425","0.000000",0.0903,0
"6891909b2c0b0b0c0f4f1ee6","tCDIsdPF3Em8dZW3fc0B","MKH Berhad","Workflow - Premium Features","Workflow - Premium Features (inbound_webhook)","-","Aug 5th 2025, 01:03:23 PM",0.01,"302.030725","302.030725","0.000000",0.01,0
"6891909b35c574dbaff874f4","tCDIsdPF3Em8dZW3fc0B","MKH Berhad","Workflow - Premium Features","Workflow - Premium Features (inbound_webhook)","-","Aug 5th 2025, 01:03:23 PM",0.01,"302.040725","302.040725","0.000000",0.01,0
"68919070b1f7321771b4a85d","tCDIsdPF3Em8dZW3fc0B","MKH Berhad","Workflow - Premium Features","Workflow - Premium Features (inbound_webhook)","-","Aug 5th 2025, 01:02:40 PM",0.01,"302.050725","302.050725","0.000000",0.01,0
"6891907020fbf917f5f54020","tCDIsdPF3Em8dZW3fc0B","MKH Berhad","Workflow - Premium Features","Workflow - Premium Features (inbound_webhook)","-","Aug 5th 2025, 01:02:40 PM",0.01,"302.060725","302.060725","0.000000",0.01,0
"68918fbdf1d1dda11e6f8e89","E0H7r1mN6ry0kv4uGZ6L","Radium Development Berhad","WhatsApp Marketing Messages","whatsapp_marketing_message ref: wamid.HBgLNjAxMjY1MTM1OTIVAgARGBJBNENEQjJERENGMTA1MTY1RDYA","-","Aug 5th 2025, 12:59:41 PM",0.0903,"302.070725","302.070725","0.000000",0.0903,0
"68918e6ec2a7f54087c1ac4a","E0H7r1mN6ry0kv4uGZ6L","Radium Development Berhad","WhatsApp Marketing Messages","whatsapp_marketing_message ref: wamid.HBgLNjAxMjczMzY5NTAVAgARGBI5RTY0MzA5QUMyNDhEQ0I0MjQA","-","Aug 5th 2025, 12:54:06 PM",0.0903,"302.161025","302.161025","0.000000",0.0903,0
"68918e5d52e529351f4b96b6","E0H7r1mN6ry0kv4uGZ6L","Radium Development Berhad","WhatsApp Marketing Messages","whatsapp_marketing_message ref: wamid.HBgLNjAxMjczMzY5NTAVAgARGBJEQkQ2NzhBRjM1NTFBQjdBNDYA","-","Aug 5th 2025, 12:53:50 PM",0.0903,"302.251325","302.251325","0.000000",0.0903,0
"68918d6dd4b46e3b851b00e5","E0H7r1mN6ry0kv4uGZ6L","Radium Development Berhad","WhatsApp Marketing Messages","whatsapp_marketing_message ref: wamid.HBgLNjAxMjY2ODEyOTIVAgARGBJFQ0Q2RjBEM0QyRTAxRkQ3OTUA","-","Aug 5th 2025, 12:49:49 PM",0.0903,"302.341625","302.341625","0.000000",0.0903,0
"68918d6552e5297a664b4020","E0H7r1mN6ry0kv4uGZ6L","Radium Development Berhad","WhatsApp Marketing Messages","whatsapp_marketing_message ref: wamid.HBgLNjAxMjY2ODEyOTIVAgARGBJGMUMxREFFRDZEOTAxMDI3QUYA","-","Aug 5th 2025, 12:49:41 PM",0.0903,"302.431925","302.431925","0.000000",0.0903,0
"68918d1520fbf96640f39a01","E0H7r1mN6ry0kv4uGZ6L","Radium Development Berhad","WhatsApp Marketing Messages","whatsapp_marketing_message ref: wamid.HBgLNjAxMjY0MjgyNzAVAgARGBJDMzFGQUIzQkE1MUVEMDQxMjYA","-","Aug 5th 2025, 12:48:21 PM",0.0903,"302.522225","302.522225","0.000000",0.0903,0
"68918ced20fbf9bab4f38c07","E0H7r1mN6ry0kv4uGZ6L","Radium Development Berhad","WhatsApp Marketing Messages","whatsapp_marketing_message ref: wamid.HBgLNjAxMjY0MjgyNzAVAgARGBJEOEMzRTA1NDI3RDc3MzRBRDEA","-","Aug 5th 2025, 12:47:41 PM",0.0903,"302.612525","302.612525","0.000000",0.0903,0
"68918b8af1d1dd62c86e1c36","E0H7r1mN6ry0kv4uGZ6L","Radium Development Berhad","WhatsApp Marketing Messages","whatsapp_marketing_message ref: wamid.HBgLNjAxNzY1MDYwNjAVAgARGBI1RDcwMzQ5NENFMkVBMjc5MEMA","-","Aug 5th 2025, 12:41:46 PM",0.0903,"302.702825","302.702825","0.000000",0.0903,0
"68918a3f46d1f20a0af64d06","WphrMU0x3Ocd2pEpBJcH","Demo","Workflow - Premium Features","Workflow - Premium Features (inbound_webhook)","-","Aug 5th 2025, 12:36:15 PM",0.01,"302.793125","302.793125","0.000000",0.01,0
"6891849f2c0b0b639f4a078a","tCDIsdPF3Em8dZW3fc0B","MKH Berhad","Workflow - Premium Features","Workflow - Premium Features (inbound_webhook)","-","Aug 5th 2025, 12:12:15 PM",0.01,"302.803125","302.803125","0.000000",0.01,0
"6891849ef1d1dda55c6b6d83","tCDIsdPF3Em8dZW3fc0B","MKH Berhad","Workflow - Premium Features","Workflow - Premium Features (inbound_webhook)","-","Aug 5th 2025, 12:12:14 PM",0.01,"302.813125","302.813125","0.000000",0.01,0
"6891842d2c0b0bb37749e2d9","E0H7r1mN6ry0kv4uGZ6L","Radium Development Berhad","WhatsApp Marketing Messages","whatsapp_marketing_message ref: wamid.HBgLNjAxMjM3Mjc0NTUVAgARGBIxRTQ3MjgxNTIzQ0EzOTZCMDUA","-","Aug 5th 2025, 12:10:21 PM",0.0903,"302.823125","302.823125","0.000000",0.0903,0
"689183d7d4b46e12c11759be","tCDIsdPF3Em8dZW3fc0B","MKH Berhad","Workflow - Premium Features","Workflow - Premium Features (inbound_webhook)","-","Aug 5th 2025, 12:08:55 PM",0.01,"302.913425","302.913425","0.000000",0.01,0
"689183d7d4b46e41481759b8","tCDIsdPF3Em8dZW3fc0B","MKH Berhad","Workflow - Premium Features","Workflow - Premium Features (inbound_webhook)","-","Aug 5th 2025, 12:08:55 PM",0.01,"302.923425","302.923425","0.000000",0.01,0
"6891825746d1f2fbc7f2dedc","tCDIsdPF3Em8dZW3fc0B","MKH Berhad","WhatsApp Marketing Messages","whatsapp_marketing_message ref: wamid.HBgLNjAxMDQyOTUwMDEVAgARGBIzRDQ0MUMwMDFDMUQ1MzhBODgA","-","Aug 5th 2025, 12:02:31 PM",0.0903,"302.933425","302.933425","0.000000",0.0903,0
"6891820d52e52943e946733b","E0H7r1mN6ry0kv4uGZ6L","Radium Development Berhad","WhatsApp Marketing Messages","whatsapp_marketing_message ref: wamid.HBgLNjAxMjM3MTA2MDEVAgARGBI4N0Y5NzI1MjJFNjkxRUUwQjcA","-","Aug 5th 2025, 12:01:17 PM",0.0903,"303.023725","303.023725","0.000000",0.0903,0
"689181afd4b46e01fc15dcbc","jH41Z47TXtote3u6rh92","OCR Group Berhad","Workflow - Premium Features","Workflow - Premium Features (inbound_webhook)","-","Aug 5th 2025, 11:59:43 AM",0.01,"303.114025","303.114025","0.000000",0.01,0
"689180a220fbf942b7ee4da6","tCDIsdPF3Em8dZW3fc0B","MKH Berhad","Workflow - Premium Features","Workflow - Premium Features (inbound_webhook)","-","Aug 5th 2025, 11:55:14 AM",0.01,"303.124025","303.124025","0.000000",0.01,0
"68917fc12c0b0b7a2d47a5f2","E0H7r1mN6ry0kv4uGZ6L","Radium Development Berhad","WhatsApp Marketing Messages","whatsapp_marketing_message ref: wamid.HBgLNjAxNjkxMDY5NTIVAgARGBJDOUQ1OUVGNTg0RjNDOTI2N0MA","-","Aug 5th 2025, 11:51:30 AM",0.0903,"303.134025","303.134025","0.000000",0.0903,0
"68917f4ed4b46ebc8915159e","E0H7r1mN6ry0kv4uGZ6L","Radium Development Berhad","WhatsApp Marketing Messages","whatsapp_marketing_message ref: wamid.HBgLNjAxOTIyNDA2MTIVAgARGBJERkNDREY1NTBENTNFNzg5NzIA","-","Aug 5th 2025, 11:49:34 AM",0.0903,"303.224325","303.224325","0.000000",0.0903,0
"68917f2130f685689741fa27","tCDIsdPF3Em8dZW3fc0B","MKH Berhad","Workflow - Premium Features","Workflow - Premium Features (inbound_webhook)","-","Aug 5th 2025, 11:48:49 AM",0.01,"303.314625","303.314625","0.000000",0.01,0
"68917f20d4b46e112a1506e7","tCDIsdPF3Em8dZW3fc0B","MKH Berhad","Workflow - Premium Features","Workflow - Premium Features (inbound_webhook)","-","Aug 5th 2025, 11:48:49 AM",0.01,"303.324625","303.324625","0.000000",0.01,0
"68917ef3f1d1dd380768c96e","tCDIsdPF3Em8dZW3fc0B","MKH Berhad","Workflow - Premium Features","Workflow - Premium Features (inbound_webhook)","-","Aug 5th 2025, 11:48:03 AM",0.01,"303.334625","303.334625","0.000000",0.01,0
"68917ef320fbf90f1aedc3d3","tCDIsdPF3Em8dZW3fc0B","MKH Berhad","Workflow - Premium Features","Workflow - Premium Features (inbound_webhook)","-","Aug 5th 2025, 11:48:03 AM",0.01,"303.344625","303.344625","0.000000",0.01,0
"68917ef152e529b6d24535d2","tCDIsdPF3Em8dZW3fc0B","MKH Berhad","Workflow - Premium Features","Workflow - Premium Features (inbound_webhook)","-","Aug 5th 2025, 11:48:01 AM",0.01,"303.354625","303.354625","0.000000",0.01,0
"68917ef152e5290e804535bf","tCDIsdPF3Em8dZW3fc0B","MKH Berhad","Workflow - Premium Features","Workflow - Premium Features (inbound_webhook)","-","Aug 5th 2025, 11:48:01 AM",0.01,"303.364625","303.364625","0.000000",0.01,0
"68917e6752e529369e4502f8","E0H7r1mN6ry0kv4uGZ6L","Radium Development Berhad","WhatsApp Marketing Messages","whatsapp_marketing_message ref: wamid.HBgLNjAxNjIwMjg3ODIVAgARGBIyNUNGRDlGMjhEODcwMDEwQkUA","-","Aug 5th 2025, 11:45:43 AM",0.0903,"303.374625","303.374625","0.000000",0.0903,0
"68917dd452e52935cf44c6a6","E0H7r1mN6ry0kv4uGZ6L","Radium Development Berhad","WhatsApp Marketing Messages","whatsapp_marketing_message ref: wamid.HBgLNjAxMjI3Njc3OTMVAgARGBJFMjRCREI3MDZGRTkzNzIzRjcA","-","Aug 5th 2025, 11:43:16 AM",0.0903,"303.464925","303.464925","0.000000",0.0903,0
"68917d8cd4b46e1922147154","E0H7r1mN6ry0kv4uGZ6L","Radium Development Berhad","WhatsApp Marketing Messages","whatsapp_marketing_message ref: wamid.HBgLNjAxMjc2NTc3NTYVAgARGBI1RDUxRjMwMEZCRTkzNkY1MzkA","-","Aug 5th 2025, 11:42:04 AM",0.0903,"303.555225","303.555225","0.000000",0.0903,0
"68917d27d4b46ed28e144cb7","E0H7r1mN6ry0kv4uGZ6L","Radium Development Berhad","WhatsApp Marketing Messages","whatsapp_marketing_message ref: wamid.HBgLNjAxMjcwOTE1MjQVAgARGBJCQTJEQjk5Njc1NzJCN0VDOEMA","-","Aug 5th 2025, 11:40:24 AM",0.0903,"303.645525","303.645525","0.000000",0.0903,0
"68917b29f1d1ddfafb675ea1","rsdW1sEFWbzzULIapmdQ","Platinum Victory","Workflow - Premium Features","Workflow - Premium Features (inbound_webhook)","-","Aug 5th 2025, 11:31:53 AM",0.01,"303.735825","303.735825","0.000000",0.01,0
"68917ae62c0b0b946e45d805","E0H7r1mN6ry0kv4uGZ6L","Radium Development Berhad","WhatsApp Marketing Messages","whatsapp_marketing_message ref: wamid.HBgLNjAxNjI0NTM3NjMVAgARGBIxMDI2RDk5MzlBRjI4RERCREQA","-","Aug 5th 2025, 11:30:46 AM",0.0903,"303.745825","303.745825","0.000000",0.0903,0
"68917a3d46d1f2ae9aef73c2","E0H7r1mN6ry0kv4uGZ6L","Radium Development Berhad","WhatsApp Marketing Messages","whatsapp_marketing_message ref: wamid.HBgLNjAxMjc2NTc3NTYVAgARGBI4NzcyRURENzE2NjQ3QzVGNzIA","-","Aug 5th 2025, 11:27:58 AM",0.0903,"303.836125","303.836125","0.000000",0.0903,0
"689179f752e52911d0433c3e","E0H7r1mN6ry0kv4uGZ6L","Radium Development Berhad","WhatsApp Marketing Messages","whatsapp_marketing_message ref: wamid.HBgLNjAxMDU2ODg5MjcVAgARGBIxQ0U1RjYzOUJFREQxQkE3NUUA","-","Aug 5th 2025, 11:26:47 AM",0.0903,"303.926425","303.926425","0.000000",0.0903,0
"689179682c0b0b0ad8451ae4","jH41Z47TXtote3u6rh92","OCR Group Berhad","Workflow - Premium Features","Workflow - Premium Features (inbound_webhook)","-","Aug 5th 2025, 11:24:24 AM",0.01,"304.016725","304.016725","0.000000",0.01,0
"6891793c46d1f23ec0eef499","E0H7r1mN6ry0kv4uGZ6L","Radium Development Berhad","WhatsApp Marketing Messages","whatsapp_marketing_message ref: wamid.HBgLNjAxMjk5OTc3NzIVAgARGBJGQzI0OTNFRjNDNkMzNDNFOTgA","-","Aug 5th 2025, 11:23:41 AM",0.0903,"304.026725","304.026725","0.000000",0.0903,0
"68917846c2a7f570abb8828a","E0H7r1mN6ry0kv4uGZ6L","Radium Development Berhad","WhatsApp Marketing Messages","whatsapp_marketing_message ref: wamid.HBgLNjAxMzM1MDI2MjYVAgARGBI3RDJCQTVBNzMxNTMyODcyM0MA","-","Aug 5th 2025, 11:19:35 AM",0.0903,"304.117025","304.117025","0.000000",0.0903,0
"689176f823cea8bf322e8cd2","tCDIsdPF3Em8dZW3fc0B","MKH Berhad","Workflow - Premium Features","Workflow - Premium Features (inbound_webhook)","-","Aug 5th 2025, 11:14:01 AM",0.01,"304.207325","304.207325","0.000000",0.01,0
"689176f8d4b46e6b131192e9","tCDIsdPF3Em8dZW3fc0B","MKH Berhad","Workflow - Premium Features","Workflow - Premium Features (inbound_webhook)","-","Aug 5th 2025, 11:14:00 AM",0.01,"304.217325","304.217325","0.000000",0.01,0
"689176f6b1f7325f49a9a869","tCDIsdPF3Em8dZW3fc0B","MKH Berhad","Workflow - Premium Features","Workflow - Premium Features (inbound_webhook)","-","Aug 5th 2025, 11:13:58 AM",0.01,"304.227325","304.227325","0.000000",0.01,0
"689176f6f1d1dd4f9c656b1e","tCDIsdPF3Em8dZW3fc0B","MKH Berhad","Workflow - Premium Features","Workflow - Premium Features (inbound_webhook)","-","Aug 5th 2025, 11:13:58 AM",0.01,"304.237325","304.237325","0.000000",0.01,0
"689176e1c94a6f20c0d649ec","E0H7r1mN6ry0kv4uGZ6L","Radium Development Berhad","WhatsApp Marketing Messages","whatsapp_marketing_message ref: wamid.HBgLNjAxNzI2MzIzMjAVAgARGBJBMkNFMDY2RjNBOEQ5Q0RBMTEA","-","Aug 5th 2025, 11:13:37 AM",0.0903,"304.247325","304.247325","0.000000",0.0903,0
"689176d7f1d1dd1654656082","E0H7r1mN6ry0kv4uGZ6L","Radium Development Berhad","WhatsApp Marketing Messages","whatsapp_marketing_message ref: wamid.HBgLNjAxOTI2Mjg5OTQVAgARGBJCMjZBMUU3RjQ1QTYxRTVGM0IA","-","Aug 5th 2025, 11:13:27 AM",0.0903,"304.337625","304.337625","0.000000",0.0903,0
"689176acc94a6f9ac5d633a2","E0H7r1mN6ry0kv4uGZ6L","Radium Development Berhad","WhatsApp Marketing Messages","whatsapp_marketing_message ref: wamid.HBgLNjAxNzI2MzIzMjAVAgARGBIyNUE2NEE1REM0QTYwMjhBNUUA","-","Aug 5th 2025, 11:12:44 AM",0.0903,"304.427925","304.427925","0.000000",0.0903,0
"68917630f1d1dd18f2652245","BXuCudh2EKUEmv1gC4ai","SJ360","Emails","Email ref: N6Htb5J9gH7ICSEMg1ja","-","Aug 5th 2025, 11:10:41 AM",0.000675,"304.518225","304.518225","0.000000",0.000675,0
"6891762bc94a6f0daed606c9","BXuCudh2EKUEmv1gC4ai","SJ360","Workflow - Premium Features","Workflow - Premium Features (inbound_webhook)","-","Aug 5th 2025, 11:10:36 AM",0,"304.518900","304.518900","0.000000",0,0
"689175efc94a6f5c2ed5edb6","E0H7r1mN6ry0kv4uGZ6L","Radium Development Berhad","WhatsApp Marketing Messages","whatsapp_marketing_message ref: wamid.HBgLNjAxMzI1MTk1MTIVAgARGBJEQzU4QzUwRTFDNkZENjRDMzMA","-","Aug 5th 2025, 11:09:36 AM",0.0903,"304.518900","304.518900","0.000000",0.0903,0
"6891757df1d1dd06b264d8b6","E0H7r1mN6ry0kv4uGZ6L","Radium Development Berhad","WhatsApp Marketing Messages","whatsapp_marketing_message ref: wamid.HBgLNjAxOTI2Mjg5OTQVAgARGBI5MTI2Mzc4OTBEQkRCOUI5M0YA","-","Aug 5th 2025, 11:07:41 AM",0.0903,"304.609200","304.609200","0.000000",0.0903,0
"68917461c94a6f3c34d53fe3","rsdW1sEFWbzzULIapmdQ","Platinum Victory","Workflow - Premium Features","Workflow - Premium Features (inbound_webhook)","-","Aug 5th 2025, 11:02:57 AM",0.01,"304.699500","304.699500","0.000000",0.01,0
"68917445c94a6fe151d5263a","E0H7r1mN6ry0kv4uGZ6L","Radium Development Berhad","WhatsApp Marketing Messages","whatsapp_marketing_message ref: wamid.HBgLNjAxMjQxMTcxMTQVAgARGBJDRTdGMjI3MDdBNjI2QjRFNUYA","-","Aug 5th 2025, 11:02:30 AM",0.0903,"304.709500","304.709500","0.000000",0.0903,0
"689173d6c94a6f03d7d4983c","tCDIsdPF3Em8dZW3fc0B","MKH Berhad","Workflow - Premium Features","Workflow - Premium Features (inbound_webhook)","-","Aug 5th 2025, 11:00:39 AM",0.01,"304.799800","304.799800","0.000000",0.01,0
"689173d652e52901b2401295","tCDIsdPF3Em8dZW3fc0B","MKH Berhad","Workflow - Premium Features","Workflow - Premium Features (inbound_webhook)","-","Aug 5th 2025, 11:00:38 AM",0.01,"304.809800","304.809800","0.000000",0.01,0
"6891738e23cea83a1c2c8d26","E0H7r1mN6ry0kv4uGZ6L","Radium Development Berhad","WhatsApp Marketing Messages","whatsapp_marketing_message ref: wamid.HBgLNjAxMjIwMTE0NDkVAgARGBJGOEI5RUVGOUQzMTk0NEVBQzIA","-","Aug 5th 2025, 10:59:27 AM",0.0903,"304.819800","304.819800","0.000000",0.0903,0
"6891731820fbf9195fe83f6a","tCDIsdPF3Em8dZW3fc0B","MKH Berhad","Workflow - Premium Features","Workflow - Premium Features (inbound_webhook)","-","Aug 5th 2025, 10:57:28 AM",0.01,"304.910100","304.910100","0.000000",0.01,0
"6891731720fbf92e26e83f62","tCDIsdPF3Em8dZW3fc0B","MKH Berhad","Workflow - Premium Features","Workflow - Premium Features (inbound_webhook)","-","Aug 5th 2025, 10:57:28 AM",0.01,"304.920100","304.920100","0.000000",0.01,0
"68916ee4446815c552cdaf1b","rsdW1sEFWbzzULIapmdQ","Platinum Victory","WhatsApp Marketing Messages","whatsapp_marketing_message ref: wamid.HBgLNjAxNDc3NTg5OTIVAgARGBI0NTNEOUJFMjc5MUZGQTIzM0MA","-","Aug 5th 2025, 10:39:32 AM",0.0903,"304.930100","304.930100","0.000000",0.0903,0
"68916ec8b1f7328758a5ad71","rsdW1sEFWbzzULIapmdQ","Platinum Victory","WhatsApp Marketing Messages","whatsapp_marketing_message ref: wamid.HBgMNjAxMTE0MzAyNjk2FQIAERgSNjBDMzEwRDY3NDQxQjA0OUIyAA==","-","Aug 5th 2025, 10:39:04 AM",0.0903,"305.020400","305.020400","0.000000",0.0903,0
"68916e7b4468150c7bcd73f6","rsdW1sEFWbzzULIapmdQ","Platinum Victory","WhatsApp Marketing Messages","whatsapp_marketing_message ref: wamid.HBgLNjAxMjc2Njg5OTUVAgARGBI2MDJFRThGMTQ0NTU0QjI4N0EA","-","Aug 5th 2025, 10:37:47 AM",0.0903,"305.110700","305.110700","0.000000",0.0903,0
"68916e61c2a7f528bcb3c7bf","rsdW1sEFWbzzULIapmdQ","Platinum Victory","WhatsApp Marketing Messages","whatsapp_marketing_message ref: wamid.HBgLNjAxMjU0MzAyNzUVAgARGBI5MUUwMjg3NDhGNTg0N0YxQUMA","-","Aug 5th 2025, 10:37:21 AM",0.0903,"305.201000","305.201000","0.000000",0.0903,0
"68916e38b1f7328f82a55a43","rsdW1sEFWbzzULIapmdQ","Platinum Victory","WhatsApp Marketing Messages","whatsapp_marketing_message ref: wamid.HBgLNjAxNjIzMTE3MzAVAgARGBI4OTU2RkRFOTcxMTc1OTgwQTYA","-","Aug 5th 2025, 10:36:41 AM",0.0903,"305.291300","305.291300","0.000000",0.0903,0
"68916e1520fbf9890ce60702","rsdW1sEFWbzzULIapmdQ","Platinum Victory","WhatsApp Marketing Messages","whatsapp_marketing_message ref: wamid.HBgMNjAxMTYyNDkxNDQ1FQIAERgSOTY3RUZDQzQzMkNFNDQxM0Q3AA==","-","Aug 5th 2025, 10:36:06 AM",0.0903,"305.381600","305.381600","0.000000",0.0903,0
"68916e09446815e205cd2a6d",,,"Email Notifications","EmailNotification ref: 68916e07a4cd5f028717cb60","-","Aug 5th 2025, 10:35:53 AM",0.015525,"305.471900","305.471900","0.000000",0.015525,0
"68916df9b1f732c3d4a52cbb","rsdW1sEFWbzzULIapmdQ","Platinum Victory","WhatsApp Marketing Messages","whatsapp_marketing_message ref: wamid.HBgLNjAxODkwMDQ1NTAVAgARGBIyQ0QxMzkzMzE2QjlDQzJFQzIA","-","Aug 5th 2025, 10:35:37 AM",0.0903,"305.487425","305.487425","0.000000",0.0903,0
"68916ddab1f7327e34a51b4a","rsdW1sEFWbzzULIapmdQ","Platinum Victory","WhatsApp Marketing Messages","whatsapp_marketing_message ref: wamid.HBgLNjAxNjQ0NzQ1NzgVAgARGBI1QTI2NERGMTNEOUU4RDc5OTEA","-","Aug 5th 2025, 10:35:06 AM",0.0903,"305.577725","305.577725","0.000000",0.0903,0
"68916dc3b1f7326bb3a50fe2","tCDIsdPF3Em8dZW3fc0B","MKH Berhad","Workflow - Premium Features","Workflow - Premium Features (inbound_webhook)","-","Aug 5th 2025, 10:34:44 AM",0.01,"305.668025","305.668025","0.000000",0.01,0
"68916dc3b1f7321349a50f7c","tCDIsdPF3Em8dZW3fc0B","MKH Berhad","Workflow - Premium Features","Workflow - Premium Features (inbound_webhook)","-","Aug 5th 2025, 10:34:43 AM",0.01,"305.678025","305.678025","0.000000",0.01,0
"68916d8546d1f2eee6e92f00","rsdW1sEFWbzzULIapmdQ","Platinum Victory","WhatsApp Marketing Messages","whatsapp_marketing_message ref: wamid.HBgLNjAxODM2NTEyNDUVAgARGBJCQjU5REMxRjAzQ0IwRjlBRUMA","-","Aug 5th 2025, 10:33:41 AM",0.0903,"305.688025","305.688025","0.000000",0.0903,0
"68916d63d4b46e39aa0ccb4f","rsdW1sEFWbzzULIapmdQ","Platinum Victory","WhatsApp Marketing Messages","whatsapp_marketing_message ref: wamid.HBgLNjAxMzQ3NDY0NzkVAgARGBJFM0MxQThEMTFCNzRFQzQ3QTQA","-","Aug 5th 2025, 10:33:07 AM",0.0903,"305.778325","305.778325","0.000000",0.0903,0
"68916d2646d1f23908e8fcc3","rsdW1sEFWbzzULIapmdQ","Platinum Victory","WhatsApp Marketing Messages","whatsapp_marketing_message ref: wamid.HBgLNjAxMjIwMzgzODEVAgARGBJBMkU2NTA1ODVENzNBQ0IwMDMA","-","Aug 5th 2025, 10:32:07 AM",0.0903,"305.868625","305.868625","0.000000",0.0903,0
"68916cc635c574381be819b7","rsdW1sEFWbzzULIapmdQ","Platinum Victory","WhatsApp Marketing Messages","whatsapp_marketing_message ref: wamid.HBgLNjAxMjM5NjMyMzUVAgARGBI1MzJCREExRjBFNjQzNUI0ODkA","-","Aug 5th 2025, 10:30:30 AM",0.0903,"305.958925","305.958925","0.000000",0.0903,0
"68916c98f1d1dd5a45601724","tCDIsdPF3Em8dZW3fc0B","MKH Berhad","Workflow - Premium Features","Workflow - Premium Features (inbound_webhook)","-","Aug 5th 2025, 10:29:44 AM",0.01,"306.049225","306.049225","0.000000",0.01,0
"68916c98f1d1dd65a26016fc","tCDIsdPF3Em8dZW3fc0B","MKH Berhad","Workflow - Premium Features","Workflow - Premium Features (inbound_webhook)","-","Aug 5th 2025, 10:29:44 AM",0.01,"306.059225","306.059225","0.000000",0.01,0
"68916c9520fbf926d7e50856","tCDIsdPF3Em8dZW3fc0B","MKH Berhad","Workflow - Premium Features","Workflow - Premium Features (inbound_webhook)","-","Aug 5th 2025, 10:29:41 AM",0.01,"306.069225","306.069225","0.000000",0.01,0
"68916c9520fbf93754e5083e","tCDIsdPF3Em8dZW3fc0B","MKH Berhad","Workflow - Premium Features","Workflow - Premium Features (inbound_webhook)","-","Aug 5th 2025, 10:29:41 AM",0.01,"306.079225","306.079225","0.000000",0.01,0
"68916c4235c5745885e7c5b0","rsdW1sEFWbzzULIapmdQ","Platinum Victory","WhatsApp Marketing Messages","whatsapp_marketing_message ref: wamid.HBgLNjAxNzY3NDc1NTEVAgARGBI5NTgyMzRFRjI1NzcyODgzMjAA","-","Aug 5th 2025, 10:28:18 AM",0.0903,"306.089225","306.089225","0.000000",0.0903,0
"68916c3620fbf929cee4cf20","rsdW1sEFWbzzULIapmdQ","Platinum Victory","WhatsApp Marketing Messages","whatsapp_marketing_message ref: wamid.HBgLNjAxNzY3NDc1NTEVAgARGBI0NkMxQUU2QTI3NTNBN0MzNUEA","-","Aug 5th 2025, 10:28:06 AM",0.0903,"306.179525","306.179525","0.000000",0.0903,0
"68916c0e710c5c95561192fc","rsdW1sEFWbzzULIapmdQ","Platinum Victory","WhatsApp Marketing Messages","whatsapp_marketing_message ref: wamid.HBgMNjAxMTEzMDgzMjA3FQIAERgSMTgzRkY1RDFDMUY2NjMwOUNDAA==","-","Aug 5th 2025, 10:27:27 AM",0.0903,"306.269825","306.269825","0.000000",0.0903,0
"68916bf3710c5ca53f11875e","rsdW1sEFWbzzULIapmdQ","Platinum Victory","WhatsApp Marketing Messages","whatsapp_marketing_message ref: wamid.HBgLNjAxOTI1MjY4OTIVAgARGBI2Mjc0M0UyMTIxNjJGQkQwNkEA","-","Aug 5th 2025, 10:26:59 AM",0.0903,"306.360125","306.360125","0.000000",0.0903,0
"68916bbb46d1f27e2fe81085","rsdW1sEFWbzzULIapmdQ","Platinum Victory","WhatsApp Marketing Messages","whatsapp_marketing_message ref: wamid.HBgLNjAxMzMyNTg3MzcVAgARGBI2OTA0QUZEQTBCQ0QwRDU5RTcA","-","Aug 5th 2025, 10:26:03 AM",0.0903,"306.450425","306.450425","0.000000",0.0903,0
"68916bac35c5742475e779e6","rsdW1sEFWbzzULIapmdQ","Platinum Victory","WhatsApp Marketing Messages","whatsapp_marketing_message ref: wamid.HBgLNjAxMzMyNTg3MzcVAgARGBI5MDVGNUZGOEYwQ0IzOEU3RjcA","-","Aug 5th 2025, 10:25:48 AM",0.0903,"306.540725","306.540725","0.000000",0.0903,0
"68916a0bb1f732047ea334c1","jH41Z47TXtote3u6rh92","OCR Group Berhad","Workflow - Premium Features","Workflow - Premium Features (inbound_webhook)","-","Aug 5th 2025, 10:18:51 AM",0.01,"306.631025","306.631025","0.000000",0.01,0
"689169ea46d1f27364e75e1d","tCDIsdPF3Em8dZW3fc0B","MKH Berhad","Workflow - Premium Features","Workflow - Premium Features (inbound_webhook)","-","Aug 5th 2025, 10:18:18 AM",0.01,"306.641025","306.641025","0.000000",0.01,0
"689169ea46d1f20c35e75e12","tCDIsdPF3Em8dZW3fc0B","MKH Berhad","Workflow - Premium Features","Workflow - Premium Features (inbound_webhook)","-","Aug 5th 2025, 10:18:18 AM",0.01,"306.651025","306.651025","0.000000",0.01,0
"6891696435c5744c66e6739f",,,"Email Notifications","EmailNotification ref: 6891696216daba788b8e8b8b","-","Aug 5th 2025, 10:16:04 AM",0.015525,"306.661025","306.661025","0.000000",0.015525,0
"68916861303e3596c1b36c8e","tCDIsdPF3Em8dZW3fc0B","MKH Berhad","Workflow - Premium Features","Workflow - Premium Features (inbound_webhook)","-","Aug 5th 2025, 10:11:46 AM",0.01,"306.676550","306.676550","0.000000",0.01,0
"68916861303e352254b36b68","tCDIsdPF3Em8dZW3fc0B","MKH Berhad","Workflow - Premium Features","Workflow - Premium Features (inbound_webhook)","-","Aug 5th 2025, 10:11:45 AM",0.01,"306.686550","306.686550","0.000000",0.01,0
"689166c2d4b46e679f080966","VfZvkCL9M13RPHNpCGPi","Alpha Galaxy Group","WhatsApp Marketing Messages","whatsapp_marketing_message ref: wamid.HBgLNjAxMDI5NjgwNzYVAgARGBJEMzhGRjU4OUM0MUQ2MDNENDUA","-","Aug 5th 2025, 10:04:50 AM",0.0903,"306.696550","306.696550","0.000000",0.0903,0
"689166a7d4b46e4b8b07ead5","tCDIsdPF3Em8dZW3fc0B","MKH Berhad","Workflow - Premium Features","Workflow - Premium Features (inbound_webhook)","-","Aug 5th 2025, 10:04:23 AM",0.01,"306.786850","306.786850","0.000000",0.01,0
"689166a7c2a7f5655eae4d66","tCDIsdPF3Em8dZW3fc0B","MKH Berhad","Workflow - Premium Features","Workflow - Premium Features (inbound_webhook)","-","Aug 5th 2025, 10:04:23 AM",0.01,"306.796850","306.796850","0.000000",0.01,0
"689166a435c57463f4e39ea7","tCDIsdPF3Em8dZW3fc0B","MKH Berhad","Workflow - Premium Features","Workflow - Premium Features (inbound_webhook)","-","Aug 5th 2025, 10:04:21 AM",0.01,"306.806850","306.806850","0.000000",0.01,0
"689166a435c574c9ace39e8f","tCDIsdPF3Em8dZW3fc0B","MKH Berhad","Workflow - Premium Features","Workflow - Premium Features (inbound_webhook)","-","Aug 5th 2025, 10:04:21 AM",0.01,"306.816850","306.816850","0.000000",0.01,0
"68916656c33a4fef34501cf5","tCDIsdPF3Em8dZW3fc0B","MKH Berhad","Workflow - Premium Features","Workflow - Premium Features (inbound_webhook)","-","Aug 5th 2025, 10:03:03 AM",0.01,"306.826850","306.826850","0.000000",0.01,0
"689166561fccf876dcbbf909","tCDIsdPF3Em8dZW3fc0B","MKH Berhad","Workflow - Premium Features","Workflow - Premium Features (inbound_webhook)","-","Aug 5th 2025, 10:03:03 AM",0.01,"306.836850","306.836850","0.000000",0.01,0
"689166530d4c1142c33002c7","tCDIsdPF3Em8dZW3fc0B","MKH Berhad","Workflow - Premium Features","Workflow - Premium Features (inbound_webhook)","-","Aug 5th 2025, 10:02:59 AM",0.01,"306.846850","306.846850","0.000000",0.01,0
"68916653f1d1dd659c5b578f","tCDIsdPF3Em8dZW3fc0B","MKH Berhad","Workflow - Premium Features","Workflow - Premium Features (inbound_webhook)","-","Aug 5th 2025, 10:02:59 AM",0.01,"306.856850","306.856850","0.000000",0.01,0
"689164a5c33a4f58bc4eead0","rsdW1sEFWbzzULIapmdQ","Platinum Victory","Workflow - Premium Features","Workflow - Premium Features (inbound_webhook)","-","Aug 5th 2025, 09:55:49 AM",0.01,"306.866850","306.866850","0.000000",0.01,0
"6891620db1f732536a9d189d","E0H7r1mN6ry0kv4uGZ6L","Radium Development Berhad","WhatsApp Marketing Messages","whatsapp_marketing_message ref: wamid.HBgLNjAxMDg5ODk4NzEVAgARGBJCOTg3NzE4RDQ5MjI4RTNGMkQA","-","Aug 5th 2025, 09:44:46 AM",0.0903,"306.876850","306.876850","0.000000",0.0903,0
"689161d2c33a4f58624d911a","jhK98wkjheNkRJlKPQPt","Lim Seong Hai Capital Berhad","WhatsApp Marketing Messages","whatsapp_marketing_message ref: wamid.HBgLNjAxMjIzMTA1NjEVAgARGBIzQ0JBMkFBNERBMkE0QTNERTEA","-","Aug 5th 2025, 09:43:46 AM",0.0903,"306.967150","306.967150","0.000000",0.0903,0
"689161ab303e3501ccae8966","E0H7r1mN6ry0kv4uGZ6L","Radium Development Berhad","WhatsApp Marketing Messages","whatsapp_marketing_message ref: wamid.HBgLNjAxNzI1MTc5NDgVAgARGBJGMkFFOUY1MTVCQTgyNkM1MDAA","-","Aug 5th 2025, 09:43:08 AM",0.0903,"307.057450","307.057450","0.000000",0.0903,0
"6891616c35c5747c53e0770f","E0H7r1mN6ry0kv4uGZ6L","Radium Development Berhad","WhatsApp Marketing Messages","whatsapp_marketing_message ref: wamid.HBgLNjAxOTcxMTY5MjQVAgARGBIyNjg2NzMxQTc2MEIyRTYzQzIA","-","Aug 5th 2025, 09:42:05 AM",0.0903,"307.147750","307.147750","0.000000",0.0903,0
"6891615db1f73235969cbe7e","E0H7r1mN6ry0kv4uGZ6L","Radium Development Berhad","WhatsApp Marketing Messages","whatsapp_marketing_message ref: wamid.HBgLNjAxOTcxMTY5MjQVAgARGBI5RTg1QkIzRTAwODA0OTZCQUUA","-","Aug 5th 2025, 09:41:49 AM",0.0903,"307.238050","307.238050","0.000000",0.0903,0
"689160a4f1d1dd53ca583a7c","VfZvkCL9M13RPHNpCGPi","Alpha Galaxy Group","WhatsApp Marketing Messages","whatsapp_marketing_message ref: wamid.HBgLNjAxMDI5NjgwNzYVAgARGBJCQTkxMTE1MDRGQkRGRUQxMzgA","-","Aug 5th 2025, 09:38:44 AM",0.0903,"307.328350","307.328350","0.000000",0.0903,0
"6891607720fbf9ab45dd1092","VfZvkCL9M13RPHNpCGPi","Alpha Galaxy Group","Workflow - Premium Features","Workflow - Premium Features (inbound_webhook)","-","Aug 5th 2025, 09:38:01 AM",0.01,"307.418650","307.418650","0.000000",0.01,0
"68916068303e3546daade503","tCDIsdPF3Em8dZW3fc0B","MKH Berhad","Workflow - Premium Features","Workflow - Premium Features (inbound_webhook)","-","Aug 5th 2025, 09:37:45 AM",0.01,"307.428650","307.428650","0.000000",0.01,0
"68916068c33a4f6cca4cd80d","tCDIsdPF3Em8dZW3fc0B","MKH Berhad","Workflow - Premium Features","Workflow - Premium Features (inbound_webhook)","-","Aug 5th 2025, 09:37:44 AM",0.01,"307.438650","307.438650","0.000000",0.01,0
"68916066bbad8586e6b0e407","tCDIsdPF3Em8dZW3fc0B","MKH Berhad","Workflow - Premium Features","Workflow - Premium Features (inbound_webhook)","-","Aug 5th 2025, 09:37:43 AM",0.01,"307.448650","307.448650","0.000000",0.01,0
"68916066f1d1dd3069581f87","tCDIsdPF3Em8dZW3fc0B","MKH Berhad","Workflow - Premium Features","Workflow - Premium Features (inbound_webhook)","-","Aug 5th 2025, 09:37:42 AM",0.01,"307.458650","307.458650","0.000000",0.01,0
"6891605c20fbf98c7bdd0515","E0H7r1mN6ry0kv4uGZ6L","Radium Development Berhad","WhatsApp Marketing Messages","whatsapp_marketing_message ref: wamid.HBgLNjAxNjIwOTMzNjIVAgARGBJGRUQ4NzM3MUJDRkVFMEM3RTUA","-","Aug 5th 2025, 09:37:33 AM",0.0903,"307.468650","307.468650","0.000000",0.0903,0
"689160310d4c110eaf2cae26","VfZvkCL9M13RPHNpCGPi","Alpha Galaxy Group","Workflow - Premium Features","Workflow - Premium Features (inbound_webhook)","-","Aug 5th 2025, 09:36:49 AM",0.01,"307.558950","307.558950","0.000000",0.01,0
"68916030c33a4f0b294cc16a","VfZvkCL9M13RPHNpCGPi","Alpha Galaxy Group","Workflow - Premium Features","Workflow - Premium Features (inbound_webhook)","-","Aug 5th 2025, 09:36:48 AM",0.01,"307.568950","307.568950","0.000000",0.01,0
"6891602ff1d1dd28fc580a55","VfZvkCL9M13RPHNpCGPi","Alpha Galaxy Group","Workflow - Premium Features","Workflow - Premium Features (inbound_webhook)","-","Aug 5th 2025, 09:36:48 AM",0.01,"307.578950","307.578950","0.000000",0.01,0
"68915dd9c33a4f542d4bc26a","BXuCudh2EKUEmv1gC4ai","SJ360","Emails","Email ref: woQCr655cSItfRrrddJO","-","Aug 5th 2025, 09:26:49 AM",0.000675,"307.588950","307.588950","0.000000",0.000675,0
"68915dc735c574f31bdedc1a","BXuCudh2EKUEmv1gC4ai","SJ360","Emails","Email ref: 68KvNYr52KhjHBcbmfxe","-","Aug 5th 2025, 09:26:32 AM",0.000675,"307.589625","307.589625","0.000000",0.000675,0
"68915dc6303e358c86acc810","BXuCudh2EKUEmv1gC4ai","SJ360","Email Notifications","EmailNotification ref: 68915dc4dcce9cf898e7a378","-","Aug 5th 2025, 09:26:30 AM",0.002025,"307.590300","307.590300","0.000000",0.002025,0
"68915d65f1d1dd5fae56de5d","WphrMU0x3Ocd2pEpBJcH","Demo","Workflow - Premium Features","Workflow - Premium Features (inbound_webhook)","-","Aug 5th 2025, 09:24:53 AM",0.01,"307.592325","307.592325","0.000000",0.01,0
"68915cd820fbf97323db9389","E0H7r1mN6ry0kv4uGZ6L","Radium Development Berhad","WhatsApp Marketing Messages","whatsapp_marketing_message ref: wamid.HBgMNjAxMTcxMTQ2OTE5FQIAERgSQzcyRjIzODRGRjVCQkU5N0MzAA==","-","Aug 5th 2025, 09:22:32 AM",0.0903,"307.602325","307.602325","0.000000",0.0903,0
"689159abc33a4f7414496fac","tCDIsdPF3Em8dZW3fc0B","MKH Berhad","Workflow - Premium Features","Workflow - Premium Features (inbound_webhook)","-","Aug 5th 2025, 09:09:00 AM",0.01,"307.692625","307.692625","0.000000",0.01,0
"689159ab46d1f2826edd1eb8","tCDIsdPF3Em8dZW3fc0B","MKH Berhad","Workflow - Premium Features","Workflow - Premium Features (inbound_webhook)","-","Aug 5th 2025, 09:08:59 AM",0.01,"307.702625","307.702625","0.000000",0.01,0
"689159aa8c3d6b3da475dc9f","tCDIsdPF3Em8dZW3fc0B","MKH Berhad","Workflow - Premium Features","Workflow - Premium Features (inbound_webhook)","-","Aug 5th 2025, 09:08:59 AM",0.01,"307.712625","307.712625","0.000000",0.01,0
"689159aac33a4f2c7b496f02","tCDIsdPF3Em8dZW3fc0B","MKH Berhad","Workflow - Premium Features","Workflow - Premium Features (inbound_webhook)","-","Aug 5th 2025, 09:08:59 AM",0.01,"307.722625","307.722625","0.000000",0.01,0
"68915972c2a7f5686da71c71","BXuCudh2EKUEmv1gC4ai","SJ360","Emails","Email ref: pI1f6Bn8vDLWKgsA0k62","-","Aug 5th 2025, 09:08:02 AM",0.000675,"307.732625","307.732625","0.000000",0.000675,0
"689157cac33a4f54bd47c040","VfZvkCL9M13RPHNpCGPi","Alpha Galaxy Group","WhatsApp Marketing Messages","whatsapp_marketing_message ref: wamid.HBgLNjAxNzkwMDMxNjkVAgARGBI0RjE4REJGMjYwOEQ0NjgyMjgA","-","Aug 5th 2025, 09:00:58 AM",0.0903,"307.733300","307.733300","0.000000",0.0903,0
"689150111fccf896f7af8ec4","tCDIsdPF3Em8dZW3fc0B","MKH Berhad","WhatsApp Marketing Messages","whatsapp_marketing_message ref: wamid.HBgMNjAxMTE2Mzk2MTU0FQIAERgSMEI2NTRFN0JBN0Q2MTgxNDlEAA==","-","Aug 5th 2025, 08:28:01 AM",0.0903,"307.823600","307.823600","0.000000",0.0903,0
"68914fb6f1d1dd9ece4eaf8e","tCDIsdPF3Em8dZW3fc0B","MKH Berhad","WhatsApp Marketing Messages","whatsapp_marketing_message ref: wamid.HBgLNjAxMjk1OTcwNzQVAgARGBI2NjhEN0M2N0RCQzAxNDlGNzAA","-","Aug 5th 2025, 08:26:30 AM",0.0903,"307.913900","307.913900","0.000000",0.0903,0
"68914f371fccf81a46af1f8a","tCDIsdPF3Em8dZW3fc0B","MKH Berhad","WhatsApp Marketing Messages","whatsapp_marketing_message ref: wamid.HBgLNjAxNjQxNDg1NDUVAgARGBJDRkVDODU0Mjg3RjUzQjVCN0QA","-","Aug 5th 2025, 08:24:23 AM",0.0903,"308.004200","308.004200","0.000000",0.0903,0
"68914f35830abe425d9c6f42","tCDIsdPF3Em8dZW3fc0B","MKH Berhad","WhatsApp Marketing Messages","whatsapp_marketing_message ref: wamid.HBgLNjAxNjQxNDg1NDUVAgARGBI1NkI2NUE4NkRCRkU2RDdENUQA","-","Aug 5th 2025, 08:24:21 AM",0.0903,"308.094500","308.094500","0.000000",0.0903,0
"689147b335c5742e88d027c9","tCDIsdPF3Em8dZW3fc0B","MKH Berhad","Workflow - Premium Features","Workflow - Premium Features (inbound_webhook)","-","Aug 5th 2025, 07:52:19 AM",0.01,"308.184800","308.184800","0.000000",0.01,0
"689147b3f1d1dd0112483e74","tCDIsdPF3Em8dZW3fc0B","MKH Berhad","Workflow - Premium Features","Workflow - Premium Features (inbound_webhook)","-","Aug 5th 2025, 07:52:19 AM",0.01,"308.194800","308.194800","0.000000",0.01,0
"689147afd3cd2a304702b7ca","tCDIsdPF3Em8dZW3fc0B","MKH Berhad","Workflow - Premium Features","Workflow - Premium Features (inbound_webhook)","-","Aug 5th 2025, 07:52:16 AM",0.01,"308.204800","308.204800","0.000000",0.01,0
"689147aff1d1ddb16d483a97","tCDIsdPF3Em8dZW3fc0B","MKH Berhad","Workflow - Premium Features","Workflow - Premium Features (inbound_webhook)","-","Aug 5th 2025, 07:52:15 AM",0.01,"308.214800","308.214800","0.000000",0.01,0
"68913e09830abe3acf8ed967","jH41Z47TXtote3u6rh92","OCR Group Berhad","Workflow - Premium Features","Workflow - Premium Features (inbound_webhook)","-","Aug 5th 2025, 07:11:06 AM",0.01,"308.224800","308.224800","0.000000",0.01,0
"6891304b46d1f261e1baf0d0","tCDIsdPF3Em8dZW3fc0B","MKH Berhad","Workflow - Premium Features","Workflow - Premium Features (inbound_webhook)","-","Aug 5th 2025, 06:12:28 AM",0.01,"308.234800","308.234800","0.000000",0.01,0
"6891304b35c5740f54ba7771","tCDIsdPF3Em8dZW3fc0B","MKH Berhad","Workflow - Premium Features","Workflow - Premium Features (inbound_webhook)","-","Aug 5th 2025, 06:12:27 AM",0.01,"308.244800","308.244800","0.000000",0.01,0
"689126ac303e3589e47d271b","jH41Z47TXtote3u6rh92","OCR Group Berhad","Workflow - Premium Features","Workflow - Premium Features (inbound_webhook)","-","Aug 5th 2025, 05:31:24 AM",0.01,"308.254800","308.254800","0.000000",0.01,0
"689125750d4c11aa39fa974a","tCDIsdPF3Em8dZW3fc0B","MKH Berhad","Workflow - Premium Features","Workflow - Premium Features (inbound_webhook)","-","Aug 5th 2025, 05:26:13 AM",0.01,"308.264800","308.264800","0.000000",0.01,0
"68912575830abe727773d7ad","tCDIsdPF3Em8dZW3fc0B","MKH Berhad","Workflow - Premium Features","Workflow - Premium Features (inbound_webhook)","-","Aug 5th 2025, 05:26:13 AM",0.01,"308.274800","308.274800","0.000000",0.01,0
"68911ac735c57458c49e4951","tCDIsdPF3Em8dZW3fc0B","MKH Berhad","Workflow - Premium Features","Workflow - Premium Features (inbound_webhook)","-","Aug 5th 2025, 04:40:40 AM",0.01,"308.284800","308.284800","0.000000",0.01,0
"68911ac7bbad852d9d6f1c92","tCDIsdPF3Em8dZW3fc0B","MKH Berhad","Workflow - Premium Features","Workflow - Premium Features (inbound_webhook)","-","Aug 5th 2025, 04:40:40 AM",0.01,"308.294800","308.294800","0.000000",0.01,0
"68911ac3f1d1ddb99f165aaf","tCDIsdPF3Em8dZW3fc0B","MKH Berhad","Workflow - Premium Features","Workflow - Premium Features (inbound_webhook)","-","Aug 5th 2025, 04:40:36 AM",0.01,"308.304800","308.304800","0.000000",0.01,0
"68911ac3f1d1dd531a165a9d","tCDIsdPF3Em8dZW3fc0B","MKH Berhad","Workflow - Premium Features","Workflow - Premium Features (inbound_webhook)","-","Aug 5th 2025, 04:40:36 AM",0.01,"308.314800","308.314800","0.000000",0.01,0
"6890d0ee46d1f272e6222189","tCDIsdPF3Em8dZW3fc0B","MKH Berhad","Workflow - Premium Features","Workflow - Premium Features (inbound_webhook)","-","Aug 4th 2025, 11:27:06 PM",0.01,"308.324800","308.324800","0.000000",0.01,0
"6890d0ee8c3d6b7513b80b59","tCDIsdPF3Em8dZW3fc0B","MKH Berhad","Workflow - Premium Features","Workflow - Premium Features (inbound_webhook)","-","Aug 4th 2025, 11:27:06 PM",0.01,"308.334800","308.334800","0.000000",0.01,0
"6890d0e7d3cd2a345b510aa8","tCDIsdPF3Em8dZW3fc0B","MKH Berhad","Workflow - Premium Features","Workflow - Premium Features (inbound_webhook)","-","Aug 4th 2025, 11:25:34 PM",0.01,"308.344800","308.344800","0.000000",0.01,0
"6890d0e70d4c11f7466bf990","tCDIsdPF3Em8dZW3fc0B","MKH Berhad","Workflow - Premium Features","Workflow - Premium Features (inbound_webhook)","-","Aug 4th 2025, 11:25:27 PM",0.01,"308.354800","308.354800","0.000000",0.01,0
"6890d0a6c33a4f523a8a6f59","tCDIsdPF3Em8dZW3fc0B","MKH Berhad","Workflow - Premium Features","Workflow - Premium Features (inbound_webhook)","-","Aug 4th 2025, 11:25:04 PM",0.01,"308.364800","308.364800","0.000000",0.01,0
"6890d0a60d4c1145106b7354","tCDIsdPF3Em8dZW3fc0B","MKH Berhad","Workflow - Premium Features","Workflow - Premium Features (inbound_webhook)","-","Aug 4th 2025, 11:25:04 PM",0.01,"308.374800","308.374800","0.000000",0.01,0
"6890cde3d3cd2a2edf497c62","E0H7r1mN6ry0kv4uGZ6L","Radium Development Berhad","Workflow - Premium Features","Workflow - Premium Features (inbound_webhook)","-","Aug 4th 2025, 11:15:05 PM",0.01,"308.384800","308.384800","0.000000",0.01,0
"6890cd6b303e35e31ce29279","tCDIsdPF3Em8dZW3fc0B","MKH Berhad","Workflow - Premium Features","Workflow - Premium Features (inbound_webhook)","-","Aug 4th 2025, 11:11:58 PM",0.01,"308.394800","308.394800","0.000000",0.01,0
"6890cd6a35c5740d47153728","tCDIsdPF3Em8dZW3fc0B","MKH Berhad","Workflow - Premium Features","Workflow - Premium Features (inbound_webhook)","-","Aug 4th 2025, 11:10:36 PM",0.01,"308.404800","308.404800","0.000000",0.01,0
"6890cc8d8c3d6bec93ac1cfb","tCDIsdPF3Em8dZW3fc0B","MKH Berhad","Workflow - Premium Features","Workflow - Premium Features (inbound_webhook)","-","Aug 4th 2025, 11:07:20 PM",0.01,"308.414800","308.414800","0.000000",0.01,0
"6890cc8b8c3d6b6d5cac1832","tCDIsdPF3Em8dZW3fc0B","MKH Berhad","Workflow - Premium Features","Workflow - Premium Features (inbound_webhook)","-","Aug 4th 2025, 11:06:54 PM",0.01,"308.424800","308.424800","0.000000",0.01,0
"6890cc881fccf8a28ceba15b","tCDIsdPF3Em8dZW3fc0B","MKH Berhad","Workflow - Premium Features","Workflow - Premium Features (inbound_webhook)","-","Aug 4th 2025, 11:06:51 PM",0.01,"308.434800","308.434800","0.000000",0.01,0
"6890cc881fccf8274aeba0f7","tCDIsdPF3Em8dZW3fc0B","MKH Berhad","Workflow - Premium Features","Workflow - Premium Features (inbound_webhook)","-","Aug 4th 2025, 11:06:51 PM",0.01,"308.444800","308.444800","0.000000",0.01,0
"6890c13dd3cd2a6d532f609f","tCDIsdPF3Em8dZW3fc0B","MKH Berhad","Workflow - Premium Features","Workflow - Premium Features (inbound_webhook)","-","Aug 4th 2025, 10:20:16 PM",0.01,"308.454800","308.454800","0.000000",0.01,0
"6890c13d303e35526dca4890","tCDIsdPF3Em8dZW3fc0B","MKH Berhad","Workflow - Premium Features","Workflow - Premium Features (inbound_webhook)","-","Aug 4th 2025, 10:18:37 PM",0.01,"308.464800","308.464800","0.000000",0.01,0
"6890ba338c3d6b87e184b7e9","vyVrSY24jVqqDVno3tHp","Mitraland Group","Workflow - Premium Features","Workflow - Premium Features (inbound_webhook)","-","Aug 4th 2025, 09:48:36 PM",0,"308.474800","308.474800","0.000000",0,0
"6890b9430d4c1105ad374809","tCDIsdPF3Em8dZW3fc0B","MKH Berhad","Workflow - Premium Features","Workflow - Premium Features (inbound_webhook)","-","Aug 4th 2025, 09:44:36 PM",0.01,"308.474800","308.474800","0.000000",0.01,0
"6890b943d3cd2a29251c5317","tCDIsdPF3Em8dZW3fc0B","MKH Berhad","Workflow - Premium Features","Workflow - Premium Features (inbound_webhook)","-","Aug 4th 2025, 09:44:35 PM",0.01,"308.484800","308.484800","0.000000",0.01,0
"6890b2b9d3cd2ad23e109c93","tCDIsdPF3Em8dZW3fc0B","MKH Berhad","Workflow - Premium Features","Workflow - Premium Features (inbound_webhook)","-","Aug 4th 2025, 09:19:11 PM",0.01,"308.494800","308.494800","0.000000",0.01,0
"6890b2b90d4c11d1492b80b0","tCDIsdPF3Em8dZW3fc0B","MKH Berhad","Workflow - Premium Features","Workflow - Premium Features (inbound_webhook)","-","Aug 4th 2025, 09:19:11 PM",0.01,"308.504800","308.504800","0.000000",0.01,0
"6890b2b58c3d6b47e977b0b0","tCDIsdPF3Em8dZW3fc0B","MKH Berhad","Workflow - Premium Features","Workflow - Premium Features (inbound_webhook)","-","Aug 4th 2025, 09:16:41 PM",0.01,"308.514800","308.514800","0.000000",0.01,0
"6890b2b5303e353055ab62de","tCDIsdPF3Em8dZW3fc0B","MKH Berhad","Workflow - Premium Features","Workflow - Premium Features (inbound_webhook)","-","Aug 4th 2025, 09:16:41 PM",0.01,"308.524800","308.524800","0.000000",0.01,0
"6890a8b00d4c11bdaa1b5e06","tCDIsdPF3Em8dZW3fc0B","MKH Berhad","Workflow - Premium Features","Workflow - Premium Features (inbound_webhook)","-","Aug 4th 2025, 08:34:06 PM",0.01,"308.534800","308.534800","0.000000",0.01,0
"6890a8b020fbf934e6cb3976","tCDIsdPF3Em8dZW3fc0B","MKH Berhad","Workflow - Premium Features","Workflow - Premium Features (inbound_webhook)","-","Aug 4th 2025, 08:33:52 PM",0.01,"308.544800","308.544800","0.000000",0.01,0
"6890a86ef1d1ddb7ef45f9a0","tCDIsdPF3Em8dZW3fc0B","MKH Berhad","Workflow - Premium Features","Workflow - Premium Features (inbound_webhook)","-","Aug 4th 2025, 08:32:55 PM",0.01,"308.554800","308.554800","0.000000",0.01,0
"6890a86dc33a4f09d639b0dc","tCDIsdPF3Em8dZW3fc0B","MKH Berhad","Workflow - Premium Features","Workflow - Premium Features (inbound_webhook)","-","Aug 4th 2025, 08:32:46 PM",0.01,"308.564800","308.564800","0.000000",0.01,0
"6890a7b21fccf8279ca4cfe3","rsdW1sEFWbzzULIapmdQ","Platinum Victory","WhatsApp Marketing Messages","whatsapp_marketing_message ref: wamid.HBgMOTcxNTUzOTUyNDIyFQIAERgSQTkxMDFEOTIwRDA0MDJCRjI3AA==","-","Aug 4th 2025, 08:30:05 PM",0.04032,"308.574800","308.574800","0.000000",0.04032,0
"6890a78bc33a4f5f06386eb2","rsdW1sEFWbzzULIapmdQ","Platinum Victory","Email Notifications","EmailNotification ref: 6890a78909f4d7bf0b504ff6","-","Aug 4th 2025, 08:29:05 PM",0.000675,"308.615120","308.615120","0.000000",0.000675,0
"6890a7838c3d6bf7e565d685","rsdW1sEFWbzzULIapmdQ","Platinum Victory","Workflow - Premium Features","Workflow - Premium Features (inbound_webhook)","-","Aug 4th 2025, 08:28:59 PM",0.01,"308.615795","308.615795","0.000000",0.01,0
"6890a451d3cd2affb6fbfd28","tCDIsdPF3Em8dZW3fc0B","MKH Berhad","Workflow - Premium Features","Workflow - Premium Features (inbound_webhook)","-","Aug 4th 2025, 08:15:20 PM",0.01,"308.625795","308.625795","0.000000",0.01,0
"6890a451c33a4f089535ccda","tCDIsdPF3Em8dZW3fc0B","MKH Berhad","Workflow - Premium Features","Workflow - Premium Features (inbound_webhook)","-","Aug 4th 2025, 08:15:13 PM",0.01,"308.635795","308.635795","0.000000",0.01,0
"68909ec020fbf920b8bcae86","rsdW1sEFWbzzULIapmdQ","Platinum Victory","WhatsApp Marketing Messages","whatsapp_marketing_message ref: wamid.HBgMNjAxMTI2NDI3NzkxFQIAERgSNUU1MUZGNUUzQjhDMTdBQjZGAA==","-","Aug 4th 2025, 07:52:02 PM",0.0903,"308.645795","308.645795","0.000000",0.0903,0
"68909eb1f1d1dd281538b4bc","rsdW1sEFWbzzULIapmdQ","Platinum Victory","WhatsApp Marketing Messages","whatsapp_marketing_message ref: wamid.HBgLNjAxNzQ2NDQ1NTAVAgARGBJEMzBBMDdFOTA3OTdFN0MzQjkA","-","Aug 4th 2025, 07:51:28 PM",0.0903,"308.736095","308.736095","0.000000",0.0903,0
"68909e96b1f732b4b77b6562","rsdW1sEFWbzzULIapmdQ","Platinum Victory","WhatsApp Marketing Messages","whatsapp_marketing_message ref: wamid.HBgLNjAxNzQ2NDQ1NTAVAgARGBIyODZFOTU3MTVDQzRGNERFQTQA","-","Aug 4th 2025, 07:51:13 PM",0.0903,"308.826395","308.826395","0.000000",0.0903,0
"68909e89c2a7f560878b2324","rsdW1sEFWbzzULIapmdQ","Platinum Victory","WhatsApp Marketing Messages","whatsapp_marketing_message ref: wamid.HBgMNjAxMTM3NjExMzIwFQIAERgSRjI0OEQ1MzM0QTVBNTM5QUJBAA==","-","Aug 4th 2025, 07:50:46 PM",0.0903,"308.916695","308.916695","0.000000",0.0903,0
"68909e1bc33a4f716c2b45f2","rsdW1sEFWbzzULIapmdQ","Platinum Victory","WhatsApp Marketing Messages","whatsapp_marketing_message ref: wamid.HBgMNjAxMTM2OTAxMjMwFQIAERgSMjM1N0JGNTQ1NjJGNTA2RkIyAA==","-","Aug 4th 2025, 07:48:44 PM",0.0903,"309.006995","309.006995","0.000000",0.0903,0
"689099d91fccf879b1945c53","jH41Z47TXtote3u6rh92","OCR Group Berhad","Workflow - Premium Features","Workflow - Premium Features (inbound_webhook)","-","Aug 4th 2025, 07:32:30 PM",0.01,"309.097295","309.097295","0.000000",0.01,0
"689097d4830abe9b8680236b","rsdW1sEFWbzzULIapmdQ","Platinum Victory","Workflow - Premium Features","Workflow - Premium Features (inbound_webhook)","-","Aug 4th 2025, 07:25:02 PM",0.01,"309.107295","309.107295","0.000000",0.01,0
"6890938346d1f297ccbe50eb","VfZvkCL9M13RPHNpCGPi","Alpha Galaxy Group","Workflow - Premium Features","Workflow - Premium Features (inbound_webhook)","-","Aug 4th 2025, 07:05:04 PM",0.01,"309.117295","309.117295","0.000000",0.01,0
"689092b1303e3580a6829ae4","tCDIsdPF3Em8dZW3fc0B","MKH Berhad","Workflow - Premium Features","Workflow - Premium Features (inbound_webhook)","-","Aug 4th 2025, 07:03:31 PM",0.01,"309.127295","309.127295","0.000000",0.01,0
"689092b1303e35c738829ae2","tCDIsdPF3Em8dZW3fc0B","MKH Berhad","Workflow - Premium Features","Workflow - Premium Features (inbound_webhook)","-","Aug 4th 2025, 07:03:31 PM",0.01,"309.137295","309.137295","0.000000",0.01,0
"689091b9d4b46e6557d8d62e","tCDIsdPF3Em8dZW3fc0B","MKH Berhad","Workflow - Premium Features","Workflow - Premium Features (inbound_webhook)","-","Aug 4th 2025, 06:59:46 PM",0.01,"309.147295","309.147295","0.000000",0.01,0
"689091b91fccf806468d3e3d","tCDIsdPF3Em8dZW3fc0B","MKH Berhad","Workflow - Premium Features","Workflow - Premium Features (inbound_webhook)","-","Aug 4th 2025, 06:59:46 PM",0.01,"309.157295","309.157295","0.000000",0.01,0
"6890914535c57427b9b46787","MfDp0AqaeLg78p4R0k3Y","MKH Berhad Feedback","Emails","Email ref: DD8XZpMk3SS2a7DKXP9m","-","Aug 4th 2025, 06:54:58 PM",0.000675,"309.167295","309.167295","0.000000",0.000675,0
"689091428c3d6b51534e4274","MfDp0AqaeLg78p4R0k3Y","MKH Berhad Feedback","Emails","Email ref: XTEJH0pIRXRZHi3PX8G9","-","Aug 4th 2025, 06:53:57 PM",0.000675,"309.167970","309.167970","0.000000",0.000675,0
"68908fe746d1f2386cbbe833","MfDp0AqaeLg78p4R0k3Y","MKH Berhad Feedback","Emails","Email ref: Rm3bYGcfAji3pnJN3Wlh","-","Aug 4th 2025, 06:50:04 PM",0.000675,"309.168645","309.168645","0.000000",0.000675,0
"68908aa88c3d6b1954496e66","rsdW1sEFWbzzULIapmdQ","Platinum Victory","WhatsApp Marketing Messages","whatsapp_marketing_message ref: wamid.HBgLNjAxNjY2NjYxNTQVAgARGBJCRDU2MEQ4MUIzRDExRDZFNTIA","-","Aug 4th 2025, 06:26:23 PM",0.0903,"309.169320","309.169320","0.000000",0.0903,0
"68908a860d4c11b784fd25c8","rsdW1sEFWbzzULIapmdQ","Platinum Victory","Workflow - Premium Features","Workflow - Premium Features (inbound_webhook)","-","Aug 4th 2025, 06:26:23 PM",0.01,"309.259620","309.259620","0.000000",0.01,0
"689087b5c2a7f5740a7a51a5","tCDIsdPF3Em8dZW3fc0B","MKH Berhad","Workflow - Premium Features","Workflow - Premium Features (inbound_webhook)","-","Aug 4th 2025, 06:15:20 PM",0.01,"309.269620","309.269620","0.000000",0.01,0
"689087b5c2a7f56a0f7a51a1","tCDIsdPF3Em8dZW3fc0B","MKH Berhad","Workflow - Premium Features","Workflow - Premium Features (inbound_webhook)","-","Aug 4th 2025, 06:15:20 PM",0.01,"309.279620","309.279620","0.000000",0.01,0
"68908795b1f73208da6a93cf","tCDIsdPF3Em8dZW3fc0B","MKH Berhad","Workflow - Premium Features","Workflow - Premium Features (inbound_webhook)","-","Aug 4th 2025, 06:12:55 PM",0.01,"309.289620","309.289620","0.000000",0.01,0
"68908795b1f73263c46a93d1","tCDIsdPF3Em8dZW3fc0B","MKH Berhad","Workflow - Premium Features","Workflow - Premium Features (inbound_webhook)","-","Aug 4th 2025, 06:12:55 PM",0.01,"309.299620","309.299620","0.000000",0.01,0
"68908764b1f7324ee06a6cbd","tCDIsdPF3Em8dZW3fc0B","MKH Berhad","Workflow - Premium Features","Workflow - Premium Features (inbound_webhook)","-","Aug 4th 2025, 06:12:37 PM",0.01,"309.309620","309.309620","0.000000",0.01,0
"68908764303e35855e7ba106","tCDIsdPF3Em8dZW3fc0B","MKH Berhad","Workflow - Premium Features","Workflow - Premium Features (inbound_webhook)","-","Aug 4th 2025, 06:12:37 PM",0.01,"309.319620","309.319620","0.000000",0.01,0
"6890863635c5747717ad64e0","tCDIsdPF3Em8dZW3fc0B","MKH Berhad","Workflow - Premium Features","Workflow - Premium Features (inbound_webhook)","-","Aug 4th 2025, 06:10:03 PM",0.01,"309.329620","309.329620","0.000000",0.01,0
"68908636b1f732d47b69cb35","tCDIsdPF3Em8dZW3fc0B","MKH Berhad","Workflow - Premium Features","Workflow - Premium Features (inbound_webhook)","-","Aug 4th 2025, 06:06:46 PM",0.01,"309.339620","309.339620","0.000000",0.01,0
"6890863246d1f20711b56e5b","tCDIsdPF3Em8dZW3fc0B","MKH Berhad","Workflow - Premium Features","Workflow - Premium Features (inbound_webhook)","-","Aug 4th 2025, 06:06:46 PM",0.01,"309.349620","309.349620","0.000000",0.01,0
"68908632c33a4fde4219f10f","tCDIsdPF3Em8dZW3fc0B","MKH Berhad","Workflow - Premium Features","Workflow - Premium Features (inbound_webhook)","-","Aug 4th 2025, 06:06:42 PM",0.01,"309.359620","309.359620","0.000000",0.01,0
"68908321303e357723790df5","tCDIsdPF3Em8dZW3fc0B","MKH Berhad","Workflow - Premium Features","Workflow - Premium Features (inbound_webhook)","-","Aug 4th 2025, 05:55:03 PM",0.01,"309.369620","309.369620","0.000000",0.01,0
"689083210d4c1165d1f917cc","tCDIsdPF3Em8dZW3fc0B","MKH Berhad","Workflow - Premium Features","Workflow - Premium Features (inbound_webhook)","-","Aug 4th 2025, 05:53:37 PM",0.01,"309.379620","309.379620","0.000000",0.01,0
"6890814120fbf91989a889cc","tCDIsdPF3Em8dZW3fc0B","MKH Berhad","Workflow - Premium Features","Workflow - Premium Features (inbound_webhook)","-","Aug 4th 2025, 05:50:05 PM",0.01,"309.389620","309.389620","0.000000",0.01,0
"6890814120fbf91e37a889c7","tCDIsdPF3Em8dZW3fc0B","MKH Berhad","Workflow - Premium Features","Workflow - Premium Features (inbound_webhook)","-","Aug 4th 2025, 05:45:37 PM",0.01,"309.399620","309.399620","0.000000",0.01,0
"689080fc303e35d4037870f7","tCDIsdPF3Em8dZW3fc0B","MKH Berhad","Workflow - Premium Features","Workflow - Premium Features (inbound_webhook)","-","Aug 4th 2025, 05:45:04 PM",0.01,"309.409620","309.409620","0.000000",0.01,0
"689080fc8c3d6b467744add9","tCDIsdPF3Em8dZW3fc0B","MKH Berhad","Workflow - Premium Features","Workflow - Premium Features (inbound_webhook)","-","Aug 4th 2025, 05:44:28 PM",0.01,"309.419620","309.419620","0.000000",0.01,0
"689080b2c33a4f11951753b0","tCDIsdPF3Em8dZW3fc0B","MKH Berhad","Workflow - Premium Features","Workflow - Premium Features (inbound_webhook)","-","Aug 4th 2025, 05:44:20 PM",0.01,"309.429620","309.429620","0.000000",0.01,0
"689080b2c33a4f5f851753ab","tCDIsdPF3Em8dZW3fc0B","MKH Berhad","Workflow - Premium Features","Workflow - Premium Features (inbound_webhook)","-","Aug 4th 2025, 05:43:14 PM",0.01,"309.439620","309.439620","0.000000",0.01,0
"689080aec2a7f529c176e1e8","tCDIsdPF3Em8dZW3fc0B","MKH Berhad","Workflow - Premium Features","Workflow - Premium Features (inbound_webhook)","-","Aug 4th 2025, 05:43:10 PM",0.01,"309.449620","309.449620","0.000000",0.01,0
"689080add3cd2ae404dd51b4","tCDIsdPF3Em8dZW3fc0B","MKH Berhad","Workflow - Premium Features","Workflow - Premium Features (inbound_webhook)","-","Aug 4th 2025, 05:43:10 PM",0.01,"309.459620","309.459620","0.000000",0.01,0
"68907fbac2a7f5a588767cb2","rsdW1sEFWbzzULIapmdQ","Platinum Victory","WhatsApp Marketing Messages","whatsapp_marketing_message ref: wamid.HBgMNjAxMTI2MTMxMTQ3FQIAERgSQzY1RkUwRUE3RUJCOTQ3NUNCAA==","-","Aug 4th 2025, 05:40:02 PM",0.0903,"309.469620","309.469620","0.000000",0.0903,0
"68907fa9d3cd2a44e2dcea84","rsdW1sEFWbzzULIapmdQ","Platinum Victory","WhatsApp Marketing Messages","whatsapp_marketing_message ref: wamid.HBgMNjAxMTI2MTMxMTQ3FQIAERgSOUQ5NzYxOThBNEZBRTFEMzU0AA==","-","Aug 4th 2025, 05:39:06 PM",0.0903,"309.559920","309.559920","0.000000",0.0903,0
"68907f8ec33a4f2c8616e5b6","rsdW1sEFWbzzULIapmdQ","Platinum Victory","WhatsApp Marketing Messages","whatsapp_marketing_message ref: wamid.HBgLNjAxMDk3MTE5NTcVAgARGBJDNjdCQ0MzQkU3MDc3QjgyQjIA","-","Aug 4th 2025, 05:38:49 PM",0.0903,"309.650220","309.650220","0.000000",0.0903,0
"68907f59b1f732047a66b059","rsdW1sEFWbzzULIapmdQ","Platinum Victory","WhatsApp Marketing Messages","whatsapp_marketing_message ref: wamid.HBgLNjAxOTM4OTc1MTkVAgARGBI4ODkyOTA2MzI2RTdBMEMzOEQA","-","Aug 4th 2025, 05:38:22 PM",0.0903,"309.740520","309.740520","0.000000",0.0903,0
"68907f2d0d4c1174eef7e3ae","rsdW1sEFWbzzULIapmdQ","Platinum Victory","WhatsApp Marketing Messages","whatsapp_marketing_message ref: wamid.HBgLNjAxNzYxNDgwNjcVAgARGBJBOTc1NEJBMTlDNkZGNzg3OUYA","-","Aug 4th 2025, 05:37:29 PM",0.0903,"309.830820","309.830820","0.000000",0.0903,0
"68907ed7d3cd2a71c7dca67e","rsdW1sEFWbzzULIapmdQ","Platinum Victory","Email Notifications","EmailNotification ref: 68907ed67143a4dde1abcb2d","-","Aug 4th 2025, 05:36:45 PM",0.000675,"309.921120","309.921120","0.000000",0.000675,0
"68907eccc2a7f5f03b762c0f","rsdW1sEFWbzzULIapmdQ","Platinum Victory","Workflow - Premium Features","Workflow - Premium Features (inbound_webhook)","-","Aug 4th 2025, 05:35:19 PM",0.01,"309.921795","309.921795","0.000000",0.01,0
"68907e3835c5740df5a9c5d6","tCDIsdPF3Em8dZW3fc0B","MKH Berhad","Workflow - Premium Features","Workflow - Premium Features (inbound_webhook)","-","Aug 4th 2025, 05:35:04 PM",0.01,"309.931795","309.931795","0.000000",0.01,0
"68907e3846d1f23385b1d583","tCDIsdPF3Em8dZW3fc0B","MKH Berhad","Workflow - Premium Features","Workflow - Premium Features (inbound_webhook)","-","Aug 4th 2025, 05:32:40 PM",0.01,"309.941795","309.941795","0.000000",0.01,0
"68907dd70d4c11d02bf7269c","tCDIsdPF3Em8dZW3fc0B","MKH Berhad","Workflow - Premium Features","Workflow - Premium Features (inbound_webhook)","-","Aug 4th 2025, 05:31:03 PM",0.01,"309.951795","309.951795","0.000000",0.01,0
"68907dd71fccf8a30582189e","tCDIsdPF3Em8dZW3fc0B","MKH Berhad","Workflow - Premium Features","Workflow - Premium Features (inbound_webhook)","-","Aug 4th 2025, 05:31:03 PM",0.01,"309.961795","309.961795","0.000000",0.01,0
"68907dd1c2a7f5fc867591b1","tCDIsdPF3Em8dZW3fc0B","MKH Berhad","Workflow - Premium Features","Workflow - Premium Features (inbound_webhook)","-","Aug 4th 2025, 05:31:03 PM",0.01,"309.971795","309.971795","0.000000",0.01,0
"68907dd1c33a4f6a5816044e","tCDIsdPF3Em8dZW3fc0B","MKH Berhad","Workflow - Premium Features","Workflow - Premium Features (inbound_webhook)","-","Aug 4th 2025, 05:30:57 PM",0.01,"309.981795","309.981795","0.000000",0.01,0
"68907caf303e35fc8e76b128","tCDIsdPF3Em8dZW3fc0B","MKH Berhad","Workflow - Premium Features","Workflow - Premium Features (inbound_webhook)","-","Aug 4th 2025, 05:30:02 PM",0.01,"309.991795","309.991795","0.000000",0.01,0
"68907caf0d4c11cda4f6bcc3","tCDIsdPF3Em8dZW3fc0B","MKH Berhad","Workflow - Premium Features","Workflow - Premium Features (inbound_webhook)","-","Aug 4th 2025, 05:30:02 PM",0.01,"310.001795","310.001795","0.000000",0.01,0
"68907bde8c3d6b483242b42c","tCDIsdPF3Em8dZW3fc0B","MKH Berhad","Workflow - Premium Features","Workflow - Premium Features (inbound_webhook)","-","Aug 4th 2025, 05:25:03 PM",0.01,"310.011795","310.011795","0.000000",0.01,0
"68907bdec2a7f50e6174f2ce","tCDIsdPF3Em8dZW3fc0B","MKH Berhad","Workflow - Premium Features","Workflow - Premium Features (inbound_webhook)","-","Aug 4th 2025, 05:22:38 PM",0.01,"310.021795","310.021795","0.000000",0.01,0
"68907bd735c574b767a8d468","tCDIsdPF3Em8dZW3fc0B","MKH Berhad","Workflow - Premium Features","Workflow - Premium Features (inbound_webhook)","-","Aug 4th 2025, 05:22:35 PM",0.01,"310.031795","310.031795","0.000000",0.01,0
"68907bd7d3cd2a26c0db67d8","tCDIsdPF3Em8dZW3fc0B","MKH Berhad","Workflow - Premium Features","Workflow - Premium Features (inbound_webhook)","-","Aug 4th 2025, 05:22:31 PM",0.01,"310.041795","310.041795","0.000000",0.01,0
"68907a5dc2a7f50b5e746d8e","E0H7r1mN6ry0kv4uGZ6L","Radium Development Berhad","WhatsApp Marketing Messages","whatsapp_marketing_message ref: wamid.HBgLNjAxMjUxNzE3ODEVAgARGBI0RURBNURGNTAwRjhBNTE5RjQA","-","Aug 4th 2025, 05:16:13 PM",0.0903,"310.051795","310.051795","0.000000",0.0903,0
"68907a53830abe31d96dc516","E0H7r1mN6ry0kv4uGZ6L","Radium Development Berhad","WhatsApp Marketing Messages","whatsapp_marketing_message ref: wamid.HBgLNjAxMjUxNzE3ODEVAgARGBI0Mzk1RTQ1MUI2MjlEREMyREMA","-","Aug 4th 2025, 05:16:13 PM",0.0903,"310.142095","310.142095","0.000000",0.0903,0
"68907a34f1d1ddcf6621e6c8","BXuCudh2EKUEmv1gC4ai","SJ360","Emails","Email ref: e30EMltcnUiFw81Cz0Bn","-","Aug 4th 2025, 05:16:03 PM",0.000675,"310.232395","310.232395","0.000000",0.000675,0
"68907a27c33a4febaf14c78b","BXuCudh2EKUEmv1gC4ai","SJ360","Emails","Email ref: 2ehf38RDqmDGbied5fJX","-","Aug 4th 2025, 05:15:32 PM",0.000675,"310.233070","310.233070","0.000000",0.000675,0
"68907a268c3d6b80f742144f","BXuCudh2EKUEmv1gC4ai","SJ360","Email Notifications","EmailNotification ref: 68907a2392d7e4d2e1af57f6","-","Aug 4th 2025, 05:15:19 PM",0.002025,"310.233745","310.233745","0.000000",0.002025,0
"68907a25830abe79bb6dae27","BXuCudh2EKUEmv1gC4ai","SJ360","LC Email Verification","EmailVerification ref: 7w4jc6iAh8Lo7xPOrBFz-1754298916","-","Aug 4th 2025, 05:15:18 PM",0.0025,"310.235770","310.235770","0.000000",0.0025,0
"6890798dc2a7f584cf741620","tCDIsdPF3Em8dZW3fc0B","MKH Berhad","Workflow - Premium Features","Workflow - Premium Features (inbound_webhook)","-","Aug 4th 2025, 05:15:04 PM",0.01,"310.238270","310.238270","0.000000",0.01,0
"6890798d20fbf966b7a599d5","tCDIsdPF3Em8dZW3fc0B","MKH Berhad","Workflow - Premium Features","Workflow - Premium Features (inbound_webhook)","-","Aug 4th 2025, 05:15:04 PM",0.01,"310.248270","310.248270","0.000000",0.01,0
"68907988c33a4f6fea148737","tCDIsdPF3Em8dZW3fc0B","MKH Berhad","Workflow - Premium Features","Workflow - Premium Features (inbound_webhook)","-","Aug 4th 2025, 05:12:45 PM",0.01,"310.258270","310.258270","0.000000",0.01,0
"68907988b1f7328a4a646895","tCDIsdPF3Em8dZW3fc0B","MKH Berhad","Workflow - Premium Features","Workflow - Premium Features (inbound_webhook)","-","Aug 4th 2025, 05:12:40 PM",0.01,"310.268270","310.268270","0.000000",0.01,0
"689078e61fccf859468053d1","E0H7r1mN6ry0kv4uGZ6L","Radium Development Berhad","WhatsApp Marketing Messages","whatsapp_marketing_message ref: wamid.HBgLNjAxODkyMzg3MjIVAgARGBI5MzIzRDU3N0E2NkQ5NUM0MEEA","-","Aug 4th 2025, 05:10:04 PM",0.0903,"310.278270","310.278270","0.000000",0.0903,0
"68907899bbad85522c7929f4","tCDIsdPF3Em8dZW3fc0B","MKH Berhad","Workflow - Premium Features","Workflow - Premium Features (inbound_webhook)","-","Aug 4th 2025, 05:09:58 PM",0.01,"310.368570","310.368570","0.000000",0.01,0
"68907899bbad855df37929df","tCDIsdPF3Em8dZW3fc0B","MKH Berhad","Workflow - Premium Features","Workflow - Premium Features (inbound_webhook)","-","Aug 4th 2025, 05:09:58 PM",0.01,"310.378570","310.378570","0.000000",0.01,0
"6890789235c5741507a78bb5","tCDIsdPF3Em8dZW3fc0B","MKH Berhad","Workflow - Premium Features","Workflow - Premium Features (inbound_webhook)","-","Aug 4th 2025, 05:08:41 PM",0.01,"310.388570","310.388570","0.000000",0.01,0
"68907892c33a4f53f1141d63","tCDIsdPF3Em8dZW3fc0B","MKH Berhad","Workflow - Premium Features","Workflow - Premium Features (inbound_webhook)","-","Aug 4th 2025, 05:08:34 PM",0.01,"310.398570","310.398570","0.000000",0.01,0
"68907719830abe192e6bc3c5","tCDIsdPF3Em8dZW3fc0B","MKH Berhad","Workflow - Premium Features","Workflow - Premium Features (inbound_webhook)","-","Aug 4th 2025, 05:05:02 PM",0.01,"310.408570","310.408570","0.000000",0.01,0
"68907719f1d1dd9f7f1ff2cd","tCDIsdPF3Em8dZW3fc0B","MKH Berhad","Workflow - Premium Features","Workflow - Premium Features (inbound_webhook)","-","Aug 4th 2025, 05:02:17 PM",0.01,"310.418570","310.418570","0.000000",0.01,0
"689075c6c2a7f562e8716dd4","tCDIsdPF3Em8dZW3fc0B","MKH Berhad","Workflow - Premium Features","Workflow - Premium Features (inbound_webhook)","-","Aug 4th 2025, 04:59:16 PM",0.01,"310.428570","310.428570","0.000000",0.01,0
"689075c6c2a7f51c96716dcc","tCDIsdPF3Em8dZW3fc0B","MKH Berhad","Workflow - Premium Features","Workflow - Premium Features (inbound_webhook)","-","Aug 4th 2025, 04:59:16 PM",0.01,"310.438570","310.438570","0.000000",0.01,0
"689075c58c3d6b678a3f318a","tCDIsdPF3Em8dZW3fc0B","MKH Berhad","Workflow - Premium Features","Workflow - Premium Features (inbound_webhook)","-","Aug 4th 2025, 04:56:37 PM",0.01,"310.448570","310.448570","0.000000",0.01,0
"689075c50d4c112120f3047a","tCDIsdPF3Em8dZW3fc0B","MKH Berhad","Workflow - Premium Features","Workflow - Premium Features (inbound_webhook)","-","Aug 4th 2025, 04:56:37 PM",0.01,"310.458570","310.458570","0.000000",0.01,0
"6890757946d1f26bfdad4cfb","MfDp0AqaeLg78p4R0k3Y","MKH Berhad Feedback","Emails","Email ref: 69kXo9xOrzpRKjSKdrC6","-","Aug 4th 2025, 04:56:37 PM",0.000675,"310.468570","310.468570","0.000000",0.000675,0
"689074d5b1f732646861823c","E0H7r1mN6ry0kv4uGZ6L","Radium Development Berhad","WhatsApp Marketing Messages","whatsapp_marketing_message ref: wamid.HBgLNjAxMjU5Mjk2NDkVAgARGBI2QTE1MzUyRTM3QUI0NTU5MEYA","-","Aug 4th 2025, 04:55:02 PM",0.0903,"310.469245","310.469245","0.000000",0.0903,0
"6890723f830abe060469b979","rsdW1sEFWbzzULIapmdQ","Platinum Victory","Workflow - Premium Features","Workflow - Premium Features (inbound_webhook)","-","Aug 4th 2025, 04:43:05 PM",0.01,"310.559545","310.559545","0.000000",0.01,0
"6890722a8c3d6bf1473e1eaa","VfZvkCL9M13RPHNpCGPi","Alpha Galaxy Group","WhatsApp Marketing Messages","whatsapp_marketing_message ref: wamid.HBgLNjAxOTc5MDc0NTIVAgARGBJFOUQ0REMxMDVCODFCRjQwRUIA","-","Aug 4th 2025, 04:41:35 PM",0.0903,"310.569545","310.569545","0.000000",0.0903,0
"68906d86c33a4f67b30f6883","E0H7r1mN6ry0kv4uGZ6L","Radium Development Berhad","WhatsApp Marketing Messages","whatsapp_marketing_message ref: wamid.HBgLNjAxNjMwODI4NTUVAgARGBJGQ0U1MDFERTMzNzFFMUQzOTMA","-","Aug 4th 2025, 04:25:05 PM",0.0903,"310.659845","310.659845","0.000000",0.0903,0
"689069a10d4c11cabeee95ba","vyVrSY24jVqqDVno3tHp","Mitraland Group","Workflow - Premium Features","Workflow - Premium Features (inbound_webhook)","-","Aug 4th 2025, 04:05:02 PM",0,"310.750145","310.750145","0.000000",0,0
"689067d1d4b46e08c4c3156f","E0H7r1mN6ry0kv4uGZ6L","Radium Development Berhad","WhatsApp Marketing Messages","whatsapp_marketing_message ref: wamid.HBgLNjAxMjQxMTcxMTQVAgARGBJERTY2MUFFMzYwNjFDOEFCODAA","-","Aug 4th 2025, 03:57:14 PM",0.0903,"310.750145","310.750145","0.000000",0.0903,0
"689067b535c57478419ed3d9","E0H7r1mN6ry0kv4uGZ6L","Radium Development Berhad","WhatsApp Marketing Messages","whatsapp_marketing_message ref: wamid.HBgLNjAxNzMzMDkwNTEVAgARGBI4QTk4ODE3MkNCRUZBQjkxRUUA","-","Aug 4th 2025, 03:56:37 PM",0.0903,"310.840445","310.840445","0.000000",0.0903,0
"6890679e35c5742ccf9ecfe2","E0H7r1mN6ry0kv4uGZ6L","Radium Development Berhad","WhatsApp Marketing Messages","whatsapp_marketing_message ref: wamid.HBgLNjAxMzI1MTk1MTIVAgARGBI0NjI5NTcwNDQ3NzU1QTFENkMA","-","Aug 4th 2025, 03:56:15 PM",0.0903,"310.930745","310.930745","0.000000",0.0903,0
"689067661fccf8bbd8775ef7","E0H7r1mN6ry0kv4uGZ6L","Radium Development Berhad","WhatsApp Marketing Messages","whatsapp_marketing_message ref: wamid.HBgLNjAxOTI2Mjg5OTQVAgARGBI4NURFMzI4OTYxMEVENzQzREEA","-","Aug 4th 2025, 03:55:37 PM",0.0903,"311.021045","311.021045","0.000000",0.0903,0
"68906721303e3545d56c5d0a","E0H7r1mN6ry0kv4uGZ6L","Radium Development Berhad","WhatsApp Marketing Messages","whatsapp_marketing_message ref: wamid.HBgLNjAxMzM1MDI2MjYVAgARGBJDOUFBNUVFOEQ5M0Q0MTk3NzIA","-","Aug 4th 2025, 03:54:16 PM",0.0903,"311.111345","311.111345","0.000000",0.0903,0
"689067111fccf8ac4e7744a6","E0H7r1mN6ry0kv4uGZ6L","Radium Development Berhad","WhatsApp Marketing Messages","whatsapp_marketing_message ref: wamid.HBgLNjAxNjIyMTQxMzYVAgARGBIyRjI0NDhDMEM3QUQyNkREQzcA","-","Aug 4th 2025, 03:53:58 PM",0.0903,"311.201645","311.201645","0.000000",0.0903,0
"689066f7bbad858192703c07","E0H7r1mN6ry0kv4uGZ6L","Radium Development Berhad","WhatsApp Marketing Messages","whatsapp_marketing_message ref: wamid.HBgLNjAxMjk5OTc3NzIVAgARGBJCREZDRDlEQTFEMEM4NDI3Q0QA","-","Aug 4th 2025, 03:53:37 PM",0.0903,"311.291945","311.291945","0.000000",0.0903,0
"689066dec2a7f563c56abd6f","E0H7r1mN6ry0kv4uGZ6L","Radium Development Berhad","WhatsApp Marketing Messages","whatsapp_marketing_message ref: wamid.HBgLNjAxOTc1MTMyMjgVAgARGBJDMkNFNjI4QjgxN0YwQURBRDMA","-","Aug 4th 2025, 03:53:27 PM",0.0903,"311.382245","311.382245","0.000000",0.0903,0
"689066cf8c3d6b5978387c71","E0H7r1mN6ry0kv4uGZ6L","Radium Development Berhad","WhatsApp Marketing Messages","whatsapp_marketing_message ref: wamid.HBgLNjAxMDU2ODg5MjcVAgARGBJCMjNGQjdBM0M5RTVCQzIwNTUA","-","Aug 4th 2025, 03:52:50 PM",0.0903,"311.472545","311.472545","0.000000",0.0903,0
"689066a91fccf8a5be772e87","E0H7r1mN6ry0kv4uGZ6L","Radium Development Berhad","WhatsApp Marketing Messages","whatsapp_marketing_message ref: wamid.HBgLNjAxNjI0NTM3NjMVAgARGBI1NkVEQzFDODMyNDhDRjZENDMA","-","Aug 4th 2025, 03:52:10 PM",0.0903,"311.562845","311.562845","0.000000",0.0903,0
"68906690303e356d766c3923","E0H7r1mN6ry0kv4uGZ6L","Radium Development Berhad","WhatsApp Marketing Messages","whatsapp_marketing_message ref: wamid.HBgLNjAxNjc5NTg4MTgVAgARGBJGMzNFODlDRkFGQTc3N0YxMjYA","-","Aug 4th 2025, 03:51:46 PM",0.0903,"311.653145","311.653145","0.000000",0.0903,0
"6890667ac2a7f5c8476aa689","E0H7r1mN6ry0kv4uGZ6L","Radium Development Berhad","WhatsApp Marketing Messages","whatsapp_marketing_message ref: wamid.HBgLNjAxMjcwOTE1MjQVAgARGBIzOEFEMzQ1NzBGOTc3QjcxRjIA","-","Aug 4th 2025, 03:51:22 PM",0.0903,"311.743445","311.743445","0.000000",0.0903,0
"68906653c2a7f5783b6a9caa","E0H7r1mN6ry0kv4uGZ6L","Radium Development Berhad","WhatsApp Marketing Messages","whatsapp_marketing_message ref: wamid.HBgLNjAxMjI3Njc3OTMVAgARGBI0RDIyRDZDQTI4NkI1ODYyQTUA","-","Aug 4th 2025, 03:51:22 PM",0.0903,"311.833745","311.833745","0.000000",0.0903,0
"6890662db1f73281d35ade8b","E0H7r1mN6ry0kv4uGZ6L","Radium Development Berhad","WhatsApp Marketing Messages","whatsapp_marketing_message ref: wamid.HBgLNjAxNjIwMjg3ODIVAgARGBIwNDFDMDNFRDEzQTg2MUM0QUYA","-","Aug 4th 2025, 03:50:43 PM",0.0903,"311.924045","311.924045","0.000000",0.0903,0
"689065dd35c5746e739e5ec3","E0H7r1mN6ry0kv4uGZ6L","Radium Development Berhad","WhatsApp Marketing Messages","whatsapp_marketing_message ref: wamid.HBgLNjAxOTIyNDA2MTIVAgARGBJCN0I5MDdENkY4MDMyMTEzMUIA","-","Aug 4th 2025, 03:50:04 PM",0.0903,"312.014345","312.014345","0.000000",0.0903,0
"689065da303e3510e56c09bc","E0H7r1mN6ry0kv4uGZ6L","Radium Development Berhad","WhatsApp Marketing Messages","whatsapp_marketing_message ref: wamid.HBgLNjAxMjY1MDkwODYVAgARGBIyRjIzQUVFQTkwMzE3MDUxNEUA","-","Aug 4th 2025, 03:48:45 PM",0.0903,"312.104645","312.104645","0.000000",0.0903,0
"6890658fc2a7f5553f6a6526","E0H7r1mN6ry0kv4uGZ6L","Radium Development Berhad","WhatsApp Marketing Messages","whatsapp_marketing_message ref: wamid.HBgLNjAxMjU5Mjk2NDkVAgARGBIwQzI4MTg3MDgyNjk0MjI1QUYA","-","Aug 4th 2025, 03:47:48 PM",0.0903,"312.194945","312.194945","0.000000",0.0903,0
"68906586303e3568d16bed5f","E0H7r1mN6ry0kv4uGZ6L","Radium Development Berhad","WhatsApp Marketing Messages","whatsapp_marketing_message ref: wamid.HBgLNjAxMjgwODkxNTUVAgARGBIwRkM4MkY5NjE2REJEMUY3QzQA","-","Aug 4th 2025, 03:47:27 PM",0.0903,"312.285245","312.285245","0.000000",0.0903,0
"68906562830abef89e63a8db","E0H7r1mN6ry0kv4uGZ6L","Radium Development Berhad","WhatsApp Marketing Messages","whatsapp_marketing_message ref: wamid.HBgLNjAxMjMwOTM0OTIVAgARGBIwQUYwQ0VFMTJDREE0RTAzNDYA","-","Aug 4th 2025, 03:47:18 PM",0.0903,"312.375545","312.375545","0.000000",0.0903,0
"68906536830abe73f1639b29","E0H7r1mN6ry0kv4uGZ6L","Radium Development Berhad","WhatsApp Marketing Messages","whatsapp_marketing_message ref: wamid.HBgLNjAxMjM3MTA2MDEVAgARGBJBQzY0MUE1M0IyNTQwNDhFM0IA","-","Aug 4th 2025, 03:46:42 PM",0.0903,"312.465845","312.465845","0.000000",0.0903,0
"68906531bbad8577356fbc82","E0H7r1mN6ry0kv4uGZ6L","Radium Development Berhad","WhatsApp Marketing Messages","whatsapp_marketing_message ref: wamid.HBgLNjAxMjMxODg2MzMVAgARGBIwRTU2M0Y1QTAyRjMxQjc2MkUA","-","Aug 4th 2025, 03:45:59 PM",0.0903,"312.556145","312.556145","0.000000",0.0903,0
"68906500b1f732131d5a76c5","E0H7r1mN6ry0kv4uGZ6L","Radium Development Berhad","WhatsApp Marketing Messages","whatsapp_marketing_message ref: wamid.HBgLNjAxMjM3Mjc0NTUVAgARGBIzMkEyREExNkJFNjIxNDgzOTAA","-","Aug 4th 2025, 03:45:53 PM",0.0903,"312.646445","312.646445","0.000000",0.0903,0
"689064ecbbad85c36c6f9882","E0H7r1mN6ry0kv4uGZ6L","Radium Development Berhad","WhatsApp Marketing Messages","whatsapp_marketing_message ref: wamid.HBgLNjAxMjI5MjkwMDkVAgARGBIwQ0NFOEFCNzBDMEYxRTRCMEIA","-","Aug 4th 2025, 03:45:03 PM",0.0903,"312.736745","312.736745","0.000000",0.0903,0
"689064d2bbad854a656f90fc","E0H7r1mN6ry0kv4uGZ6L","Radium Development Berhad","WhatsApp Marketing Messages","whatsapp_marketing_message ref: wamid.HBgLNjAxMjM5MjU1NjUVAgARGBJDMDFBMUFBMDBDNjE5NkNCODgA","-","Aug 4th 2025, 03:44:18 PM",0.0903,"312.827045","312.827045","0.000000",0.0903,0
"689064a58c3d6b5e6937cd03","E0H7r1mN6ry0kv4uGZ6L","Radium Development Berhad","WhatsApp Marketing Messages","whatsapp_marketing_message ref: wamid.HBgLNjAxNzY0MTU1NTMVAgARGBJFRUM5N0QwQzUwOTY4MzlCQjYA","-","Aug 4th 2025, 03:44:18 PM",0.0903,"312.917345","312.917345","0.000000",0.0903,0
"689064840d4c116c13eb8986","E0H7r1mN6ry0kv4uGZ6L","Radium Development Berhad","WhatsApp Marketing Messages","whatsapp_marketing_message ref: wamid.HBgLNjAxNjY5MzU4MDIVAgARGBJFMTFCRkQ5NjJENzI1NjU5RjcA","-","Aug 4th 2025, 03:43:33 PM",0.0903,"313.007645","313.007645","0.000000",0.0903,0
"68906441c33a4f1c340a4e8d","E0H7r1mN6ry0kv4uGZ6L","Radium Development Berhad","WhatsApp Marketing Messages","whatsapp_marketing_message ref: wamid.HBgLNjAxNzQ2ODY3MjkVAgARGBIxNzI0MEZCNDg2NzQ4RTA1ODAA","-","Aug 4th 2025, 03:43:00 PM",0.0903,"313.097945","313.097945","0.000000",0.0903,0
"689064118c3d6b82d1379ee4","E0H7r1mN6ry0kv4uGZ6L","Radium Development Berhad","WhatsApp Marketing Messages","whatsapp_marketing_message ref: wamid.HBgLNjAxMjQ5MzkxODYVAgARGBI2Qzc2MTIxMEQwNjI3MTYxQTEA","-","Aug 4th 2025, 03:41:53 PM",0.0903,"313.188245","313.188245","0.000000",0.0903,0
"689063eb46d1f244d2a5b66b","E0H7r1mN6ry0kv4uGZ6L","Radium Development Berhad","WhatsApp Marketing Messages","whatsapp_marketing_message ref: wamid.HBgLNjAxNjY5NDA0MjgVAgARGBI4NDg0ODg3Mjk2NUE4Rjg1ODAA","-","Aug 4th 2025, 03:40:49 PM",0.0903,"313.278545","313.278545","0.000000",0.0903,0
"68906350d4b46e5441c1ba15","rsdW1sEFWbzzULIapmdQ","Platinum Victory","Email Notifications","EmailNotification ref: 6890634eca2587a37f5b5a33","-","Aug 4th 2025, 03:40:04 PM",0.000675,"313.368845","313.368845","0.000000",0.000675,0
"68906350f1d1dd0ed21721a4","rsdW1sEFWbzzULIapmdQ","Platinum Victory","Email Notifications","EmailNotification ref: 6890634e02042f475325079e","-","Aug 4th 2025, 03:37:52 PM",0.000675,"313.369520","313.369520","0.000000",0.000675,0
"68906350c33a4f7fbc0a08d1","rsdW1sEFWbzzULIapmdQ","Platinum Victory","Email Notifications","EmailNotification ref: 6890634d02042f492a250791","-","Aug 4th 2025, 03:37:52 PM",0.000675,"313.370195","313.370195","0.000000",0.000675,0
"68906350b1f7320bdf59ec81","rsdW1sEFWbzzULIapmdQ","Platinum Victory","Email Notifications","EmailNotification ref: 6890634e3f5b8f4c34356b52","-","Aug 4th 2025, 03:37:52 PM",0.000675,"313.370870","313.370870","0.000000",0.000675,0
"68906350b1f732716859ec7e","rsdW1sEFWbzzULIapmdQ","Platinum Victory","Email Notifications","EmailNotification ref: 6890634e65c8369f8d22e3cb","-","Aug 4th 2025, 03:37:52 PM",0.000675,"313.371545","313.371545","0.000000",0.000675,0
"689063501fccf81e86761f02","rsdW1sEFWbzzULIapmdQ","Platinum Victory","Email Notifications","EmailNotification ref: 6890634e147b28409b72afce","-","Aug 4th 2025, 03:37:52 PM",0.000675,"313.372220","313.372220","0.000000",0.000675,0
"689063501fccf80050761f00","rsdW1sEFWbzzULIapmdQ","Platinum Victory","Email Notifications","EmailNotification ref: 6890634df7250376e2284eae","-","Aug 4th 2025, 03:37:52 PM",0.000675,"313.372895","313.372895","0.000000",0.000675,0
"689063501fccf8c853761ed9","rsdW1sEFWbzzULIapmdQ","Platinum Victory","Email Notifications","EmailNotification ref: 6890634ec8612226f2305821","-","Aug 4th 2025, 03:37:52 PM",0.000675,"313.373570","313.373570","0.000000",0.000675,0
"6890634f46d1f21b3fa588da","rsdW1sEFWbzzULIapmdQ","Platinum Victory","Email Notifications","EmailNotification ref: 6890634e505ead3a85a300ce","-","Aug 4th 2025, 03:37:52 PM",0.000675,"313.374245","313.374245","0.000000",0.000675,0
"6890634f46d1f2b2f8a588d4","rsdW1sEFWbzzULIapmdQ","Platinum Victory","Email Notifications","EmailNotification ref: 6890634e895dd72fd5f894de","-","Aug 4th 2025, 03:37:52 PM",0.000675,"313.374920","313.374920","0.000000",0.000675,0
"6890634fc33a4fbcb30a08ca","rsdW1sEFWbzzULIapmdQ","Platinum Victory","Email Notifications","EmailNotification ref: 6890634eff6562e177f87262","-","Aug 4th 2025, 03:37:51 PM",0.000675,"313.375595","313.375595","0.000000",0.000675,0
"6890634fc33a4f71ba0a08c7","rsdW1sEFWbzzULIapmdQ","Platinum Victory","Email Notifications","EmailNotification ref: 6890634e3881c64e8fef8bcc","-","Aug 4th 2025, 03:37:51 PM",0.000675,"313.376270","313.376270","0.000000",0.000675,0
"6890634f35c574b2519d8650","rsdW1sEFWbzzULIapmdQ","Platinum Victory","Email Notifications","EmailNotification ref: 6890634d3ed2dd70e7d56e98","-","Aug 4th 2025, 03:37:51 PM",0.000675,"313.376945","313.376945","0.000000",0.000675,0
"6890634fc33a4fba250a08ab","rsdW1sEFWbzzULIapmdQ","Platinum Victory","Email Notifications","EmailNotification ref: 6890634d21797b60c007a93d","-","Aug 4th 2025, 03:37:51 PM",0.000675,"313.377620","313.377620","0.000000",0.000675,0
"689062380d4c11ed5ceadd9a","tCDIsdPF3Em8dZW3fc0B","MKH Berhad","Workflow - Premium Features","Workflow - Premium Features (inbound_webhook)","-","Aug 4th 2025, 03:33:12 PM",0.01,"313.378295","313.378295","0.000000",0.01,0
"68906238d4b46e0f63c16a4a","tCDIsdPF3Em8dZW3fc0B","MKH Berhad","Workflow - Premium Features","Workflow - Premium Features (inbound_webhook)","-","Aug 4th 2025, 03:33:12 PM",0.01,"313.388295","313.388295","0.000000",0.01,0
"6890622546d1f2df33a53088","tCDIsdPF3Em8dZW3fc0B","MKH Berhad","Workflow - Premium Features","Workflow - Premium Features (inbound_webhook)","-","Aug 4th 2025, 03:32:53 PM",0.01,"313.398295","313.398295","0.000000",0.01,0
"689062258c3d6b5334370d01","tCDIsdPF3Em8dZW3fc0B","MKH Berhad","Workflow - Premium Features","Workflow - Premium Features (inbound_webhook)","-","Aug 4th 2025, 03:32:53 PM",0.01,"313.408295","313.408295","0.000000",0.01,0
"689061c435c5746cd59d0ad6","E0H7r1mN6ry0kv4uGZ6L","Radium Development Berhad","WhatsApp Marketing Messages","whatsapp_marketing_message ref: wamid.HBgLNjAxOTMxMTY5MTEVAgARGBJEMUU3ODIzRjUyMjM2M0Y4RUMA","-","Aug 4th 2025, 03:31:17 PM",0.0903,"313.418295","313.418295","0.000000",0.0903,0
"6890616720fbf96e4e9a7097","E0H7r1mN6ry0kv4uGZ6L","Radium Development Berhad","WhatsApp Marketing Messages","whatsapp_marketing_message ref: wamid.HBgLNjAxODI2MTg5ODAVAgARGBJDRDYwMEEzRERGMjQwRkY0MjQA","-","Aug 4th 2025, 03:29:44 PM",0.0903,"313.508595","313.508595","0.000000",0.0903,0
"689060f2f1d1ddf59c16560c","E0H7r1mN6ry0kv4uGZ6L","Radium Development Berhad","WhatsApp Marketing Messages","whatsapp_marketing_message ref: wamid.HBgLNjAxMjQyODUzODkVAgARGBI1QzRDRUU0Qzg0QzEyQTJBQjYA","-","Aug 4th 2025, 03:27:46 PM",0.0903,"313.598895","313.598895","0.000000",0.0903,0
"6890607cd4b46e2dcdc0dd71","E0H7r1mN6ry0kv4uGZ6L","Radium Development Berhad","WhatsApp Marketing Messages","whatsapp_marketing_message ref: wamid.HBgLNjAxMjU0MzAyNzUVAgARGBJGMDA5NDczRkIxRUIyOEUxNDkA","-","Aug 4th 2025, 03:25:49 PM",0.0903,"313.689195","313.689195","0.000000",0.0903,0
"68906007b1f732a30658fb60","E0H7r1mN6ry0kv4uGZ6L","Radium Development Berhad","WhatsApp Marketing Messages","whatsapp_marketing_message ref: wamid.HBgLNjAxNjI4ODE5MDMVAgARGBIwNjI5MDg5RjM4MzVCMjA4MDkA","-","Aug 4th 2025, 03:23:51 PM",0.0903,"313.779495","313.779495","0.000000",0.0903,0
"68905fb7c2a7f541c168afd8","E0H7r1mN6ry0kv4uGZ6L","Radium Development Berhad","WhatsApp Marketing Messages","whatsapp_marketing_message ref: wamid.HBgLNjAxMzM1MTIwMDMVAgARGBJGRDZDOTE3OTlCQjUwREFDMUQA","-","Aug 4th 2025, 03:22:31 PM",0.0903,"313.869795","313.869795","0.000000",0.0903,0
"68905f85b1f732bdf458e37d","tCDIsdPF3Em8dZW3fc0B","MKH Berhad","Workflow - Premium Features","Workflow - Premium Features (inbound_webhook)","-","Aug 4th 2025, 03:21:41 PM",0.01,"313.960095","313.960095","0.000000",0.01,0
"68905f85303e35b48f6a2ae0","tCDIsdPF3Em8dZW3fc0B","MKH Berhad","Workflow - Premium Features","Workflow - Premium Features (inbound_webhook)","-","Aug 4th 2025, 03:21:41 PM",0.01,"313.970095","313.970095","0.000000",0.01,0
"68905f73c33a4f712408feda","E0H7r1mN6ry0kv4uGZ6L","Radium Development Berhad","WhatsApp Marketing Messages","whatsapp_marketing_message ref: wamid.HBgLNjAxNDk2ODk5ODQVAgARGBI0NUYyODY5NTM5OTlERjc1MDYA","-","Aug 4th 2025, 03:21:24 PM",0.0903,"313.980095","313.980095","0.000000",0.0903,0
"68905f4846d1f2584da474bf","E0H7r1mN6ry0kv4uGZ6L","Radium Development Berhad","WhatsApp Marketing Messages","whatsapp_marketing_message ref: wamid.HBgLNjAxOTQxMjIzNTYVAgARGBJENzVGQkI5NEU4QjlDMTVDRTIA","-","Aug 4th 2025, 03:20:40 PM",0.0903,"314.070395","314.070395","0.000000",0.0903,0
"68905eee303e353df06a0964","VfZvkCL9M13RPHNpCGPi","Alpha Galaxy Group","Workflow - Premium Features","Workflow - Premium Features (inbound_webhook)","-","Aug 4th 2025, 03:19:11 PM",0.01,"314.160695","314.160695","0.000000",0.01,0
"68905edf46d1f2e145a45e60","BXuCudh2EKUEmv1gC4ai","SJ360","Emails","Email ref: KPTPibJOvWAaesxN6ALu","-","Aug 4th 2025, 03:18:55 PM",0.000675,"314.170695","314.170695","0.000000",0.000675,0
"68905ecfd3cd2a0903cee9b9","BXuCudh2EKUEmv1gC4ai","SJ360","Emails","Email ref: 5Bfg1xBJii42O9yXDpG6","-","Aug 4th 2025, 03:18:39 PM",0.000675,"314.171370","314.171370","0.000000",0.000675,0
"68905ecdd3cd2a388bcee99f","BXuCudh2EKUEmv1gC4ai","SJ360","Email Notifications","EmailNotification ref: 68905ecc5674787f03c298dc","-","Aug 4th 2025, 03:18:38 PM",0.002025,"314.172045","314.172045","0.000000",0.002025,0
"68905ec020fbf9244399f84b","E0H7r1mN6ry0kv4uGZ6L","Radium Development Berhad","WhatsApp Marketing Messages","whatsapp_marketing_message ref: wamid.HBgLNjAxMjIwMTE0NDkVAgARGBI4Njk2RTIzQzBDQUU1NkQ4NTIA","-","Aug 4th 2025, 03:18:24 PM",0.0903,"314.174070","314.174070","0.000000",0.0903,0
"68905c108c3d6b11d934d7d6","tCDIsdPF3Em8dZW3fc0B","MKH Berhad","Workflow - Premium Features","Workflow - Premium Features (inbound_webhook)","-","Aug 4th 2025, 03:06:56 PM",0.01,"314.264370","314.264370","0.000000",0.01,0
"68905c10d4b46e3ef8bf275a","tCDIsdPF3Em8dZW3fc0B","MKH Berhad","Workflow - Premium Features","Workflow - Premium Features (inbound_webhook)","-","Aug 4th 2025, 03:06:56 PM",0.01,"314.274370","314.274370","0.000000",0.01,0
"68905a36d4b46e300cbda139","tCDIsdPF3Em8dZW3fc0B","MKH Berhad","Workflow - Premium Features","Workflow - Premium Features (inbound_webhook)","-","Aug 4th 2025, 02:59:03 PM",0.01,"314.284370","314.284370","0.000000",0.01,0
"68905a36d4b46e7227bda13b","tCDIsdPF3Em8dZW3fc0B","MKH Berhad","Workflow - Premium Features","Workflow - Premium Features (inbound_webhook)","-","Aug 4th 2025, 02:59:03 PM",0.01,"314.294370","314.294370","0.000000",0.01,0
"68905a350d4c119bb5e71c78","tCDIsdPF3Em8dZW3fc0B","MKH Berhad","Workflow - Premium Features","Workflow - Premium Features (inbound_webhook)","-","Aug 4th 2025, 02:59:01 PM",0.01,"314.304370","314.304370","0.000000",0.01,0
"68905a350d4c1100dce71c71","tCDIsdPF3Em8dZW3fc0B","MKH Berhad","Workflow - Premium Features","Workflow - Premium Features (inbound_webhook)","-","Aug 4th 2025, 02:59:01 PM",0.01,"314.314370","314.314370","0.000000",0.01,0
"689059448c3d6b8b21331f99","MfDp0AqaeLg78p4R0k3Y","MKH Berhad Feedback","Emails","Email ref: UiANZIHqvrfti9G6V8og","-","Aug 4th 2025, 02:55:00 PM",0.000675,"314.324370","314.324370","0.000000",0.000675,0
"68905814d3cd2a6681cb7589","WphrMU0x3Ocd2pEpBJcH","Demo","Workflow - Premium Features","Workflow - Premium Features (inbound_webhook)","-","Aug 4th 2025, 02:49:56 PM",0.01,"314.325045","314.325045","0.000000",0.01,0
"689056cc20fbf9da3e961d9d","tCDIsdPF3Em8dZW3fc0B","MKH Berhad","Workflow - Premium Features","Workflow - Premium Features (inbound_webhook)","-","Aug 4th 2025, 02:44:29 PM",0.01,"314.335045","314.335045","0.000000",0.01,0
"689056ccc2a7f5624c649f2e","tCDIsdPF3Em8dZW3fc0B","MKH Berhad","Workflow - Premium Features","Workflow - Premium Features (inbound_webhook)","-","Aug 4th 2025, 02:44:29 PM",0.01,"314.345045","314.345045","0.000000",0.01,0
"689055a5b1f732e405549ae0","tCDIsdPF3Em8dZW3fc0B","MKH Berhad","Workflow - Premium Features","Workflow - Premium Features (inbound_webhook)","-","Aug 4th 2025, 02:39:33 PM",0.01,"314.355045","314.355045","0.000000",0.01,0
"689055a51fccf8fc2870d2d2","tCDIsdPF3Em8dZW3fc0B","MKH Berhad","Workflow - Premium Features","Workflow - Premium Features (inbound_webhook)","-","Aug 4th 2025, 02:39:33 PM",0.01,"314.365045","314.365045","0.000000",0.01,0
"689055a3c33a4ff10504ba8f","tCDIsdPF3Em8dZW3fc0B","MKH Berhad","Workflow - Premium Features","Workflow - Premium Features (inbound_webhook)","-","Aug 4th 2025, 02:39:31 PM",0.01,"314.375045","314.375045","0.000000",0.01,0
"689055a30d4c11feeae5e7bf","tCDIsdPF3Em8dZW3fc0B","MKH Berhad","Workflow - Premium Features","Workflow - Premium Features (inbound_webhook)","-","Aug 4th 2025, 02:39:31 PM",0.01,"314.385045","314.385045","0.000000",0.01,0
"689055a0c2a7f537936453f2","tCDIsdPF3Em8dZW3fc0B","MKH Berhad","Workflow - Premium Features","Workflow - Premium Features (inbound_webhook)","-","Aug 4th 2025, 02:39:28 PM",0.01,"314.395045","314.395045","0.000000",0.01,0
"689055a0f1d1ddb6ab11d31d","tCDIsdPF3Em8dZW3fc0B","MKH Berhad","Workflow - Premium Features","Workflow - Premium Features (inbound_webhook)","-","Aug 4th 2025, 02:39:28 PM",0.01,"314.405045","314.405045","0.000000",0.01,0
"68905402d4b46e34f9bbcccd","tCDIsdPF3Em8dZW3fc0B","MKH Berhad","Workflow - Premium Features","Workflow - Premium Features (inbound_webhook)","-","Aug 4th 2025, 02:32:34 PM",0.01,"314.415045","314.415045","0.000000",0.01,0
"68905402d4b46e2504bbccbf","tCDIsdPF3Em8dZW3fc0B","MKH Berhad","Workflow - Premium Features","Workflow - Premium Features (inbound_webhook)","-","Aug 4th 2025, 02:32:34 PM",0.01,"314.425045","314.425045","0.000000",0.01,0
"689053ef46d1f205009f91bd","aIzvZ3CF67w8uUjkPchx","Triple Three Properties Sdn Bhd (Asia Green)","Workflow - Premium Features","Workflow - Premium Features (inbound_webhook)","-","Aug 4th 2025, 02:32:15 PM",0.01,"314.435045","314.435045","0.000000",0.01,0
"68904f2e303e353e5463daef",,,"Email Notifications","EmailNotification ref: 68904f2cf72503640d26a0d3","-","Aug 4th 2025, 02:11:58 PM",0.015525,"314.445045","314.445045","0.000000",0.015525,0
"68904b4e830abe30a8598b84","rtYVCVKq2G8uI1Q38qda","AGB Land Sdn Bhd","WhatsApp Marketing Messages","whatsapp_marketing_message ref: wamid.HBgLNjAxODI2MTkyMDcVAgARGBI3RjAyMDY2RTEyRjk2RDE0QjEA","-","Aug 4th 2025, 01:55:26 PM",0.0903,"314.460570","314.460570","0.000000",0.0903,0
"68904995c33a4f66da005269","rsdW1sEFWbzzULIapmdQ","Platinum Victory","WhatsApp Marketing Messages","whatsapp_marketing_message ref: wamid.HBgLNjAxMDIxOTk0NTAVAgARGBIzOTMzMDE0NkI2NUFCQTc2MUYA","-","Aug 4th 2025, 01:48:05 PM",0.0903,"314.550870","314.550870","0.000000",0.0903,0
"6890498335c5745df093cac8","rsdW1sEFWbzzULIapmdQ","Platinum Victory","Workflow - Premium Features","Workflow - Premium Features (inbound_webhook)","-","Aug 4th 2025, 01:47:47 PM",0.01,"314.641170","314.641170","0.000000",0.01,0
"68904894b1f7326ded4ff62b","tCDIsdPF3Em8dZW3fc0B","MKH Berhad","Workflow - Premium Features","Workflow - Premium Features (inbound_webhook)","-","Aug 4th 2025, 01:43:48 PM",0.01,"314.651170","314.651170","0.000000",0.01,0
"68904894303e352255613e25","tCDIsdPF3Em8dZW3fc0B","MKH Berhad","Workflow - Premium Features","Workflow - Premium Features (inbound_webhook)","-","Aug 4th 2025, 01:43:48 PM",0.01,"314.661170","314.661170","0.000000",0.01,0
"6890489220fbf9adfe912fa9","tCDIsdPF3Em8dZW3fc0B","MKH Berhad","Workflow - Premium Features","Workflow - Premium Features (inbound_webhook)","-","Aug 4th 2025, 01:43:46 PM",0.01,"314.671170","314.671170","0.000000",0.01,0
"68904892b1f73253ac4ff5ee","tCDIsdPF3Em8dZW3fc0B","MKH Berhad","Workflow - Premium Features","Workflow - Premium Features (inbound_webhook)","-","Aug 4th 2025, 01:43:46 PM",0.01,"314.681170","314.681170","0.000000",0.01,0
"68904868c2a7f5022d5fa573","tCDIsdPF3Em8dZW3fc0B","MKH Berhad","Workflow - Premium Features","Workflow - Premium Features (inbound_webhook)","-","Aug 4th 2025, 01:43:04 PM",0.01,"314.691170","314.691170","0.000000",0.01,0
"68904868f1d1dd28790d29ea","tCDIsdPF3Em8dZW3fc0B","MKH Berhad","Workflow - Premium Features","Workflow - Premium Features (inbound_webhook)","-","Aug 4th 2025, 01:43:04 PM",0.01,"314.701170","314.701170","0.000000",0.01,0
"6890484235c5749bf7938bee","tCDIsdPF3Em8dZW3fc0B","MKH Berhad","Workflow - Premium Features","Workflow - Premium Features (inbound_webhook)","-","Aug 4th 2025, 01:42:26 PM",0.01,"314.711170","314.711170","0.000000",0.01,0
"689046f2bbad852a6464d82b","tCDIsdPF3Em8dZW3fc0B","MKH Berhad","Workflow - Premium Features","Workflow - Premium Features (inbound_webhook)","-","Aug 4th 2025, 01:36:51 PM",0.01,"314.721170","314.721170","0.000000",0.01,0
"689046f2303e35335a60fe06","tCDIsdPF3Em8dZW3fc0B","MKH Berhad","Workflow - Premium Features","Workflow - Premium Features (inbound_webhook)","-","Aug 4th 2025, 01:36:51 PM",0.01,"314.731170","314.731170","0.000000",0.01,0
"689046f0830abe001d58c984","E0H7r1mN6ry0kv4uGZ6L","Radium Development Berhad","Workflow - Premium Features","Workflow - Premium Features (inbound_webhook)","-","Aug 4th 2025, 01:36:48 PM",0.01,"314.741170","314.741170","0.000000",0.01,0
"689045d70d4c117d76e0c51d","rsdW1sEFWbzzULIapmdQ","Platinum Victory","WhatsApp Marketing Messages","whatsapp_marketing_message ref: wamid.HBgLNjAxNDc3NTg5OTIVAgARGBJBOEIzNTM5NDYwNjA1ODUyNzMA","-","Aug 4th 2025, 01:32:07 PM",0.0903,"314.751170","314.751170","0.000000",0.0903,0
"689045c2303e35e89660be9e","rsdW1sEFWbzzULIapmdQ","Platinum Victory","Workflow - Premium Features","Workflow - Premium Features (inbound_webhook)","-","Aug 4th 2025, 01:31:46 PM",0.01,"314.841470","314.841470","0.000000",0.01,0
"6890451a46d1f26bd19ae240","jH41Z47TXtote3u6rh92","OCR Group Berhad","Workflow - Premium Features","Workflow - Premium Features (inbound_webhook)","-","Aug 4th 2025, 01:28:59 PM",0.01,"314.851470","314.851470","0.000000",0.01,0
"68903ff4bbad8547cf636f15","rsdW1sEFWbzzULIapmdQ","Platinum Victory","WhatsApp Marketing Messages","whatsapp_marketing_message ref: wamid.HBgMNjAxMTE2ODg4MDI2FQIAERgSRTIyRDY3QzYyMDU4QUY1MEFCAA==","-","Aug 4th 2025, 01:07:00 PM",0.0903,"314.861470","314.861470","0.000000",0.0903,0
"68903ef6d4b46eafacb5a6c6","rsdW1sEFWbzzULIapmdQ","Platinum Victory","WhatsApp Marketing Messages","whatsapp_marketing_message ref: wamid.HBgLNjAxMjUxNDIxMzEVAgARGBIwNzkxMUU0MUIyRkQ0QkUwMzYA","-","Aug 4th 2025, 01:03:01 PM",0.0903,"314.951770","314.951770","0.000000",0.0903,0
"68903ed4c33a4f3284fdeabc","rsdW1sEFWbzzULIapmdQ","Platinum Victory","WhatsApp Marketing Messages","whatsapp_marketing_message ref: wamid.HBgLNjAxMzY5MzE0ODcVAgARGBI1MDBDMzAxOEI3QzdEMTJBNUIA","-","Aug 4th 2025, 01:02:13 PM",0.0903,"315.042070","315.042070","0.000000",0.0903,0
"68903ea41fccf840e469cf72","rsdW1sEFWbzzULIapmdQ","Platinum Victory","WhatsApp Marketing Messages","whatsapp_marketing_message ref: wamid.HBgLNjAxNjU4ODM0NTUVAgARGBI0NkZCODY1MzA4QzZBNUIwM0QA","-","Aug 4th 2025, 01:01:24 PM",0.0903,"315.132370","315.132370","0.000000",0.0903,0
"68903e4f20fbf90e478e81f6","rsdW1sEFWbzzULIapmdQ","Platinum Victory","WhatsApp Marketing Messages","whatsapp_marketing_message ref: wamid.HBgLNjAxMzgyNDk3MTkVAgARGBJDODQ2RjlGQzc5RDY1ODcxQTYA","-","Aug 4th 2025, 01:00:00 PM",0.0903,"315.222670","315.222670","0.000000",0.0903,0
"68903cf1830abe0d1b5624a2","rtYVCVKq2G8uI1Q38qda","AGB Land Sdn Bhd","WhatsApp Marketing Messages","whatsapp_marketing_message ref: wamid.HBgLNjAxMjc0NTcxOTgVAgARGBJBRDY3NDk3RjIwRTMxQThFOTYA","-","Aug 4th 2025, 12:54:09 PM",0.0903,"315.312970","315.312970","0.000000",0.0903,0